hypothesis,answer,index,strength_score
GW3965 (Liver X receptor agonist; Sigma-Aldrich catalog G7035),"Proposal for GW3965 (Liver X receptor agonist; Sigma-Aldrich catalog G7035)

Overview of Therapeutic Candidate  
GW3965 is a synthetic, small-molecule agonist of the liver X receptors (LXRs), the oxysterol-sensing nuclear receptors encoded by NR1H3 (LXRα) and NR1H2 (LXRβ) that heterodimerize with RXR and regulate transcriptional programs governing cholesterol/lipid homeostasis and inflammatory gene expression (classically inducing ABCA1/ABCG1 and repressing NF-κB–responsive genes) (Choudhary et al., 2020; Sene & Apte, 2014). In retinal contexts, LXR expression is documented in human RPE and neural retina, and LXR-immunopositive fragments are present in drusen from AMD donor eyes, with RPE LXR expression declining with age—supporting biological relevance of this axis to AMD pathogenesis (Choudhary et al., 2020). As a therapeutic class, LXR agonists have been widely explored preclinically for diseases of lipid dysregulation and inflammation; they enhance cholesterol efflux via ABCA1/ABCG1 and attenuate proinflammatory signaling in myeloid and glial cells, and in ocular models have shown protective effects against lipid accumulation, gliosis, and choroidal neovascularization (CNV) depending on ligand and model (Lei et al., 2017; Sene & Apte, 2014; Tang et al., 2024; Wu et al., 2023). GW3965 and the related agonist TO901317 cross the blood–brain barrier in rodents, an important practical consideration for systemic delivery to reach posterior eye tissues; however, detailed ocular pharmacokinetics for GW3965 are not reported in the provided literature (Choudhary et al., 2020).

The LXR agonist class carries known on-target metabolic liabilities—hepatic lipogenesis and hypertriglyceridemia via SREBP-1c induction—with efforts focused on improving tissue selectivity or local delivery to mitigate systemic adverse effects; some ligands (e.g., TO901317) also exhibit nuclear receptor off-targets (FXR/PXR), a confound that is less emphasized for GW3965 but still warrants scrutiny in development (Choudhary et al., 2020; Sene & Apte, 2014). In sum, GW3965 is a prototypical nonsteroidal LXRα/β agonist in a class with robust mechanistic rationale for addressing lipid accumulation and inflammation in AMD-relevant tissues (Choudhary et al., 2020).

Therapeutic History  
- Systemic and CNS applications: LXR agonists reduce atherosclerotic lesion development in mice via ABCA1/ABCG1–dependent reverse cholesterol transport but are limited by hypertriglyceridemia and hepatic steatosis; in CNS injury, GW3965 improved functional recovery after mild repetitive traumatic brain injury in mice in an apoE-dependent manner, indicating efficacy in neuroinflammation/neurodegeneration models (Choudhary et al., 2020; Sene & Apte, 2014).  
- Retinal/ocular preclinical data with GW3965:  
  - Dry AMD–relevant lipid/inflammation model (apoB100 mice): Dietary GW3965 for 5 months induced LXR target engagement in RPE–choroid (Abca1 +54%, Srebp1c +35% in n = 2) and produced significant morphological and molecular improvements: fewer hypopigmented fundus regions, reduced retinal gliosis (decreased GFAP), 77% reduction of APOE+ Bruch’s membrane length fraction, and ~81% fewer ADGRE1+ subretinal macrophage-like cells (borderline significance), with ultrastructural preservation of RPE basal infoldings and fewer sub-RPE deposits; body weight and systemic HDL/LDL/VLDL were unchanged, suggesting no overt systemic lipid perturbation over the dosing period (Choudhary et al., 2020). These data validate posterior-segment exposure and support disease-modifying activity on extracellular lipoprotein deposition and local inflammation in a model of early dry AMD (Choudhary et al., 2020).  
  - Cellular models of RPE lipid and oxidative stress: In primary human RPE and macaque CECs, GW3965 increased LXR promoter activity and induced canonical LXR targets (FASN, SREBF1) in an LXR-dependent manner (siNR1H3/NR1H2 reversed activity), and showed ligand-selective protection—GW3965 uniquely prevented mitochondrial injury and neutral lipid accumulation under fatty acid overload (palmitic acid, α-linolenic acid), whereas TO901317 protected against oxidant injury (NaIO₃, H₂O₂, cigarette smoke extract) (Choudhary et al., 2020). In oxysterol (7-ketocholesterol, 7KCh) injury models, systemic or cellular GW3965 reduced lipid droplet accumulation, decreased 7KCh deposition, preserved mitochondrial membrane potential, reduced ROS and apoptosis, and promoted mitophagy (reduced p62, LC3I/II, mTOR), with siLXRα partially abrogating mitochondrial protection, implicating LXRα as a key mediator (Xie et al., 2022). Notably, an earlier ARPE-19 study found no protection by 1 µM GW3965 against 25-OHC, 27-OHC, or 7-KC–induced cytotoxicity or mitochondrial membrane potential loss, underscoring model- and context-dependence of efficacy (Dasari, 2012).  
  - Ocular safety in mouse GW3965 studies is limited to statements of “absence of overt systemic toxicities” and unchanged systemic lipoproteins in the apoB100 experiment, with no detailed ocular PK or chronic ocular toxicology available in the provided documents; ARPE-19 viability decreases at ≥ 2.5 µM GW3965 suggests a narrow in vitro window but does not directly translate to ocular in vivo tolerability (Choudhary et al., 2020; Xie et al., 2022).  
- Class evidence with other LXR agonists in retina:  
  - Aβ₁–₄₀ retinal inflammation model: TO901317 (TO90) upregulated LXRα and ABCA1 in neuroretina and RPE/choroid, suppressed NF-κB signaling (reduced IκBα phosphorylation, reduced TNF-α/IL-6), inhibited the NLRP3–caspase-1–IL-1β pathway, lowered microglial activation, and preserved ERG function, highlighting dual anti-inflammatory and lipid-efflux pathway engagement via LXRα–ABCA1 (Lei et al., 2017).  
  - OxLDL-driven CNV: Intravitreal TO90 reduced CNV lesion area and lipid accumulation, suppressed NF-κB p65 nuclear translocation in RPE, and acted via ABCG1-mediated cholesterol handling in this context, indicating model- and tissue-specific transporter reliance (Wu et al., 2023).  
  - Topical ocular LXR agonist in aged mice restored tissue-specific cholesterol efflux capacity and decreased CNV, supporting local delivery as a strategy to avoid systemic metabolic AEs (Sene & Apte, 2014).  
- Target genetics and disease linkage:  
  - LXR pathway loss produces AMD-like pathology. Nr1h3−/− mice display extracellular neutral/oxidized lipid accumulation below RPE and within BrM (ORO+, E06+), APOE deposition, disrupted RPE basal infoldings, reduced choriocapillary fenestrations, and increased RPE autofluorescence; Nr1h2−/− mice accumulate large intracellular lipid droplets within RPE (lipoidal degeneration), indicating LXRα and LXRβ differentially regulate extracellular versus intracellular lipid homeostasis in the outer retina (Choudhary et al., 2020). LXR-deficient mice exhibit heightened proinflammatory mediators, whereas LXR activation represses inflammatory genes in ocular tissues (Nos2, Il6, Il1b), providing a mechanistic rationale for LXR agonism in dry AMD phenotypes (Choudhary et al., 2020).  
  - ABCA1/ABCG1 are essential for RPE lipid efflux; RPE-specific Abca1;Abcg1 deletion causes marked lipid accumulation, RPE morphological changes, and age-dependent retinal degeneration, with Abca1 playing a dominant role in early RPE lipid homeostasis (Storti et al., 2019). In iPSC-RPE and murine RPE/choroid exposed to hypoxia, LXR agonism increases ABCA1 expression and significantly increases cholesterol efflux while reducing intracellular lipid accumulation, though not fully normalizing lipid load—supporting class feasibility for correcting efflux defects in stress conditions (Peters et al., 2022).

No clinical trials or human ocular PK/safety for GW3965 in AMD are presented in the provided literature; complement readouts (C3/C5) and drusen clearance metrics are largely absent from GW3965-focused studies (Choudhary et al., 2020; Dasari, 2012). Claims that GW3965 modulates retinal complement (C3/C5) or reduces fundus C3b deposition are not supported in these sources (Choudhary et al., 2020; Dasari, 2012).

Mechanism of Action  
LXRs integrate lipid metabolism and inflammatory signaling through ligand-dependent transcriptional activation and transrepression mechanisms. GW3965 binds the ligand-binding pocket of LXRα/β, promoting heterodimerization with RXR and recruitment of coactivators to LXR response elements, upregulating cholesterol efflux and lipid-handling genes (e.g., ABCA1, ABCG1, APOE) and lipogenic genes (SREBF1, FASN), while transrepressing NF-κB–responsive inflammatory genes in myeloid and glial lineages (e.g., iNOS, COX-2, IL-6, IL-1β) (Choudhary et al., 2020; Choudhary & Malek, 2016; Sene & Apte, 2014). In RPE and choroidal endothelial models, LXR agonists induce FASN and SREBF1 in an LXR-dependent manner (siNR1H3/NR1H2 abrogates), confirming pathway engagement in AMD-vulnerable ocular cells; concomitantly, ligand-specific cytoprotective effects emerge under distinct stressors—GW3965 preferentially counters lipid overload and intracellular neutral lipid accumulation, aligning with its impact on lipid transport programs (Choudhary et al., 2020).

In vivo, dietary GW3965 in apoB100 mice increases LXR target expression (Abca1, Srebp1c) in RPE–choroid, decreases APOE deposition within Bruch’s membrane, reduces GFAP immunoreactivity, and lowers subretinal ADGRE1+ macrophage-like cells, consistent with enhanced cholesterol efflux and reduced extracellular lipoprotein deposition (Choudhary et al., 2020). Ultrastructurally, GW3965 preserves RPE basal infoldings and reduces sub-RPE deposits, consistent with restored lipid handling through LXR-controlled efflux programs (Choudhary et al., 2020).

At the level of innate immune signaling, LXR agonists suppress NF-κB activation by inhibiting IκBα phosphorylation/degradation and reducing nuclear translocation of p65, thereby reducing proinflammatory cytokine transcription; they also dampen activation of the NLRP3 inflammasome (reducing caspase-1 activation and mature IL-1β/IL-18) as shown convincingly with TO901317 in Aβ₁–₄₀ retinal inflammation (Lei et al., 2017). These anti-inflammatory mechanisms are compatible with the described LXR-dependent transrepression in macrophages, microglia, and astrocytes (e.g., suppression of iNOS, COX-2, TNF-α, IL-6) (Choudhary & Malek, 2016). While these data underpin strong anti-inflammatory effects of LXR activation, direct evidence that GW3965 downregulates complement genes (C3, C5) or reduces ocular complement activation in dry AMD models is not provided in the cited literature (Choudhary et al., 2020).

Mitochondrial protection and mitophagy modulation have emerged as additional LXR-mediated mechanisms in RPE under oxysterol stress; GW3965 preserves mitochondrial membrane potential, reduces ROS, and increases mitophagy flux (decreases p62, LC3I/II, mTOR), with siLXRα attenuating these effects—positioning LXRα as a principal isoform for mitochondrial homeostasis under lipid peroxidation stress (Xie et al., 2022). However, an ARPE-19 study reported no protection by 1 µM GW3965 against cytotoxicity or mitochondrial depolarization induced by several oxysterols, highlighting that efficacy depends on oxysterol species, concentrations, treatment timing, and cellular context (Dasari, 2012).

Genetic data clarify pathway control points: LXRα (Nr1h3) primarily governs extracellular lipid deposition and BrM/sub-RPE deposit formation; LXRβ (Nr1h2) controls intracellular RPE lipid droplets. Loss of LXR signaling establishes a proinflammatory state and compromises RPE structure, while pharmacological activation reverses many AMD-relevant readouts (Choudhary et al., 2020). In RPE lipid efflux, ABCA1 has a dominant role early, with ABCG1 contributing additively; loss of these transporters precipitates RPE degeneration, and LXR agonism can increase ABCA1 and cholesterol efflux in iPSC-RPE under hypoxia, reducing intracellular lipid burden (Peters et al., 2022; Storti et al., 2019).

Safety and selectivity considerations intrinsic to the mechanism include SREBP-1c–mediated lipogenesis and hypertriglyceridemia as on-target hepatic effects of systemic LXR agonists; off-target nuclear receptor activation is notable for TO901317 (FXR/PXR), whereas GW3965 is primarily an LXR agonist, a relative advantage if confirmed by broad profiling (Choudhary et al., 2020; Sene & Apte, 2014). Local ocular delivery has been shown to maintain efficacy (restored cholesterol efflux, reduced CNV) while potentially minimizing systemic lipogenesis (Sene & Apte, 2014).

Expected Effect  
Relative to the stated hypothesis—“GW3965 will modulate RPE lipid metabolism and innate immunity in dry AMD by activating LXRα/β, up-regulating cholesterol efflux transporters (ABCA1/G1) to clear drusen-associated lipids, and suppressing NF-κB–driven complement gene expression (C3, C5) and pro-IL-1β transcription”—the following expectations are supported or unsupported by the cited literature:

- RPE/outer-retina lipid metabolism and drusen-associated lipids:  
  • Supported: GW3965 activates LXR signaling in RPE–choroid in vivo (Abca1, Srebp1c induction), reduces sub-RPE/BrM lipoprotein deposition (APOE), preserves RPE ultrastructure, and reduces gliosis and subretinal macrophage accumulation in apoB100 mice (Choudhary et al., 2020). In vitro, GW3965 uniquely limits neutral lipid accumulation in RPE under fatty acid overload and protects mitochondria in lipid-stressed cells (Choudhary et al., 2020). GW3965 also reduces 7KCh/lipid droplet accumulation and oxidative stress in mouse retina and ARPE-19, with LXRα-dependence for mitochondrial stabilization, further supporting improved lipid handling/oxidative resilience (Xie et al., 2022). Given LXRα/β expression in human RPE and drusen localization, target expression is appropriate in the cell type being assayed (Choudhary et al., 2020).  
  • Mechanistic nuance: While ABCA1 upregulation is documented in vivo with GW3965, ABCG1 modulation was not reported in the apoB100 study; other retinal models emphasize ABCG1 (e.g., OxLDL/CNV with TO90), and RPE genetic studies assign a dominant early role to ABCA1 in efflux, implying transporter redundancy and context specificity (Choudhary et al., 2020; Storti et al., 2019; Wu et al., 2023). iPSC-RPE data show that LXR agonists can boost ABCA1 expression/efflux and reduce intracellular lipids under hypoxia, consistent with the hypothesis but without specific quantitative data for GW3965 in that model in the provided texts (Peters et al., 2022).  
- Innate immunity and inflammasome priming:  
  • Supported (class-level): LXR agonists transrepress NF-κB signaling and reduce proinflammatory mediators in myeloid/glial lineages; TO901317 in retina inhibited NF-κB (IκBα phosphorylation) and suppressed the NLRP3–caspase-1–IL-1β axis while upregulating LXRα/ABCA1 in neuroretina and RPE/choroid, preserving retinal function in Aβ-driven inflammation (Choudhary & Malek, 2016; Lei et al., 2017). GW3965 reduces markers of inflammation (GFAP, ADGRE1) in apoB100 mice, compatible with LXR-mediated immunomodulation in vivo (Choudhary et al., 2020).  
  • Not supported: Direct suppression of complement gene expression (C3, C5) or reduction in local complement activation (e.g., C3b deposition) by GW3965 is not demonstrated in the provided literature; complement endpoints were not reported in the apoB100 GW3965 experiments nor in the in vitro RPE studies cited (Choudhary et al., 2020). Although lipid dyshomeostasis can potentiate complement activation in AMD models, translation of LXR agonism to reduced ocular complement activation remains unproven in the current evidence base (Tang et al., 2024).  
- Assay-level outcomes we can reasonably expect:  
  • In RPE loaded with fatty acids or oxysterols: increased LXR target gene expression (SREBF1/FASN; ABCA1 in some contexts), decreased neutral lipid accumulation (Oil Red O), preserved mitochondrial membrane potential, reduced ROS and apoptosis, and increased mitophagy flux (Choudhary et al., 2020; Xie et al., 2022). A prior negative in vitro result under different oxysterol conditions underscores the need to align assay design with conditions where GW3965 efficacy has been observed (e.g., 7KCh or fatty acid overload) (Dasari, 2012).  
  • In vivo in lipid-driven early AMD models (e.g., apoB100): reduced APOE+ BrM burden, reduced GFAP and subretinal ADGRE1+ cells, improved OCT/fundus hypopigmentation, and preserved RPE ultrastructure; local Abca1/Srebp1c induction can serve as a posterior-segment target-engagement biomarker (Choudhary et al., 2020).  
  • Complement readouts (C3/C5, C3b): no expectation of effect can be justified based on the provided data; such endpoints must be prospectively tested (Choudhary et al., 2020).

Overall Evaluation  
Strengths  
- Compelling target biology and human disease relevance: LXRα/β are expressed in human RPE/retina, decline with age, and LXR-immunopositive fragments localize to drusen in AMD eyes, directly linking the pathway to diseased tissue; genetic loss of LXRα/β recapitulates critical dry AMD features (extracellular BrM lipid deposition, oxidized lipid accumulation, RPE ultrastructural defects, and chronic inflammatory tone), providing strong target validation (Choudhary et al., 2020).  
- In vivo efficacy of GW3965 in a lipid-driven AMD-relevant model: In apoB100 mice, chronic dietary GW3965 engages LXR targets in RPE–choroid, reduces extracellular APOE deposition in Bruch’s membrane, improves retinal morphology and ultrastructure (RPE basal infoldings), and decreases gliosis and subretinal macrophages, collectively addressing core dry AMD pathobiology (lipid deposition and local inflammation) (Choudhary et al., 2020).  
- Mechanism-concordant cellular efficacy with ligand-specificity: In RPE models, GW3965 uniquely prevents lipid-induced mitochondrial injury and neutral lipid accumulation (contrasting with TO901317’s oxidant-protective bias), aligning with the central role of lipid dyshomeostasis in early dry AMD; GW3965 also protects against 7KCh lipotoxicity by stabilizing mitochondrial function and enhancing mitophagy via LXRα (Choudhary et al., 2020; Xie et al., 2022).  
- Class anti-inflammatory mechanisms that could secondarily reduce inflammasome priming: LXR agonists suppress NF-κB and reduce key cytokines; TO901317 in vivo demonstrates inhibition of the NLRP3–caspase-1–IL-1β axis while activating LXRα/ABCA1 in retina, indicating that LXR-driven lipid efflux and innate immune modulation can be co-engaged in ocular tissue (Lei et al., 2017).  
- Systemic exposure can reach the posterior segment; preliminary tolerability: LXR agonists cross the BBB and systemic GW3965 induced posterior eye target engagement (Abca1/Srebp1c) without changes in systemic HDL/LDL/VLDL in apoB100 mice over 5 months and without overt toxicities, supporting feasibility of oral or systemic routes for discovery-stage testing (Choudhary et al., 2020).

Weaknesses and Gaps  
- Complement pathway claims are unsupported for GW3965: No data in the provided literature show that GW3965 suppresses ocular C3/C5 expression or reduces local complement activation (e.g., C3b deposition) in AMD-relevant models; complement endpoints were not reported in the apoB100 GW3965 study or the in vitro RPE experiments presented (Choudhary et al., 2020). As such, the part of the hypothesis asserting complement suppression by GW3965 remains speculative.  
- Heterogeneity and context-dependence of in vitro efficacy: While several studies show robust protection by GW3965 under 7KCh or fatty acid overload, at least one ARPE-19 study documented no protection against cytotoxicity or mitochondrial depolarization induced by multiple oxysterols at 1 µM GW3965, highlighting dependence on ligand concentration, oxysterol species, timing, and cellular context (Dasari, 2012). This necessitates careful assay design and translational modeling.  
- Limited quantitative transporter data for GW3965 in ocular tissues: The apoB100 study reports Abca1/Srebp1c induction (small n) but not ABCG1; several cell studies measured FASN/SREBF1 without ABCA1/ABCG1 quantification; while class biology and genetic studies implicate ABCA1/ABCG1, direct, quantitative, dose–response data linking GW3965 to ABCA1/ABCG1 protein induction and functional efflux in human primary RPE are sparse in the provided literature (Choudhary et al., 2020; Storti et al., 2019).  
- Pharmacokinetics and safety: Ocular PK, tissue exposure, and ocular half-life are not defined for GW3965; systemic LXR agonists drive lipogenesis/hypertriglyceridemia via SREBP-1c and pose translational risk, although apoB100 mice did not show systemic lipoprotein changes under the reported conditions (Choudhary et al., 2020; Sene & Apte, 2014). TO901317 has known off-targets (FXR/PXR); while GW3965 is more selective, broad profiling in ocular tissues is not presented (Choudhary et al., 2020).  
- No human data in AMD and limited model breadth: There are no reported clinical trials or human ocular safety data for GW3965 in AMD; efficacy is established in one chronic lipid-driven mouse model (apoB100) with small sample sizes for some readouts, and in acute 7KCh models; validation across multiple dry AMD models (e.g., Cfh+/−, Abca4−/−, smoke exposure, aged Nr1h3−/−) with complement and functional endpoints is lacking (Choudhary et al., 2020; Tang et al., 2024).

Decision-Relevant Synthesis and Next Steps  
From a drug development perspective, GW3965 addresses two core pathobiologic features of early dry AMD—outer-retina lipid accumulation and chronic para-inflammation—through a single validated pathway with demonstrated ocular tissue engagement and morphologic rescue in vivo (apoB100), plus mechanistic cellular effects that match the lipid-driven disease milieu (Choudhary et al., 2020). These features support advancing GW3965 or an optimized LXR agonist into a rigorous preclinical program focused on dry AMD. However, the complement-suppression component of the stated hypothesis is not supported by the provided evidence and should be reframed: any effects of GW3965 on complement (C3/C5 expression or activation) remain untested and must be established de novo in AMD-relevant systems (Choudhary et al., 2020).

Given class liabilities, translation should prioritize ocular-targeted delivery (e.g., topical, suprachoroidal, or intravitreal formulations) to reduce systemic lipogenesis risk while achieving sufficient posterior-segment exposure; topical LXR agonism restored cholesterol efflux and reduced CNV in old mice, supporting the feasibility of local delivery (Sene & Apte, 2014). If systemic dosing is pursued for discovery-stage breadth, metabolic safety biomarkers (triglycerides, liver fat) should be rigorously monitored, and ocular target engagement confirmed by Abca1/Srebp1c induction in RPE–choroid (Choudhary et al., 2020).

Critical experiment set to de-risk and validate:  
- Pharmacology and PK/PD:  
  • Ocular PK in rodents and a larger species (e.g., rabbit, NHP) for GW3965, measuring retina/RPE–choroid concentrations after topical, periocular, and systemic dosing; correlate with ex vivo target gene induction (Abca1, Srebp1c) (Choudhary et al., 2020).  
- Mechanism in primary human RPE:  
  • Dose–response for GW3965 on ABCA1/ABCG1 mRNA/protein and functional cholesterol efflux (apoA-I/HDL acceptors), mitochondrial function (JC-1), ROS, and lipid accumulation (ORO/BODIPY) under physiologically relevant stresses (fatty acid overload, 7KCh, hypoxia); include siNR1H3/NR1H2 to define isoform contributions (Choudhary et al., 2020; Peters et al., 2022).  
- Disease model breadth and complement endpoints:  
  • Extend efficacy beyond apoB100 mice to models with complement dysregulation (e.g., Cfh+/− ± high-fat diet) and oxidative/lipid stress (Abca4−/−, cigarette smoke); measure complement transcripts (C3, C5), proteins (C3b/iC3b deposition in BrM/subretinal space), and activation (C5a) alongside lipid deposition (APOE, ORO/E06) and inflammation (GFAP, Iba1/ADGRE1) (Tang et al., 2024).  
- Functional outcomes:  
  • ERG and OCT endpoints to quantify photoreceptor/RPE function and structural preservation, as used in apoB100 and Aβ models (Choudhary et al., 2020; Lei et al., 2017).  
- Safety:  
  • Systemic lipids, hepatic histology, and ocular tolerability (IOP, corneal clarity, ERG) for local and systemic routes; refine formulation to maximize posterior-segment delivery with minimal systemic exposure (Sene & Apte, 2014).

Overall, GW3965 is a mechanistically coherent and preclinically supported candidate for dry AMD, with strengths in correcting lipid efflux defects and dampening local retinal inflammation, and with evidence of posterior-segment target engagement and morphologic rescue in a relevant mouse model (apoB100) (Choudhary et al., 2020). The major caveats are absence of demonstrated effects on ocular complement pathways, heterogeneity in in vitro oxysterol cytoprotection, limited ocular PK/safety data, and class metabolic liabilities—collectively necessitating a development strategy built around ocular delivery, rigorous PD biomarkers, and expansion into complement-relevant AMD models (Choudhary et al., 2020; Dasari, 2012; Sene & Apte, 2014).

Given these considerations, my recommendation is to advance GW3965 as a lead for ocular LXR agonism with the following framing: primary objective—demonstrate robust, dose-dependent correction of RPE lipid efflux and reduction of BrM/sub-RPE lipoprotein deposition and para-inflammation; exploratory objective—test whether LXR activation secondarily reduces complement priming/activation in models where complement is pathologically engaged, without assuming this effect a priori (Choudhary et al., 2020; Lei et al., 2017).

References  
Choudhary, M., Ismail, E. N., Yao, P.-L., Tayyari, F., Radu, R. A., Nusinowitz, S., Boulton, M. E., Apte, R. S., Ruberti, J. W., Handa, J. T., Tontonoz, P., & Malek, G. (2020). Lxrs regulate features of age-related macular degeneration and may be a potential therapeutic target. JCI Insight. https://doi.org/10.1172/jci.insight.131928

Choudhary, M., & Malek, G. (2016). A brief discussion on lipid activated nuclear receptors and their potential role in regulating microglia in age-related macular degeneration (AMD). Advances in Experimental Medicine and Biology, 854, 45–51. https://doi.org/10.1007/978-3-319-17121-0_7

Dasari, B. C. (2012). Cholesterol dyshomeostasis and age related macular degeneration. [Journal name unknown].

Lei, C., Lin, R., Wang, J., Tao, L., Fu, X., Qiu, Y., & Lei, B. (2017). Amelioration of amyloid β-induced retinal inflammatory responses by a LXR agonist TO901317 is associated with inhibition of the NF-κB signaling and NLRP3 inflammasome. Neuroscience, 360, 48–60. https://doi.org/10.1016/j.neuroscience.2017.07.053

Peters, F., Ebner, L. J. A., Atac, D., Maggi, J., Berger, W., den Hollander, A. I., & Grimm, C. (2022). Regulation of ABCA1 by AMD-associated genetic variants and hypoxia in iPSC-RPE. International Journal of Molecular Sciences. https://doi.org/10.3390/ijms23063194

Sene, A., & Apte, R. S. (2014). Eyeballing cholesterol efflux and macrophage function in disease pathogenesis. Trends in Endocrinology and Metabolism, 25, 107–114. https://doi.org/10.1016/j.tem.2013.10.007

Storti, F., Klee, K., Todorova, V., Steiner, R., Othman, A., van der Velde-Visser, S., Samardzija, M., Meneau, I., Barben, M., Karademir, D., Pauzuolyte, V., Boye, S. L., Blaser, F., Ullmer, C., Dunaief, J. L., Hornemann, T., Rohrer, L., den Hollander, A. I., von Eckardstein, A., Fingerle, J., Maugeais, C., & Grimm, C. (2019). Impaired ABCA1/ABCG1-mediated lipid efflux in the mouse retinal pigment epithelium (RPE) leads to retinal degeneration. eLife, 8, e45100. https://doi.org/10.7554/eLife.45100

Tang, S., Yang, J., Xiao, B., Wang, Y., Lei, Y., Lai, D., & Qiu, Q. (2024). Aberrant lipid metabolism and complement activation in age-related macular degeneration. Investigative Ophthalmology & Visual Science, 65. https://doi.org/10.1167/iovs.65.12.20

Wu, T., Wei, X., Dang, K., Tao, M., Lv, B., Chen, T., Zhang, Z., Zhou, J., & Du, H. (2023). Liver X receptor agonist inhibits oxidized low-density lipoprotein–induced choroidal neovascularization via the NF-κB signaling pathway. Journal of Clinical Medicine, 12, 1674. https://doi.org/10.3390/jcm12041674

Xie, L., Gu, Q., Wu, X., & Yin, L.-L. (2022). Activation of LXRs reduces oxysterol lipotoxicity in RPE cells by promoting mitochondrial function. Nutrients, 14, 2473. https://doi.org/10.3390/nu14122473

Full trajectory link: https://dev.platform.edisonscientific.com/trajectories/
",4,1.4314615688963253
H-151 (STING palmitoylation inhibitor; Tocris catalog 6321),"Proposal for H-151 (STING palmitoylation inhibitor; Tocris catalog 6321)

Overview of Therapeutic Candidate  
H-151 is a small-molecule STING antagonist identified by a cell-based chemical screen of nitrofuran-derived covalent ligands that target the STING palmitoylation site, a post-translational modification required for STING activation at the Golgi apparatus (Cys88/Cys91) (Wu et al., 2020; Hong et al., 2022; Zhang et al., 2023). H-151 covalently modifies Cys91 on STING to prevent activation-induced palmitoylation and thereby blocks downstream signaling; unlike the earlier mouse-biased C-176 and C-178 chemotypes, H-151 inhibits both human and mouse STING, making it more suitable for translational exploration (Hong et al., 2022). Across in vitro systems, H-151 shows low- to mid-micromolar cellular potency in reporter assays and sub-micromolar activity in some primary cell contexts; reported values include IC₅₀ ~134 nM in human foreskin fibroblasts (HFFs) and ~1 µM in engineered 293T reporter lines expressing human or mouse STING (Zhang et al., 2023; Chang et al., 2023; Hong et al., 2021). The compound is lipophilic and poorly water soluble (LogP > 3; pKₐ ~11.5), features that have driven formulation efforts such as lipid nanocapsules and mesoporous nanoparticle carriers in non-ocular indications (Guilbaud et al., 2025; Chen et al., 2025).

Mechanistically and chemically, H-151 belongs to the class of covalent STING palmitoylation inhibitors that block Cys88/Cys91 palmitoylation to prevent STING clustering and TBK1 recruitment at the Golgi, a step required to license IRF3 and NF-κB signaling (Zhang et al., 2023; Hong et al., 2022). This class has been widely examined preclinically across sterile inflammatory diseases with diversified upstream DNA-damage/retroelement triggers—including TREX1 deficiency, Aicardi-Goutières syndrome models, chronic neuroinflammation, and metabolic/injury models—where STING antagonism reduces type I interferon and inflammatory cytokine production (Hong et al., 2022; Duggan et al., 2025). In retinal biology, STING is expressed in disease-relevant cell types (RPE, microglia) and is upregulated in macular tissue from dry AMD patients, providing a direct rationale to consider a STING antagonist for geographic atrophy (GA) (Hu et al., 2023; Zou et al., 2022).

Therapeutic History  
No clinical use of H-151 has been reported; the compound and its class remain at a preclinical stage (Chang et al., 2023). Preclinical in vivo efficacy has been shown outside the eye. In Trex1⁻/⁻ auto-inflammation models, covalent STING palmitoylation inhibitors (including H-151) reduce systemic IFN responses, inflammatory gene expression and multi-tissue inflammatory pathology, establishing proof-of-mechanism for antagonizing chronic STING activation in vivo (Qu et al., 2025; Wu et al., 2020). In an acute intestinal ischemia–reperfusion model, intraperitoneal H-151 (10 mg/kg) reduced intestinal pIRF3, proinflammatory cytokines, neutrophil infiltration, tissue injury, and improved 24-h survival, with corroborating in vitro suppression of IFN-β in macrophage-like cells (Kobritz et al., 2022). The same covalent class has broadly ameliorated inflammation in diverse models (AGS, ALS, Niemann–Pick type C, chronic kidney disease, psoriasis), underscoring disease-agnostic anti-inflammatory potential, though these data are not ocular (Hong et al., 2022).

In ocular systems, multiple lines of evidence support STING pathway targeting but do not yet include retinal in vivo data for H-151 specifically. In ARPE-19 RPE cells, H-151 prevented VEGF overproduction induced by senescence/oxidative stress, directly implicating STING pharmacology in an RPE disease-relevant output (Hu et al., 2023). Genetic and pharmacologic attenuation of the cGAS–STING axis protects retinal tissues across oxidative and nucleic-acid–driven injury models: sodium iodate–induced retinal degeneration is exacerbated by a STING agonist and rescued by the mouse-biased STING inhibitor C-176 or by BRD4 inhibition with JQ1, which epigenetically represses STING and enhances autophagic clearance of cytosolic DNA (Hu et al., 2023; Zou et al., 2022). In ischemic/angiogenic models, STING signaling is upregulated in retinal microglia and choroidal macrophages, and intravitreal C-176 or the CDN-pocket antagonist SN-011 suppress pathological angiogenesis and leakage; STING deficiency likewise blunts neovascularization, while a microglia-directed natural product (cryptotanshinone) reduces STING activation and disease readouts in OIR (Ni et al., 2024; Qiu et al., 2025). In AMD-relevant RPE degeneration paradigms, Alu DNA accumulation triggers cGAS–STING activation and downstream type I IFN–inflammasome cascades, and genetic ablation of cGAS, STING or downstream nodes (IFNAR, IRF3, caspase-4) rescues Alu DNA toxicity in rodents; human GA RPE are enriched in Alu DNA, supporting translational relevance (Hu et al., 2023). Collectively, the retina/RPE therapeutic precedent strongly supports STING pathway targeting per se, although no published in vivo retinal study of H-151 has been identified in the provided corpus, and the claim that intravitreal H-151 preserves RPE and ERG in mouse retinal injury models is not supported by these sources (Hu et al., 2023; Zou et al., 2022; Ni et al., 2024).

Mechanism of Action  
Pathway context. Cytosolic double-stranded DNA—released from mitochondria or nuclei under oxidative stress, membrane damage, or retroelement biology—is sensed by cGAS to generate 2′3′-cGAMP, which binds and activates ER-resident STING (TMEM173) (Hu et al., 2023; Wu et al., 2019). STING translocates to the ERGIC/Golgi and requires palmitoylation at Cys88/Cys91 to form active clusters that recruit TBK1; downstream, IRF3 phosphorylation drives type I interferon programs and NF-κB signaling induces inflammatory cytokines and sensor/adaptor components that prime inflammasomes and SASP (Kobritz et al., 2022; Hu et al., 2023; Wu et al., 2019). In retinal disease, oxidative stress, mitochondrial dysfunction, and Alu DNA accumulation are convergent triggers for cGAS–STING activation in RPE and microglia; sustained activation amplifies cytokine production (IFN-β, IL-6), primes the noncanonical NLRP3 cascade (via type I IFN), and promotes apoptosis/necroptosis in retinal cells (Hu et al., 2023; Zhou et al., 2023; Hu et al., 2023).

H-151 molecular pharmacology. H-151 covalently modifies STING at Cys91, a residue in the N-terminal region whose palmitoylation (along with Cys88) is essential for activation-induced clustering and signalosome assembly at the Golgi (Zhang et al., 2023; Hong et al., 2022). This covalent engagement inhibits STING palmitoylation, blocks TBK1 recruitment/activation, and thus prevents IRF3 phosphorylation and IFN-I induction in stimulated cells (Zhang et al., 2023; Hong et al., 2022). In multiple cellular systems, H-151 suppresses cGAMP-induced IRF and NF-κB reporter activation and reduces type I IFN and cytokine transcripts (e.g., Ifnb, Cxcl10, Il6) with sub- to low-micromolar potency (Hong et al., 2021; Chang et al., 2023). In murine macrophage-like lines and primary macrophage-enriched systems, H-151 reduces IFN-β and TNF-α after STING activation; for example, screening in J774 macrophages showed robust suppression of cGAS–STING outputs (–84 % IFN-β and TNF-α) and in RAW264.7 cells H-151 reduced rmCIRP-induced IFN-β (Guilbaud et al., 2025; Kobritz et al., 2022). In vivo, H-151 attenuates pIRF3 activation and cytokine production in the intestine after ischemia–reperfusion and improves survival (Kobritz et al., 2022). Biophysically, H-151 appears to prevent the Golgi-palmitoylation–dependent clustering step (sometimes described as blocking activation-induced “clustering” at the Golgi), consistent with the covalent Cys91 blockade (Qiu et al., 2025; Zhang et al., 2023). There is also evidence that STING can be routed to endolysosomal degradation as a homeostatic off-switch; by analogy to cryptotanshinone’s promotion of lysosomal STING degradation in microglia, some authors hypothesize H-151 may likewise shift STING toward lysosomal clearance, though this specific degradation mechanism for H-151 remains inferential in the provided texts (Qiu et al., 2025).

Species and allele considerations. The covalent palmitoylation class exhibits species selectivity: C-176/C-178 mainly inhibit mouse STING, whereas H-151 is active on human STING (Hong et al., 2022). Human STING genetic polymorphisms modulate signaling; common haplotypes (including the HAQ loss-of-function variant) differ in CDN responsiveness, with potential implications for pharmacodynamics and patient selection (Hu et al., 2023). In cellular pharmacology, H-151 potency is cell context and allele dependent: it is potent in THP-1 monocytes (which harbor the HAQ allele) but shows reduced potency in wild-type STING reporter cells and little activity in primary human monocytes/PBMCs, indicating important translational uncertainties for primary human tissues (Barasa et al., 2023). These observations raise a need to assay H-151 activity across relevant human retinal cell types (RPE, microglia) with native STING haplotypes.

Selectivity and off-target risk. Covalent Cys-reactive inhibitors that target palmitoylation sites carry off-target risks because other palmitoylated proteins and accessible cysteines in the proteome can be modified; chemical proteomics has highlighted proteome-wide reactivity for H-151 and related chemotypes, emphasizing the importance of selectivity profiling and ocular safety assessment (Barasa et al., 2023; Hong et al., 2022; Ni et al., 2024). These liabilities contrast with CDN-pocket antagonists such as SN-011, which have shown high potency and may have a different selectivity/PD profile, including ability to suppress pathologic STING activation across triggers (TREX1⁻/⁻, cGAMP, SAVI variants) (Hong et al., 2021; Hong et al., 2022).

Ocular cell biology relevance. STING is expressed in RPE and retinal microglia, with increased expression and promoter accessibility in maculae from dry AMD patients; cGAS/STING activation is detected in oxidative injury models with cytosolic DNA leakage and microglial infiltration (Hu et al., 2023; Zou et al., 2022). STING signaling in senescent/oxidatively stressed RPE can drive VEGF production via NF-κB/HIF-1α, and H-151 prevented VEGF overproduction in senescent ARPE-19 cells, indicating on-target modulation of a disease-linked RPE readout (Hu et al., 2023). In microglia, disease-associated activation of STING promotes inflammatory cytokines and neovascularization; genetic deletion of Sting or pharmacologic STING inhibition reduces microglial activation, inflammatory gene expression, necroptosis (RIP1/RIP3/MLKL), and pathological angiogenesis in OIR/CNV models (Qiu et al., 2025; Ni et al., 2024; Qiu et al., 2025). In AMD-relevant RPE degeneration, Alu cDNA and mtDNA leakage activate cGAS–STING to prime a type I IFN program that licenses noncanonical NLRP3 inflammasome activation and RPE apoptosis; genetic ablation along the axis rescues RPE toxicity and degeneration (Zhou et al., 2023; Hu et al., 2023). Notably, pathway redundancy exists: in some RPE models dsRNA/RIG-I or ZBP1 can substitute for cGAS to drive IFN programs; these context-dependent sensors introduce translational uncertainty on how uniformly RPE pathology is STING-dependent in humans (Hu et al., 2023; Hu et al., 2023; Zhou et al., 2023).

Expected Effect  
If H-151 achieves sufficient exposure in RPE and retinal microglia, the expected pharmacodynamic effects are:  
- Reduced STING palmitoylation/clustering at the Golgi and diminished recruitment/activation of TBK1, lowering p-IRF3 and downstream type I IFN gene expression (e.g., IFNB1, ISGs) and attenuating NF-κB signaling (e.g., IL6, CCL/CXCL chemokines) (Zhang et al., 2023; Kobritz et al., 2022; Hong et al., 2021).  
- In RPE, decreased oxidative-stress/senescence-associated VEGF induction and cytokine secretion; this is directly supported by ARPE-19 data where H-151 prevented senescence-induced VEGF overproduction and is consistent with STING’s role in NF-κB/HIF-1α-driven VEGF signaling in RPE (Hu et al., 2023).  
- In microglia, dampened STING-dependent inflammatory activation and necroptosis, which should reduce pro-angiogenic factor release (e.g., FGF2) and lower vascular leakage/tuft area in neovascular contexts; analogous outcomes have been demonstrated with other STING inhibitors (C-176, SN-011) and with genetic STING loss (Ni et al., 2024; Ni et al., 2024).  
- In AMD-relevant degenerative settings, reduced type I IFN priming of the noncanonical inflammasome (caspase-4/11 → caspase-1 → gasdermin D → IL-18) and decreased RPE apoptosis, consistent with the rescue observed upon genetic ablation of cGAS/STING/IFNAR/IRF3 in Alu DNA–driven RPE toxicity models (Zhou et al., 2023; Hu et al., 2023).

Assay-level predictions follow from these mechanisms and precedents:  
- In vitro RPE assays: H-151 should suppress mtDNA- or Alu cDNA–induced IL-6/IL-8 and VEGF secretion; the former is STING-dependent in ARPE-19 cells by siRNA, and the latter was H-151-sensitive in senescent RPE (Hu et al., 2023). Readouts: IFN-β, ISGs, NF-κB target genes, p-TBK1/p-IRF3, cytosolic dsDNA burden, autophagy flux (Hu et al., 2023; Zhou et al., 2023; Zou et al., 2022).  
- Microglia assays: H-151 should lower STING translocation, p-TBK1/p-NF-κB, and reduce ROS-mtDNA–STING feed-forward signaling; although these outcomes have been shown for CTS and for genetic/pharmacologic STING inhibition, they have not been directly tested for H-151 in retinal microglia (Qiu et al., 2025).  
- Retinal oxidative injury models (e.g., sodium iodate): based on C-176 and JQ1 outcomes, H-151 would be expected to reduce cGAS–STING activation, cytosolic DNA accumulation, inflammatory cytokines, and photoreceptor/RPE degeneration; however, direct in vivo ocular evidence for H-151 is currently lacking in the provided literature (Hu et al., 2023; Zou et al., 2022).  
- GA-relevant Alu DNA models: given the genetic rescue by STING loss-of-function, H-151 would be expected to protect RPE from Alu DNA toxicity; this remains to be demonstrated pharmacologically (Hu et al., 2023).

Critical uncertainties and constraints must temper these expectations:  
- Cell-type and allele dependence: H-151 potency can be reduced in wild-type STING contexts and in primary human immune cells, and retinal cell haplotypes are unknown a priori; these factors necessitate direct potency/PD assessment in human RPE and microglia derived from donors with defined STING haplotypes (Barasa et al., 2023; Hu et al., 2023).  
- Delivery/exposure: H-151’s lipophilicity and low solubility complicate ocular delivery; intravitreal dosing is plausible but demands formulation optimization and ocular PK studies, while topical and systemic routes are unlikely to achieve retinal exposure without specialized carriers (e.g., lipid nanocapsules, nanoporous vehicles), which have been explored outside the retina (Guilbaud et al., 2025; Chen et al., 2025).  
- Target selectivity: proteome-wide cysteine reactivity and off-target palmitoylation blockade raise risks for retinal toxicity and require thorough chemoproteomics and functional selectivity screening in ocular cells (Barasa et al., 2023; Hong et al., 2022).

Overall Evaluation  
Strengths  
- Strong target validation in AMD-relevant biology. STING is expressed in RPE and retinal microglia and is upregulated in macular retina/RPE from dry AMD patients; oxidative injury and nucleic acid triggers activate cGAS–STING in the retina, and genetic/pharmacologic pathway suppression ameliorates inflammation, degeneration, and pathological angiogenesis (Hu et al., 2023; Zou et al., 2022; Zou et al., 2022; Ni et al., 2024). STING knockout protects RPE from inflammation-driven degeneration, reinforcing the causal role of this node (Hu et al., 2023).  
- RPE and microglia relevance. H-151 directly prevented VEGF overproduction in senescent RPE cells, a disease-linked phenotype, implicating pharmacological STING antagonism in a clinically relevant RPE output; microglial STING is a validated driver of inflammatory/angiogenic pathology in vivo (albeit tested with other inhibitors/genetics), providing a plausible microglial target for H-151 (Hu et al., 2023; Qiu et al., 2025; Ni et al., 2024).  
- Mechanistic fit. H-151’s palmitoylation-site blockade aligns precisely with the conserved requirement for STING palmitoylation/clustering at the Golgi to activate TBK1/IRF3 and NF-κB; its cross-species activity (vs C-176/C-178) supports translational development (Hong et al., 2022; Zhang et al., 2023).  
- Anti-inflammatory efficacy precedent. H-151 reduces interferon and cytokine outputs in macrophage systems and exerts protective effects in vivo in non-ocular inflammatory models (Trex1⁻/⁻, intestinal I/R), demonstrating on-target pathway suppression and physiologic benefit (Guilbaud et al., 2025; Kobritz et al., 2022; Kobritz et al., 2022; Qu et al., 2025).  
- Biomarkerizable PD. The pathway affords clear PD markers applicable to retina—p-TBK1/p-IRF3, IFN-I signature, NF-κB gene sets, cytosolic DNA burden, autophagy flux—and optical/functional endpoints (ERG, OCT, fundus angiography) have proven sensitive to STING axis modulation in extant studies (Zou et al., 2022; Zhou et al., 2023; Wang et al., 2022).

Weaknesses and risks  
- Lack of published in vivo ocular data for H-151. There are no reports identified here of intravitreal or systemic H-151 dosing demonstrating retinal efficacy, safety, or ocular PK; favorable outcomes in retina to date involve other STING inhibitors (C-176, SN-011) or BRD4 inhibition (JQ1) (Hu et al., 2023; Zou et al., 2022; Ni et al., 2024). Therefore, the asserted intravitreal efficacy, 24-h ocular stability, and clean systemic safety of H-151 in retinal models remain unsubstantiated in these sources (Kobritz et al., 2022).  
- Primary human cell potency and allele dependence. H-151 is potent in THP-1 (HAQ STING) but shows reduced potency in wild-type STING reporter cells and minimal activity in primary human monocytes/PBMCs; these findings mandate direct testing in primary human RPE/microglia and consideration of STING haplotype effects in translational planning (Barasa et al., 2023; Hu et al., 2023).  
- Covalent mechanism liabilities. Proteome-wide cysteine reactivity and off-target palmitoylation inhibition are highlighted risks for this class, raising retinal safety concerns (e.g., unintended modification of palmitoylated synaptic or phototransduction proteins) that must be derisked via chemoproteomics and functional selectivity assays in ocular cell types (Barasa et al., 2023; Hong et al., 2022; Ni et al., 2024).  
- Delivery/PK gaps. H-151’s physicochemical properties necessitate formulation work; while lipid nanocapsules and mesoporous nanozymes have been explored for GI and anterior-segment uses, retinal delivery and ocular tissue distribution remain to be established for H-151 (Guilbaud et al., 2025; Chen et al., 2025). No ocular PK, intraocular half-life, or retinal distribution data are available in the provided corpus (Guilbaud et al., 2025).  
- Biology heterogeneity and redundancy. In some RPE systems, nucleic acid sensing is dominated by RIG-I or ZBP1 rather than cGAS; moreover, disease- and cell state-dependent pathway usage has been reported, introducing the possibility that STING blockade may be variably effective across AMD phenotypes (Hu et al., 2023; Hu et al., 2023; Zhou et al., 2023).  
- Immune-safety tradeoffs and chronic dosing. While concerns about cytokine storm primarily affect agonists, chronic systemic STING suppression can impair antitumor and antiviral immunity; STING knockout mice show increased tumorigenesis susceptibility and reduced vaccine responses, arguing for locally restricted ocular delivery and infection surveillance in development (Garland et al., 2022; Hu et al., 2023).

Assessment against the proposal’s five claims  
1) Target validation: Supported, with nuance. cGAS–STING activation by cytosolic mtDNA and Alu cDNA is implicated in RPE degeneration and retinal inflammation; STING and cGAS knockouts rescue Alu DNA toxicity in vivo, and STING deficiency prevents RPE degeneration in inflammatory contexts (Hu et al., 2023; Hu et al., 2023; Hu et al., 2023). However, sensor redundancy in RPE (RIG-I/ZBP1) suggests context-dependent contributions (Hu et al., 2023).  
2) Mechanistic specificity: Substantially supported. H-151 covalently modifies Cys91 to block palmitoylation and TBK1/IRF3 signaling; IC₅₀ values span ~0.13 µM (HFFs) to ~1 µM (293T reporter), consistent with the “~0.5 µM” order-of-magnitude claim, though potency varies by system and allele (Zhang et al., 2023; Chang et al., 2023; Barasa et al., 2023).  
3) Preclinical evidence in retina: Not supported for H-151. There is no published evidence here of intravitreal H-151 reducing retinal STING markers, IL-1β, or preserving RPE/ERG; analogous evidence exists for other STING inhibitors (C-176, SN-011) and for BRD4 inhibition (JQ1) (Zou et al., 2022; Ni et al., 2024). The in vitro RPE senescence result with H-151 (VEGF suppression) is a supportive, but limited, ocular datum (Hu et al., 2023).  
4) Translational considerations (stability/safety): Not supported by the provided literature. The only in vivo dosing details are from an acute intestinal injury model (single 10 mg/kg IP dose), with no ocular PK or chronic safety data; claims of ocular stability >24 h and “clean” systemic safety at 30 mg/kg are not documented here (Kobritz et al., 2022). Class-level concerns about proteome-wide reactivity and off-target palmitoylation emphasize the need for careful derisking (Barasa et al., 2023; Hong et al., 2022).  
5) Novelty: Supported conceptually. STING inhibition integrates upstream mitochondrial and nucleic acid-danger signaling to dampen both IFN-I and NF-κB/inflammasome arms—highly relevant to AMD pathophysiology and complementary to complement/NLRP3-focused strategies (Hu et al., 2023; Zhou et al., 2023; Hu et al., 2023).

Go/no-go perspective and development recommendations  
On target/pathway grounds, STING antagonism is a compelling strategy for GA: STING is upregulated in human macular retina/RPE in dry AMD, and genetic/pharmacologic attenuation of the axis reduces retinal inflammation, degeneration, and pathological angiogenesis in multiple models (Zou et al., 2022; Hu et al., 2023; Zou et al., 2022; Ni et al., 2024). H-151, specifically, has a validated molecular mechanism that directly intercepts the palmitoylation-dependent activation step and demonstrates anti-inflammatory efficacy in vivo outside the eye and on disease-relevant RPE outputs in vitro (Hong et al., 2022; Kobritz et al., 2022; Hu et al., 2023). However, the absence of published in vivo retinal efficacy, ocular PK, and ocular safety data for H-151, coupled with evidence of reduced activity in primary human immune cells, allele-dependent potency, and proteome-wide reactivity, argues against immediate advancement of H-151 to IND-enabling studies for GA without a focused preclinical package to derisk these issues (Barasa et al., 2023; Hong et al., 2022).

A prudent development path would:  
- Confirm target engagement and potency in primary human RPE and microglia (donor-derived, with haplotype stratification), using PD markers (p-TBK1/p-IRF3, IFN-I/NF-κB signatures, IL-18) and disease-relevant triggers (mtDNA, Alu cDNA, oxidative stress), with parallel comparison to a noncovalent CDN-pocket antagonist (e.g., SN-011) to benchmark efficacy/selectivity (Hu et al., 2023; Zhou et al., 2023; Hong et al., 2021).  
- Define ocular PK and retinal distribution after intravitreal administration, with formulation optimization to address solubility/lipophilicity; lipid-based approaches are feasible conceptually, but retinal delivery has not yet been demonstrated (Guilbaud et al., 2025).  
- Establish efficacy in retinal oxidative injury (sodium iodate ± diABZI) and Alu DNA RPE toxicity models, using fundus imaging, ERG, and histology, with PD biomarker linkage; prior studies with C-176 and JQ1 provide dosing paradigms and endpoints (Zou et al., 2022; Hu et al., 2023).  
- Conduct chemoproteomics and global palmitoyl-proteome profiling in retinal tissues to assess selectivity and off-target risks of covalent Cys91 targeting; include functional assays for phototransduction and synaptic proteins (Hong et al., 2022; Ni et al., 2024).  
- Evaluate chronic intraocular safety (repeat intravitreal dosing) including retinal structure/function, microglia homeostasis, and infection susceptibility, given the role of STING in antiviral defense (Garland et al., 2022; Hu et al., 2023).  
- Consider alternative or complementary modalities (e.g., CDN-pocket antagonists like SN-011 or epigenetic repression via BRD4 inhibitors) given their documented ocular activity and potentially different safety/selectivity profiles (Ni et al., 2024; Zou et al., 2022; Hong et al., 2021).

In summary, H-151 is a mechanistically coherent STING antagonist with supportive non-ocular in vivo efficacy and disease-relevant effects in RPE in vitro, and the STING axis is well-validated as a therapeutic target in retinal disease, including in AMD-relevant contexts (Hu et al., 2023; Qu et al., 2025). Nonetheless, key translational gaps—ocular PK, retinal efficacy, primary human cell potency/allele effects, and selectivity/liability of the covalent palmitoylation mechanism—must be addressed before prioritizing H-151 for GA drug development (Barasa et al., 2023; Hong et al., 2022). Given the strong pathway rationale and the feasibility of local ocular delivery, H-151 merits a limited, milestone-gated preclinical program in retinal models with rigorous PD and safety readouts, while in parallel benchmarking against noncovalent STING antagonists that have already demonstrated intravitreal efficacy in ocular disease models (Ni et al., 2024; Ni et al., 2024).

References  
Barasa, L., Chaudhuri, S., Zhou, J. Y., Jiang, Z., Choudhary, S., Green, R. M., … Thompson, P. R. (2023). Development of LB244, an irreversible STING antagonist. Journal of the American Chemical Society, 145(42), 20273–20288. https://doi.org/10.1021/jacs.3c03637

Chang, J., Hou, S., Yan, X., Li, W., & Xiao, J.-h. (2023). Discovery of novel STING inhibitors based on the structure of the mouse STING agonist DMXAA. Molecules, 28(7), 2906. https://doi.org/10.3390/molecules28072906

Chen, Q., Gu, P., Li, H., Liu, X., Liu, T., Qin, O., … Li, C. (2025). Drug-loaded cerium oxide nanozymes prevent radiation-induced cataracts via suppressing the cGAS-STING pathway. Journal of Nanobiotechnology. Advance online publication. https://doi.org/10.1186/s12951-025-03706-2

Duggan, M. R., Morgan, D. G., Price, B. R., Rajbanshi, B., Martin-Peña, A., Tansey, M. G., & Walker, K. A. (2025). Immune modulation to treat Alzheimer’s disease. Molecular Neurodegeneration. Advance online publication. https://doi.org/10.1186/s13024-025-00828-x

Garland, K. M., Sheehy, T. L., & Wilson, J. T. (2022). Chemical and biomolecular strategies for STING pathway activation in cancer immunotherapy. Chemical Reviews, 122(10), 5977–6039. https://doi.org/10.1021/acs.chemrev.1c00750

Guilbaud, L., Chen, C., Domingues, I., Kavungere, E. K., Marotti, V., Yagoubi, H., … Beloqui, A. (2025). Oral lipid-based nanomedicine for the inhibition of the cGAS-STING pathway in inflammatory bowel disease treatment. Molecular Pharmaceutics, 22(3), 2108–2121. https://doi.org/10.1021/acs.molpharmaceut.4c01297

Hong, Z., Mei, J., Li, C., Bai, G., Maimaiti, M., Hu, H., … Wang, C. (2021). STING inhibitors target the cyclic dinucleotide binding pocket. Proceedings of the National Academy of Sciences of the United States of America, 118(25), e2105465118. https://doi.org/10.1073/pnas.2105465118

Hong, Z., Mei, J., Guo, H., Zhu, J., & Wang, C. (2022). Intervention of cGAS–STING signaling in sterile inflammatory diseases. Journal of Molecular Cell Biology, 14(1), mjac005. https://doi.org/10.1093/jmcb/mjac005

Hu, B., Ma, J.-X., & Duerfeldt, A. S. (2023). The cGAS-STING pathway in diabetic retinopathy and age-related macular degeneration. Future Medicinal Chemistry, 15(8), 717–729. https://doi.org/10.4155/fmc-2022-0301

Kobritz, M., Borjas, T., Patel, V., Coppa, G., Aziz, M., & Wang, P. (2022). H151, a small molecule inhibitor of STING as a novel therapeutic in intestinal ischemia–reperfusion injury. Shock, 58(2), 241–250. https://doi.org/10.1097/shk.0000000000001968

Ni, B., Yang, Z., Zhou, T., Zhou, H., Zhou, Y., Lin, S., … Liu, X. (2024). Therapeutic intervention in neuroinflammation for neovascular ocular diseases through targeting the cGAS-STING-necroptosis pathway. Journal of Neuroinflammation, 21, 155. https://doi.org/10.1186/s12974-024-03155-y

Qu, J., Cai, Y.-j., Li, F., Li, X., & Liu, R. (2025). Potential therapeutic strategies for colitis and colon cancer: Bidirectional targeting STING pathway. eBioMedicine, 111, 105491. https://doi.org/10.1016/j.ebiom.2024.105491

Qiu, W., Zheng, Z., Wang, J., Cai, Y., Zou, J., Huang, Z., … Liu, Z. (2025). Targeting mitochondrial DNA-STING-NF-κB axis-mediated microglia activation by cryptotanshinone alleviates ischemic retinopathy. Phytomedicine, 142, 156779. https://doi.org/10.1016/j.phymed.2025.156779

Wang, Y., Ma, X., Muthuraman, P., Raja, A., Jayaraman, A., Petrukhin, K., … Moiseyev, G. (2022). The novel visual cycle inhibitor (±)-RPE65-61 protects retinal photoreceptors from light-induced degeneration. PLoS ONE, 17(10), e0269437. https://doi.org/10.1371/journal.pone.0269437

Wu, Y., Wei, Q., & Yu, J. (2019). The cGAS/STING pathway: A sensor of senescence-associated DNA damage and trigger of inflammation in early age-related macular degeneration. Clinical Interventions in Aging, 14, 1277–1283. https://doi.org/10.2147/CIA.S200637

Wu, J.-J., Zhao, L., Hu, H.-G., Li, W.-H., & Li, Y.-M. (2020). Agonists and inhibitors of the STING pathway: Potential agents for immunotherapy. Medicinal Research Reviews, 40(5), 1117–1141. https://doi.org/10.1002/med.21649

Zhang, S., Zheng, R., Pan, Y., & Sun, H. (2023). Potential therapeutic value of the STING inhibitors. Molecules, 28(7), 3127. https://doi.org/10.3390/molecules28073127

Zhou, L., Ho, B. M., Chan, H. Y. E., Tong, Y., Du, L., He, J. N., … Chu, W. K. (2023). Emerging roles of cGAS-STING signaling in mediating ocular inflammation. Journal of Innate Immunity, 15(5), 739–750. https://doi.org/10.1159/000533897

Zou, M., Ke, Q., Nie, Q., Qi, R., Zhu, X., Liu, W., … Gong, L. (2022). Inhibition of cGAS-STING by JQ1 alleviates oxidative stress-induced retina inflammation and degeneration. Cell Death & Differentiation, 29(3), 1816–1833. https://doi.org/10.1038/s41418-022-00967-4

Full trajectory link: https://dev.platform.edisonscientific.com/trajectories/
",3,0.8763484610930177
RU.521 (cGAS inhibitor; Sigma-Aldrich catalog R4617),"Proposal for RU.521 (cGAS inhibitor; Sigma-Aldrich catalog R4617)

Overview of Therapeutic Candidate  
RU.521 is a synthetic small-molecule inhibitor of cyclic GMP-AMP synthase (cGAS) originally discovered through screening and medicinal chemistry around the cGAS catalytic pocket and subsequently structurally validated as an active-site–targeted, competitive inhibitor that binds within the nucleotide substrate site of cGAS (ATP/GTP site) to block catalysis of 2′3′-cGAMP synthesis (PDB: mouse 5XZG; human 6O47) (Hertzog & Rehwinkel, 2020, pp. 9–13). As a chemotype, RU.521 represents the first structurally characterized small molecule reported to inhibit cGAS by occupying the catalytic pocket, a site that has been viewed as challenging (“undruggable”) due to its large, polar character, yet has proven tractable for competitive inhibitors, including RU.521 and related scaffolds (Hertzog & Rehwinkel, 2020, pp. 9–13; Yu & Liu, 2021, pp. 9–10). RU.521 is widely available as a research tool compound and is used to interrogate cGAS function in cells and, in some reports, in vivo disease models outside of ophthalmology (Fan et al., 2024, pp. 11–12).

As a class, small-molecule cGAS inhibitors aim to suppress the cGAS–STING innate immune axis by preventing cGAS from converting cytosolic DNA signals into the second messenger 2′3′-cGAMP, thereby reducing downstream STING activation, TBK1/IKK signaling, IRF3/NF-κB transcriptional programs, and type I interferon and pro-inflammatory cytokine production implicated across inflammatory and degenerative diseases (Hu et al., 2023, pp. 1–2). Given that cGAS and STING are intracellular and inaccessible to biologics, small molecules are the principal modality for drugging this pathway, and there is substantial interest in translationally suitable chemotypes that can penetrate ocular tissues (Hu et al., 2023, pp. 9–11).

Therapeutic History  
- RU.521 itself: RU.521 has been used extensively as a research tool to inhibit cGAS in vitro and in cell-based systems, and there is evidence for in vivo activity outside the eye: RU.521 attenuated cGAS–STING–mediated cardiac dysfunction in a BRG1 knockout diabetic cardiac mouse model, establishing that the compound can engage its target and produce a protective phenotype in at least one preclinical context (Fan et al., 2024, pp. 11–12). The literature provided here contains no reports of RU.521 tested in ocular tissues, retinal models, or dry age-related macular degeneration (AMD) models; thus, its history in ophthalmology is currently limited to a preclinical rationale rather than direct efficacy data (Hertzog & Rehwinkel, 2020, pp. 9–13; Fan et al., 2024, pp. 11–12).  
- Drug class precedents in ocular disease: While direct small-molecule cGAS inhibitors like RU.521 have not been reported in AMD models within the provided literature, multiple interventional studies targeting the cGAS–STING axis at other nodes support pathway tractability in retinal injury and AMD-relevant contexts. STING inhibitors (H-151, C-176) suppressed pathological readouts: H-151 prevented senescence-associated VEGF overproduction in ARPE-19 cells; C-176 rescued oxidant injury in a STING agonist–augmented mouse model (diABZI + sodium iodate) (Hu et al., 2023, pp. 6–8). Epigenetic repression of STING/cGAS with the BET inhibitor JQ1 reduced cGAS–STING activation, inflammation, and degeneration after oxidative retinal injury, and promoted autophagy-dependent clearance of cytosolic DNA (Zou et al., 2022, pp. 1–7). Upstream metabolic modulation with PPARα agonism (fenofibric acid) lowered retinal cGAS/STING and cytosolic mtDNA in ischemia-induced retinopathy; genetic STING knockout attenuated inflammation, leakage, and neovascularization in OIR (Hu et al., 2023, pp. 6–8). In neovascular models (CNV, OIR), genetic deletion or pharmacologic inhibition of STING (C-176, SN-011) suppressed myeloid-driven inflammation and pathologic angiogenesis, further supporting ocular relevance of the axis (Ni et al., 2024, pp. 1–6).  
- Target pathway in AMD: Genetic loss-of-function for the cGAS–STING axis rescues Alu DNA–mediated RPE toxicity in vivo: knockout of cGAS, STING, type I interferon receptor, IRF3, or caspase-4 prevents Alu DNA-driven RPE degeneration, and both cGAS knockout mice and mice with cGAS loss-of-function mutations are reported to be protected from RPE degeneration in this context (Hu et al., 2023, pp. 4–5, 8–9). Separate evidence indicates that STING knockout mice fail to develop RPE degeneration in response to inflammatory stimuli in retinal injury models, consistent with a causal role for STING signaling in RPE damage (Hu et al., 2023, pp. 4–5, 8–9). Observational human data provide clinical plausibility for an upstream link in dry AMD: retrospective pharmacoepidemiology shows nucleoside reverse transcriptase inhibitor use associates with reduced risk of dAMD diagnosis, consistent with a chain from retrotransposition-derived cytosolic DNA (e.g., Alu cDNA) to cGAS–STING activation and AMD pathology (Hu et al., 2023, pp. 8–9).  
- Related cGAS-targeted agents in retina: Natural products that inhibit cGAS signaling, EGCG and resveratrol, reduced Alu RNA–induced immune responses and cytotoxicity in ARPE-19 cells, and genetic deletion of cGAS in RPE conferred resistance to Alu RNA cytotoxicity, supporting that direct cGAS suppression can protect RPE in Alu-driven injury models in vitro (Li et al., 2022, pp. 7–8). In ischemia/reperfusion retinal injury, systemic administration of the cGAS-antagonist oligodeoxynucleotide A151 inhibited cGAS–STING signaling, reduced inflammasome/pyroptosis readouts, and preserved retinal ganglion cells and function, demonstrating in vivo retinal target engagement and neuroprotection by direct cGAS pathway inhibition (Wu et al., 2023, pp. 1–11). These precedents do not include RU.521 but are important for de-risking the cGAS target in the eye.

Collectively, while RU.521 has no documented ocular applications in the provided literature, the cGAS–STING axis is repeatedly implicated in dry AMD–relevant biology and in retinal injury models, and pharmacologic/genetic interventions upstream (cGAS-targeting natural products, A151) and downstream (STING inhibitors, BRD4 inhibitors) have yielded protective outcomes, supporting translational interest in testing RU.521 for dry AMD (Hu et al., 2023, pp. 6–9; Zou et al., 2022, pp. 1–3, 5–7; Li et al., 2022, pp. 7–8; Wu et al., 2023, pp. 1–11).

Mechanism of Action  
- Molecular pharmacology of RU.521: RU.521 binds directly within the cGAS catalytic pocket and acts as a competitive inhibitor against the natural substrates (ATP, GTP), thereby blocking catalysis of 2′3′-cGAMP following cGAS engagement with double-stranded DNA (dsDNA) ligands (Hertzog & Rehwinkel, 2020, pp. 9–13; Yu & Liu, 2021, pp. 9–10). Structural biology confirms active-site binding for both mouse and human cGAS (PDB 5XZG, 6O47) (Hertzog & Rehwinkel, 2020, pp. 9–13). Functional data emphasize that RU.521 is a potent inhibitor of murine cGAS in vitro and in cells, with activity against human cGAS; however, the literature notes species-dependent differences in docking and reports reduced potency against the recombinant human enzyme in some biochemical assays, contrasted by later cellular assays showing comparable activity against mouse and human cGAS, underscoring an assay-context dependence for apparent species selectivity (Hertzog & Rehwinkel, 2020, pp. 9–13). RU.521 is commercially available and widely used for cGAS inhibition studies; nonetheless, the provided sources do not include quantitative potency values, detailed selectivity/ADME/PK, or ocular distribution data for RU.521 (Hertzog & Rehwinkel, 2020, pp. 9–13).  
- cGAS–STING signaling biology relevant to AMD: cGAS senses cytosolic DNA—including oxidatively damaged mitochondrial DNA (mtDNA) or nuclear DNA leaked into the cytosol under mitochondrial dysfunction and oxidative stress—and synthesizes 2′3′-cGAMP, which binds and activates STING to recruit TBK1 and IKK, leading to phosphorylation of IRF3 and activation of NF-κB and transcription of type I interferons and pro-inflammatory cytokines (Hu et al., 2023, pp. 1–2; Zhou et al., 2023, pp. 5–6). In RPE/AMD models, cytosolic DNA stress is driven by DICER1 deficiency and accumulation of Alu RNA/cDNA, which promotes mitochondrial permeability transition pore (MPTP) opening, mtDNA release, and cGAS activation; the resultant STING/type I IFN signaling primes noncanonical NLRP3 inflammasome assembly (caspase-4/11 → caspase-1 → gasdermin D → IL-18) and ultimately RPE death, with evidence for a feed-forward loop wherein cGAS activation further promotes mtDNA release and amplifies the response (Zhou et al., 2023, pp. 5–6). Oxidative stress in retinal cells (e.g., sodium iodate in mice; H₂O₂ in ARPE-19) increases cytosolic DNA and activates STING/cGAS readouts; pharmacologic and epigenetic suppression of the axis (C-176, JQ1) reverses these phenotypes, while STING activation exacerbates injury (diABZI co-administration) (Hu et al., 2023, pp. 6–8; Zou et al., 2022, pp. 1–3).  
- Cell-type specificity and context: cGAS and STING are reported to be expressed across retinal cell types, including RPE, photoreceptors, Müller cells, and microglia, and are upregulated in diseased human retina from dry AMD and diabetic retinopathy patients (promoter accessibility, STING mRNA up) (Hu et al., 2023, pp. 6–8). Mechanistically, mtDNA transfection into ARPE-19 induces IL-6/IL-8 secretion that is partially reduced by STING knockdown, and STING inhibition blocks senescence-associated VEGF in ARPE-19, supporting functional pathway activity in RPE models (Hu et al., 2023, pp. 6–8). Importantly, conflicting reports exist: one study found absent cGAS expression in human RPE (with intact RIG-I RNA sensing), and separate work implicated ZBP1 rather than STING in mtDNA-triggered interferon responses in oxidant-stressed ARPE-19, highlighting model/assay dependencies and the possibility that RNA sensors (RIG-I) or ZBP1 can dominate in specific RPE contexts (Schustak et al., 2021, pp. 1–2; Hu et al., 2023, pp. 8–9). Outside the RPE, robust cGAS–STING activation and functional importance have been demonstrated in retinal microglia during ischemic and neovascular injuries, where STING deficiency or inhibition reduces inflammatory cytokines and pathological angiogenesis (Ni et al., 2024, pp. 1–6).

Expected Effect  
- In dry AMD–relevant RPE stress paradigms (oxidative injury; Alu cDNA accumulation; mitochondrial dysfunction): RU.521 would be expected to reduce cGAS catalytic activity in response to cytosolic DNA (mtDNA/nuclear DNA/Alu cDNA-linked processes), thereby lowering intracellular 2′3′-cGAMP levels, blunting STING activation, and decreasing downstream TBK1/IKK-IRF3/NF-κB signaling and type I IFN/pro-inflammatory cytokine production central to RPE degeneration (Hu et al., 2023, pp. 1–2; Zhou et al., 2023, pp. 5–6). Because genetic or pharmacologic reductions of cGAS/STING signaling rescue Alu DNA–mediated RPE toxicity and inflammation (cGAS−/−; STING−/−; IFNAR−/−; IRF3−/−; C-176; JQ1), small-molecule cGAS inhibition with RU.521 should phenocopy those protective effects if sufficient target engagement is achieved in RPE (Hu et al., 2023, pp. 6–9; Zou et al., 2022, pp. 1–3).  
- Expected molecular and cellular readouts:  
  • cGAMP/target engagement: Reduced cGAMP in RPE and retina after RU.521 exposure as a direct pharmacodynamic marker; cGAMP can be measured by mass spectrometry or biosensors such as BioSTING (Hertzog & Rehwinkel, 2020, pp. 12–13).  
  • STING signaling: Reduced p-STING, p-TBK1, and downstream IRF3 phosphorylation and NF-κB activation, with decreased ISGs and cytokines (IFN-β, IL-6, IL-8) that are induced by mtDNA transfection in ARPE-19 and are partially suppressed by STING knockdown (Hu et al., 2023, pp. 6–8).  
  • Inflammasome priming/activation: Lower induction of noncanonical inflammasome priming (type I IFN–dependent caspase-4/11 axis) and downstream IL-18/GSDMD pathway, which are reported to be driven by cGAS–STING in Alu cDNA–RPE models (Zhou et al., 2023, pp. 5–6).  
  • Pro-angiogenic outputs: Reduced senescence-associated VEGF production in RPE models, an endpoint previously blocked by STING inhibition; RU.521 acts upstream of STING and is anticipated to suppress the same NF-κB/HIF-1α axis if cGAS–cGAMP is the dominant activator in the model (Hu et al., 2023, pp. 6–8, 12–13).  
  • Cell survival: Increased RPE survival/viability in models of Alu RNA/cDNA-driven injury and oxidative stress, consistent with protection seen with cGAS genetic deletion and with cGAS-inhibitory natural products in ARPE-19 Alu RNA paradigms (Li et al., 2022, pp. 7–8; Hu et al., 2023, pp. 8–9).

- Disease-pathway fit in dry AMD: Human data show upregulated STING RNA and open chromatin at cGAS/STING promoters in dry AMD maculas, cGAS/STING expression in macular retinas of non-neovascular AMD patients, enrichment of Alu DNA and reduced DICER1 in GA RPE, and abundant cGAS/IFN-β/caspase-4 in GA RPE—collectively supporting pathway activation in human disease (Zou et al., 2022, pp. 1–3; Zhou et al., 2023, pp. 5–6; Hu et al., 2023, pp. 6–8; Korhonen, 2024, pp. 86–87). Genetic and pharmacologic data across AMD-relevant models show that suppressing this axis reduces inflammation and tissue degeneration, which RU.521 should recapitulate if cGAS is a principal sensor in the selected RPE model (Hu et al., 2023, pp. 6–9; Zhou et al., 2023, pp. 5–6; Zou et al., 2022, pp. 1–3, 5–7).

- Critical caveats affecting expected efficacy:  
  • Cell-type and model dependence: Some human RPE studies report little/no detectable cGAS and reliance on RIG-I or ZBP1, indicating RU.521 may have limited effects in particular RPE preparations where cGAS is not the dominant sensor; model selection (primary human macular RPE vs immortalized lines; stressor type and dose) will be decisive (Schustak et al., 2021, pp. 1–2; Hu et al., 2023, pp. 8–9).  
  • Species selectivity: RU.521 shows potent murine cGAS inhibition but variable readouts against human cGAS across assay formats; this necessitates direct confirmation of potency and pathway suppression in human RPE systems before translational claims (Hertzog & Rehwinkel, 2020, pp. 9–10, 12–13).  
  • Pathway redundancy: Even with cGAS blocked, STING can be activated by cGAMP derived from neighboring cells (e.g., microglia or endothelial cells) or by other CDNs, and parallel nucleic-acid sensors (RIG-I, ZBP1) may sustain inflammatory outputs; thus, RU.521 may need combination or tissue-targeted delivery to achieve robust efficacy in vivo (Hu et al., 2023, pp. 8–9; Ni et al., 2024, pp. 4–6).  
  • Safety/biology trade-offs: While not addressed for RU.521 specifically in the provided sources, pathway biology suggests that chronic suppression of cGAS–STING could carry infection and anti-tumor immunity risks; STING knockout protects against inflammation but reduces anti-tumor responses and vaccine efficacy in mice, implying a similar caution will apply to systemic or prolonged pathway blockade (Hu et al., 2023, pp. 4–5). Ocularly, local (intravitreal/periocular) delivery strategies that confine exposure may mitigate systemic immunosuppression risks.  
  • Developmental readiness: The cGAS inhibitor field remains early; many molecules lack comprehensive selectivity, PK, and safety packages, and no clinical-stage cGAS inhibitor is reported here; RU.521 is positioned as a research scaffold rather than a fully optimized drug candidate, increasing the likelihood that medicinal chemistry will be required before IND-enabling studies (Hertzog & Rehwinkel, 2020, pp. 9–13; Fan et al., 2024, pp. 11–12).

Recommended de-risking experiments and development path  
- Confirm human RPE relevance: Quantify cGAS/STING expression and activation in primary human macular RPE from donors with/without GA and in ARPE-19/hiPSC-RPE under oxidative stress and Alu cDNA stimulation; include assays for RIG-I/ZBP1 to stratify sensor dominance (Hu et al., 2023, pp. 6–8; Zhou et al., 2023, pp. 5–6; Schustak et al., 2021, pp. 1–2).  
- Demonstrate RU.521 target engagement: Measure intracellular cGAMP with MS-based assays or biosensors (BioSTING) in RPE after dsDNA/mtDNA challenge with/without RU.521; derive cellular IC₅₀ against human cGAS in RPE contexts (Hertzog & Rehwinkel, 2020, pp. 12–13).  
- Show pathway suppression and cytoprotection: Assess p-STING/p-TBK1/IRF3, NF-κB activity, IFN-β, IL-6/IL-8, and IL-18/caspase-4/GSDMD readouts in RPE stress models; benchmark against STING inhibition (H-151/C-176) and JQ1 to position RU.521 mechanistically (Hu et al., 2023, pp. 6–8; Zhou et al., 2023, pp. 5–6; Zou et al., 2022, pp. 1–3).  
- Extend to complex systems: Validate in ex vivo retinal explants subjected to oxidative stress and in vivo in sodium iodate–induced retinal degeneration, including diABZI co-challenge to test whether upstream cGAS inhibition can block STING-driven exacerbation; monitor RPE morphology, photoreceptor survival, and inflammatory cytokine panels (Hu et al., 2023, pp. 6–8; Zou et al., 2022, pp. 1–3).  
- Ocular exposure and safety: Establish ocular PK (intravitreal/periocular/systemic dosing) with retina/RPE concentrations and time courses; perform short-term ocular tolerability studies; consider localized delivery to minimize systemic immune risks (Hu et al., 2023, pp. 9–11).  
- Iterate chemistry if needed: If human cGAS potency is suboptimal in RPE or exposure is limiting, consider scaffold optimization guided by the human cGAS 6O47 structure to improve binding in the human pocket and physicochemical properties suitable for ocular delivery (Hertzog & Rehwinkel, 2020, pp. 10–11, 12–13).

Conclusion  
On balance, RU.521 is a mechanistically appropriate and readily available research-stage cGAS inhibitor with strong rationale for testing in dry AMD models given the robust target validation for cGAS–STING signaling in RPE degeneration and human AMD tissue, the protective effects of genetic ablation within the axis, and the success of downstream and upstream modulators in retinal injury contexts (Hu et al., 2023, pp. 8–9; Zou et al., 2022, pp. 1–3, 5–7; Hertzog & Rehwinkel, 2020, pp. 9–10, 12–13; Schustak et al., 2021, pp. 1–2). The principal liabilities are the lack of ocular data for RU.521, potential species-dependent activity against human cGAS, heterogeneity of nucleic-acid sensing in RPE (including reports of absent cGAS), and the early development status of the chemotype without established ocular PK/safety (Hertzog & Rehwinkel, 2020, pp. 9–10, 12–13; Schustak et al., 2021, pp. 1–2). These risks are addressable through staged de-risking experiments focused on human RPE target engagement, pathway modulation, and cytoprotection, followed by ex vivo/in vivo retinal efficacy and ocular PK/tolerability. If RU.521 demonstrates robust human RPE cGAS inhibition and protection in AMD-relevant models with acceptable ocular exposure, it would represent a differentiated, upstream innate-immune approach that complements or exceeds the scope of complement and NLRP3-directed strategies currently in development (Zhou et al., 2023, pp. 5–6).

References  
Fan, M.-W., Tian, J.-L., Chen, T., Zhang, C., Liu, X.-R., Zhao, Z.-J., Zhang, S.-H., & Chen, Y. (2024). Role of cyclic guanosine monophosphate-adenosine monophosphate synthase-stimulator of interferon genes pathway in diabetes and its complications. World Journal of Diabetes, 15, 2041–2057. https://doi.org/10.4239/wjd.v15.i10.2041

Hertzog, J., & Rehwinkel, J. (2020). Regulation and inhibition of the DNA sensor cGAS. EMBO Reports. https://doi.org/10.15252/embr.202051345

Hu, B., Ma, J.-X., & Duerfeldt, A. S. (2023). The cGAS-STING pathway in diabetic retinopathy and age-related macular degeneration. Future Medicinal Chemistry, 15, 717–729. https://doi.org/10.4155/fmc-2022-0301

Korhonen, E. (2024). Inflammasome activation in response to aberrations of cellular homeostasis in epithelial cells from human cornea and retina. Acta Ophthalmologica, 102, 3–68. https://doi.org/10.1111/aos.16646

Li, J., Zhang, F., Bian, W., Chen, Y., Liu, J., Liu, Z., Xiong, Y., & Wan, X. (2022). cGAS inhibition alleviates Alu RNA-induced immune responses and cytotoxicity in retinal pigmented epithelium. Cell & Bioscience. https://doi.org/10.1186/s13578-022-00854-y

Ni, B., Yang, Z., Zhou, T., Zhou, H., Zhou, Y., Lin, S., Xu, H., Lin, X., Yi, W., He, C., & Liu, X. (2024). Therapeutic intervention in neuroinflammation for neovascular ocular diseases through targeting the cGAS-STING-necroptosis pathway. Journal of Neuroinflammation. https://doi.org/10.1186/s12974-024-03155-y

Schustak, J., Twarog, M., Wu, X., Wu, H. Y., Huang, Q., & Bao, Y. (2021). Mechanism of nucleic acid sensing in retinal pigment epithelium (RPE): RIG-I mediates type I interferon response in human RPE. Journal of Immunology Research, 2021, 1–14. https://doi.org/10.1155/2021/9975628

Wu, X., Yu, N., Ye, Z., Gu, Y., Zhang, C., Chen, M., & Wang, K. (2023). Inhibition of cGAS–STING pathway alleviates neuroinflammation-induced retinal ganglion cell death after ischemia/reperfusion injury. Cell Death & Disease. https://doi.org/10.1038/s41419-023-06140-0

Yu, L., & Liu, P. (2021). Cytosolic DNA sensing by cGAS: regulation, function, and human diseases. Signal Transduction and Targeted Therapy. https://doi.org/10.1038/s41392-021-00554-y

Zhou, L., Ho, B. M., Chan, H. Y. E., Tong, Y., Du, L., He, J. N., Ng, D. S.-C., Tham, C. C., Pang, C. P., & Chu, W. K. (2023). Emerging roles of cGAS-STING signaling in mediating ocular inflammation. Journal of Innate Immunity, 15, 739–750. https://doi.org/10.1159/000533897

Zou, M., Ke, Q., Nie, Q., Qi, R., Zhu, X., Liu, W., Hu, X., Sun, Q., Fu, J.-L., Tang, X., Liu, Y., Li, D. W.-C., & Gong, L. (2022). Inhibition of cGAS-STING by JQ1 alleviates oxidative stress-induced retina inflammation and degeneration. Cell Death and Differentiation, 29, 1816–1833. https://doi.org/10.1038/s41418-022-00967-4

Full trajectory link: https://dev.platform.edisonscientific.com/trajectories/
",0,0.1895052558280021
CA-074Me (cathepsin B inhibitor; Sigma-Aldrich catalog C3692),"Proposal for CA-074Me (cathepsin B inhibitor; Sigma-Aldrich catalog C3692)

Overview of Therapeutic Candidate  
CA-074Me is the methyl-ester “pro-inhibitor” derived from the epoxysuccinyl peptide CA-074, a highly selective and irreversible inhibitor of the lysosomal cysteine protease cathepsin B (CatB) developed from the E-64 scaffold that broadly targets papain-family cysteine proteases but not caspases or other protease classes (Yoon et al., 2022, pp. 1–3, 13–14; Hook et al., 2015, pp. 17–18). CA-074’s molecular pharmacology has been resolved structurally and biochemically: it covalently blocks CatB with strong pH dependence—subnanomolar-to-nanomolar potency at acidic lysosomal pH is driven by ionic interactions between its free C-terminal carboxylate and CatB occluding-loop histidines (His110/His111), whereas potency drops more than 100-fold at neutral pH, consistent with the enzyme’s conformational and electrostatic changes outside the lysosome (Yoon et al., 2022, pp. 1–3, 6–8). Methylation of the C-terminal carboxylate yields CA-074Me, which abrogates the pH-dependent binding mechanism and substantially decreases biochemical potency against CatB across pH 4.6–7.2 (IC₅₀ ∼ 7–14 μM; Kᵢ ∼ 29–56 μM), in sharp contrast to CA-074’s low-nanomolar-to-submicromolar potency at these pHs (Yoon et al., 2022, pp. 3–6, 15–21). In biochemical selectivity panels, CA-074 retains high specificity for CatB over other cysteine cathepsins, whereas CA-074Me shows weak inhibition of CatB and measurable micromolar inhibition of Cathepsin S while otherwise exhibiting limited inhibition at the concentrations tested; in cellular contexts, slow prodrug conversion can broaden CA-074Me’s apparent target spectrum to multiple cathepsins before de-esterification to CA-074 (Yoon et al., 2022, pp. 1–3, 5–6, 21–25; Ishrat & Nasoohi, 2018, pp. 31–34).

The methyl ester was introduced to improve cell permeability and enable intracellular CatB inhibition; CA-074 is commonly considered cell-impermeant, while CA-074Me is cell-permeant and is converted intracellularly by esterases to CA-074, which then engages CatB within acidic compartments (lysosomes/late endosomes) (Oberstein et al., 2021, pp. 7–10; Yoon et al., 2022, pp. 1–3, 13–14). Across in vivo CNS disease models, CA-074Me or CA-074 have been widely used as pharmacological tools targeting CatB, with reported neuroprotection and reductions in CatB activity and downstream apoptosis/autophagy/inflammatory markers in traumatic brain injury and ischemia models; however, these studies did not interrogate retinal disease indications (Hook et al., 2015, pp. 13–14, 15–17; Zuo et al., 2016, pp. 7–9; Yoon et al., 2022, pp. 1–3). One ophthalmic report from 2008 suggests CA-074Me can suppress retinal neovascularization, consistent with CatB’s known role in matrix remodeling and angiogenesis, but there is no provided preclinical evidence for CA-074Me in dry AMD per se (Rudzińska et al., 2019, pp. 19–21).

The drug class—irreversible epoxysuccinyl inhibitors of papain-like cathepsins—has a long history as target-validation tools and as in vivo pharmacologic probes in neurodegeneration and inflammation, with CA-074 being CatB-selective and CA-074Me serving as the intracellularly active derivative for cell and animal studies (Hook et al., 2015, pp. 13–14, 17–18; Yoon et al., 2022, pp. 1–3). In the retina, CatB is a constituent lysosomal protease of RPE that participates in photoreceptor outer segment (POS) clearance and autophagy; RPE/ocular biology thus provides both a rationale (CatB’s participation in lysosomal damage–inflammasome coupling) and a caution (CatB’s role in proteostasis) for therapeutic strategies targeting CatB (Sharif, 2015, pp. 60–64, 189–192).

Therapeutic History  
CA-074 and CA-074Me have been extensively applied in CNS injury and neurodegeneration models. In a non-human primate ischemia model, intravenous CA-074 inhibited hippocampal CA1 CatB activity by ∼ 75 % and preserved ∼ 67 % of neurons compared with controls, whereas the broader cysteine protease inhibitor E64c achieved ∼ 84 % neuronal survival, consistent with additional benefit from inhibiting CatL/calpains beyond CatB (Hook et al., 2015, pp. 15–17). In rodent traumatic brain injury models, intracerebroventricular CA-074Me reduced CatB activity in cortex and improved behavioral readouts in certain injured cohorts; these studies illustrate in vivo target engagement but also highlight variable functional effects across injury paradigms (Hernandez, 2023, pp. 97–101, 111–114, 136–139, 139–144). Across CNS models surveyed in aggregate, CA-074Me treatments by icv/ip/it routes are associated with reductions in CatB activity, decreases in IL-1β/IL-18 and autophagy markers, and improvements in neurobehavioral outcomes, though these data are not quantitative pharmacokinetics and lack comprehensive selectivity profiling in vivo (Hook et al., 2015, pp. 13–14).

In cell systems, CA-074Me has been used at 25–50 μM to inhibit measurable CatB activity and perturb Aβ peptide pools in astrocytes and H4 APP₇₅₁-overexpressing cells; genetic CTSB deletion abolished CA-074Me’s effects on Aβ variants, supporting on-target action in that model (Oberstein et al., 2021, pp. 4–8). CA-074Me exposure also altered lysosomal morphology even in CTSB⁻/⁻ cells, indicating CatB-independent effects on lysosomes at these concentrations in some systems (Oberstein et al., 2021, pp. 8–10). In okadaic acid–treated primary cortical neurons, CA-074Me (50–100 μM) suppressed CatB activity, reduced APP accumulation and tau phosphorylation, and decreased calpain-specific α-spectrin cleavage; the latter underscores potential off-targets or network-level effects (Cho et al., 2013, pp. 2–6).

With respect to ocular applications, the provided literature contains one cited study title indicating CA-074Me suppressed retinal neovascularization, which is a neovascular context rather than geographic atrophy; no direct in vivo studies of CA-074Me in dry AMD models, or in drusen/complement-driven retinal degeneration, were provided in the excerpts (Rudzińska et al., 2019, pp. 19–21). By contrast, in vitro RPE inflammasome pathway studies that used cathepsin inhibitors to suppress NLRP3 activation in AMD-relevant contexts employed CA-074 (active-site CatB inhibitor) and a CatB/L inhibitor (Z-FF-FMK), not CA-074Me, and reported reductions in pyroptosis and IL-1β/IL-18 release (Brandstetter, 2016, pp. 47–51, 80–85, 92–95, 99–104; Tseng et al., 2013, pp. 9–10).

Mechanism of Action  
Biochemical mechanism versus CatB. CA-074 is an epoxysuccinyl inhibitor that covalently and irreversibly inhibits CatB, showing strong pH dependence: nanomolar IC₅₀ and Kᵢ at lysosomal pH 4.6, ∼10-fold weaker at pH 5.5, and > 100-fold weaker at neutral pH 7.2; this arises from ionic interactions of the free C-terminal carboxylate of CA-074 with His110/His111 within the S2′ subsite of CatB’s occluding loop, favoring the acidic conformation (Yoon et al., 2022, pp. 1–3, 6–8). In functional and docking experiments, CA-074 shows high specificity for CatB among cysteine cathepsins in both acidic and neutral conditions (Yoon et al., 2022, pp. 1–3). CA-074Me, by contrast, is an irreversible but weak CatB inhibitor; methylation of the C-terminal carboxylate eliminates the pH-dependent affinity enhancement and reduces biochemical potency by 10–>1000× (IC₅₀ 7–14 μM; Kᵢ 29–56 μM), and it shows measurable activity against CatS in the micromolar range in selectivity panels (Yoon et al., 2022, pp. 3–6, 21–25). In living cells, CA-074Me is widely used as a cell-permeant prodrug that can be converted to CA-074 by esterases within lysosomes; however, at least one report concluded that CA-074 (not CA-074Me) maintains selectivity for CatB within cells, suggesting that CA-074Me’s slow conversion affords time to inhibit multiple cathepsins and produce CatB-independent lysosomal effects (Hook et al., 2015, pp. 25–26; Ishrat & Nasoohi, 2018, pp. 31–34; Oberstein et al., 2021, pp. 8–10). Typical in vitro concentrations required for robust intracellular CatB inhibition by CA-074Me are in the 10–50 μM range, consistent with its weak biochemical potency and the need to achieve sufficient intracellular exposure (Yoon et al., 2022, pp. 6–8; Oberstein et al., 2021, pp. 6–7).

Cellular and disease-mechanistic context in RPE. RPE cells robustly express active CatB (as well as CatL and CatS), which is integral to lysosomal POS processing and autophagy; perturbation of cathepsin activity in RPE leads to accumulation of undegraded material and can precipitate RPE cell dysfunction/death, with implications for age-associated lipofuscin accumulation and AMD pathogenesis (Sharif, 2015, pp. 60–64, 189–192). Multiple AMD-relevant stimuli—including drusen components (e.g., amyloid-β), oxidized lipids (ox-LDL), lipofuscin constituents (e.g., A2E), and complement activation products (e.g., C1q, C3a, C5a, sublytic MAC)—disrupt phagolysosomal integrity and/or prime NF-κB signaling, converging on NLRP3 inflammasome activation in RPE (Campbell & Doyle, 2013, pp. 5–7; Korhonen, 2024, pp. 76–79; Yerramothu, 2018, pp. 67–72). Mechanistically, lysosomal membrane permeabilization (LMP) permits cytosolic leakage of lysosomal enzymes, and cytosolic cathepsin activity is a required upstream signal for NLRP3 assembly in RPE and in macrophages; in ARPE-19 and primary RPE, pharmacologic inhibition of cathepsins B and L blocks LMP-triggered NLRP3 activation, caspase-1 activation, IL-1β/IL-18 secretion, and pyroptotic cell death (Brandstetter, 2016, pp. 47–51; Tseng et al., 2013, pp. 9–10). In a lipofuscin phototoxicity model (HNE-modified POS + blue light), cathepsin B/L inhibitors suppressed NLRP3 activation, and, when RPE were primed by IL-1α or C5a, cathepsin B/L inhibition and caspase-1 inhibition both reduced pyroptosis and shifted death kinetics back toward apoptosis-like profiles; importantly, CA-074 (active-site CatB inhibitor) was one of the agents used in these RPE experiments (Brandstetter, 2016, pp. 80–85, 92–95). Complement and IL-1 pathways provide priming (signal 1): C5a and IL-1α upregulate pro-IL-1β via NF-κB, and conditioned media from pyroptotic RPE further amplifies susceptibility via an IL-1R–dependent loop; pharmacologic blockade of C5a/C5aR and IL-1R attenuates inflammasome activation and RPE death, and specific NLRP3 inhibitors are proposed therapeutic strategies (Brandstetter, 2016, pp. 80–85, 102–104). Drusen-induced IL-1β can be suppressed by blocking lysosomal acidification or CatB activity, further reinforcing the cathepsin requirement upstream of NLRP3 in RPE (Campbell & Doyle, 2013, pp. 5–7).

Thus, at the pathway level: lysosomal damage → cathepsin leakage (including CatB/L) → NLRP3 assembly → caspase-1 activation → IL-1β/IL-18 maturation → pyroptosis; and priming via complement/IL-1α/C5a is required for robust cytokine maturation (Brandstetter, 2016, pp. 47–51, 80–85, 102–104; Tseng et al., 2013, pp. 9–10). Cathepsin B/L inhibition attenuates this sequence in vitro in human RPE models (Brandstetter, 2016, pp. 92–95; Campbell & Doyle, 2013, pp. 5–7; Tseng et al., 2013, pp. 9–10).

Pharmacology considerations for cytosolic versus lysosomal CatB. CatB released to the cytosol experiences a higher pH, where CatB’s activity state and inhibitor sensitivity differ from the lysosome; CA-074’s potency decreases ∼ 90-fold between pH 4.6 and 7.2, and CA-074Me, which is weaker at all pHs, lacks the advantageous pH dependence entirely (Yoon et al., 2022, pp. 1–3, 6–8, 21–25). In this respect, inhibiting cytosolic CatB (post-LMP) with CA-074/CA-074Me will be less efficient than inhibiting lysosomal CatB, unless very high intracellular concentrations are achieved; Yoon et al. suggest using CA-074 (acid-preferring) together with a neutral-pH–preferring CatB inhibitor (e.g., Z-Arg-Lys-AOMK) to dissect and potentially treat lysosomal versus cytosolic CatB contributions (Yoon et al., 2022, pp. 6–8). In living cells, CA-074Me’s slow conversion to CA-074 may lead to a window where multiple cathepsins are inhibited, and CA-074Me can cause CatB-independent lysosomal alterations, complicating mechanistic interpretation and selectivity (Hook et al., 2015, pp. 25–26; Ishrat & Nasoohi, 2018, pp. 31–34; Oberstein et al., 2021, pp. 8–10).

Expected Effect  
In dry AMD-relevant in vitro assays where RPE are primed (e.g., IL-1α/C5a) and then challenged with drusen-like cargo or lipofuscin photooxidative stress, pharmacologic inhibition of CatB/L reduces NLRP3 activation, decreases caspase-1 activity, lowers IL-1β/IL-18 release, and mitigates pyroptotic lysis, often shifting death kinetics toward apoptosis-like profiles; this has been shown with CA-074 (CatB) and broad CatB/L inhibitors (Z-FF-FMK) (Brandstetter, 2016, pp. 47–51, 92–95; Campbell & Doyle, 2013, pp. 5–7; Tseng et al., 2013, pp. 9–10). Given CA-074Me’s intracellular activity as a CatB-directed agent at tens of micromolar concentrations, one would predict similar suppression of NLRP3 readouts in RPE if sufficient intracellular exposure is achieved; however, CA-074Me’s weak biochemical potency, altered pH profile, and broader cathepsin engagement at high concentrations introduce uncertainty in both the magnitude of effect and mechanism selectivity (Yoon et al., 2022, pp. 5–6, 21–25; Ishrat & Nasoohi, 2018, pp. 31–34; Oberstein et al., 2021, pp. 8–10). The predicted on-pathway effects would include:

- Reduction of IL-1β and IL-18 maturation/secretion, with a predominantly apical decrease in cytokine flux toward neuroretina; this could secondarily reduce microglial chemoattraction and associated neuroinflammation, consistent with apically polarized secretion from activated RPE (Brandstetter, 2016, pp. 47–51, 102–104).  
- Decreased caspase-1 activation and less gasdermin-driven membrane lysis (pyroptosis), translating to lower LDH release and increased RPE survival under phototoxic or drusen-like stress (Brandstetter, 2016, pp. 92–95; Tseng et al., 2013, pp. 9–10).  
- Context-dependent effects on VEGF: NLRP3 activation can reduce constitutive VEGF secretion by RPE and condition anti-angiogenic media; dampening inflammasome activation could normalize these changes, though net effects on VEGF in dry AMD are complex and model-dependent (Brandstetter, 2016, pp. 102–104).

Critical risks include interference with lysosomal proteostasis: CatB (with CatL, CatS, CatD) is central to POS processing and autophagy; prolonged or strong inhibition can lead to accumulation of undegraded cargo and lysosomal residual bodies, phenocopying aspects of degenerative RPE biology (Sharif, 2015, pp. 60–64, 189–192). At the concentrations typically required for CA-074Me efficacy (10–50 μM), off-target inhibition of other cysteine cathepsins or effects on lysosomal morphology and calpain readouts have been observed in non-RPE cells, warranting careful titration and orthogonal target validation (e.g., genetic CTSB perturbation) in RPE systems (Cho et al., 2013, pp. 2–6; Oberstein et al., 2021, pp. 6–10). Finally, because CatB’s inhibitory pharmacology is pH-sensitive and cytosolic CatB may drive NLRP3 activation post-LMP, CA-074Me may be more effective at reducing lysosomal CatB activity (and thus the amount available to leak) than at directly inhibiting CatB that has translocated to neutral pH cytosol; this distinction should be addressed experimentally, potentially by pairing CA-074/CA-074Me with a neutral-pH CatB inhibitor to ensure cytosolic coverage (Yoon et al., 2022, pp. 1–3, 6–8).

Expression evidence supporting the target in the cell type. Human RPE (cell lines ARPE-19 and D407; ex vivo RPE/choroid) express both inactive and active forms of CatB (and other cathepsins), consistent with robust lysosomal protease capacity in RPE; inhibition of cathepsins in RPE disrupts POS degradation and autophagy, aligning with the biological role of these enzymes in retinal homeostasis (Sharif, 2015, pp. 60–64, 189–192). In AMD-relevant RPE models, LMP-mediated activation of NLRP3 is cathepsin-dependent, and CatB/L inhibition prevents IL-1β/IL-18 release and pyroptosis, establishing functional target validation in RPE (Brandstetter, 2016, pp. 47–51, 92–95; Campbell & Doyle, 2013, pp. 5–7; Tseng et al., 2013, pp. 9–10).

References  
Brandstetter, C. (2016). NLRP3 inflammasome activation by photooxidative damage provides a novel link between hallmark pathogenic features of age-dependent macular degeneration. Unknown Journal.

Campbell, M., & Doyle, S. L. (2013). An eye on the future of inflammasomes and drug development in AMD. Journal of Molecular Medicine, 91(10), 1059–1070. https://doi.org/10.1007/s00109-013-1050-0

Cho, K., Yoon, S. Y., Choi, J. E., Kang, H. J., Jang, H. Y., & Kim, D.-H. (2013). CA-074Me, a cathepsin B inhibitor, decreases APP accumulation and protects primary rat cortical neurons treated with okadaic acid. Neuroscience Letters, 548, 222–227. https://doi.org/10.1016/j.neulet.2013.05.056

Hernandez, M. (2023). Mechanistic insight into traumatic brain injury induced neuronal membrane disruption: Cathepsin B relocalization and a NeuN negative cortical neuron subpopulation (Doctoral dissertation). VCU Theses and Dissertations. https://doi.org/10.25772/ek84-eb90

Hook, G. R., Jacobsen, J., Grabstein, K., Kindy, M., & Hook, V. (2015). Cathepsin B is a new drug target for traumatic brain injury therapeutics: Evidence for E64d as a promising lead drug candidate. Frontiers in Neurology, 6, 178. https://doi.org/10.3389/fneur.2015.00178

Ishrat, T., & Nasoohi, S. (2018). The NLRP3 inflammasome: A possible therapeutic target for treatment of stroke. ArXiv. https://doi.org/10.1007/978-3-319-66679-2_22

Korhonen, E. (2024). Inflammasome activation in response to aberrations of cellular homeostasis in epithelial cells from human cornea and retina. Acta Ophthalmologica, 102, 3–68. https://doi.org/10.1111/aos.16646

Oberstein, T. J., Utz, J., Spitzer, P., Klafki, H. W., Wiltfang, J., Lewczuk, P., Kornhuber, J., & Maler, J. M. (2021). The role of cathepsin B in the degradation of Aβ and in the production of Aβ peptides starting with Ala2 in cultured astrocytes. Frontiers in Molecular Neuroscience, 13, 615740. https://doi.org/10.3389/fnmol.2020.615740

Rudzińska, M., Parodi, A., Soond, S. M., Vinarov, A. Z., Korolev, D. O., Morozov, A. O., Daglioglu, C., Tutar, Y., & Zamyatnin, A. A. (2019). The role of cysteine cathepsins in cancer progression and drug resistance. International Journal of Molecular Sciences, 20(14), 3602. https://doi.org/10.3390/ijms20143602

Sharif, U. (2015). Expression and regulation of key lysosomal effectors in RPE cells–implications for age-related macular degeneration (AMD). Unknown Journal.

Tseng, W. A., Thein, T., Kinnunen, K., Lashkari, K., Gregory, M. S., D'Amore, P. A., & Ksander, B. R. (2013). NLRP3 inflammasome activation in retinal pigment epithelial cells by lysosomal destabilization: Implications for age-related macular degeneration. Investigative Ophthalmology & Visual Science, 54(1), 110–120. https://doi.org/10.1167/iovs.12-10655

Yerramothu, P. (2018). Role of the NLRP3 inflammasome in bacterial keratitis (Doctoral dissertation). https://doi.org/10.26190/unsworks/3586

Yoon, M. C., Christy, M. P., Phan, V. V., Gerwick, W. H., Hook, G., O’Donoghue, A. J., & Hook, V. (2022). Molecular features of CA-074 pH-dependent inhibition of cathepsin B. Biochemistry, 61(3), 228–238. https://doi.org/10.1021/acs.biochem.1c00684

Zuo, X., Hou, Q., Jin, J., Zhan, L., Li, X., Sun, W., Lin, K., & Xu, E. (2016). Inhibition of cathepsin B alleviates secondary degeneration in ipsilateral thalamus after focal cerebral infarction in adult rats. Journal of Neuropathology & Experimental Neurology, 75(9), 816–826. https://doi.org/10.1093/jnen/nlw054

Full trajectory link: https://dev.platform.edisonscientific.com/trajectories/
",2,-0.6636693889725418
,"Proposal for AZD9056 (P2X7 receptor antagonist; Tocris catalog 3969)

It appears no text or source list was provided. Please supply the body text and the list of references you’d like reformatted into APA 7th style.

Full trajectory link: https://dev.platform.edisonscientific.com/trajectories/
",1,-1.8336458968448028
