Winner,Loser,Analysis,Reasoning,pair_index,pair_ids,input_hypo_1,input_hypo_2
"(Nilotinib, 3)","(MSL-7, 1)","Candidate 1 (MSL-7) and Candidate 2 (Nilotinib) both aim to restore autophagic/lysosomal clearance in RPE cells for dry AMD, but they differ markedly in evidence depth, mechanism specificity, safety profile, and translational readiness. 

1. Strength and Relevance of Evidence: MSL-7’s evidence is limited to non-ocular preclinical models (metabolic syndrome, neurodegeneration) and indirect inference from TFEB activators in RPE. There are no in vivo retinal or ocular PK data. Nilotinib has decades of human clinical safety and PK data from CML, as well as robust preclinical autophagy restoration data in neurodegeneration. Neither candidate has direct dry AMD clinical data, but nilotinib’s human safety and neurodegeneration models confer a stronger repurposing rationale.

2. Mechanism of Action: MSL-7 directly activates TFEB via calcium–calcineurin signaling to upregulate lysosomal biogenesis. The mechanism is clear and highly focused on the core lysosomal deficit in AMD. Nilotinib inhibits c-Abl to relieve p53-mediated autophagy blockade, indirectly restoring ULK1/Beclin1 initiation of autophagy. Both are plausible, but MSL-7’s direct TFEB activation is more upstream and specific. However, nilotinib’s c-Abl inhibition is also well characterized in stress-activated autophagy contexts.

3. Safety and Tolerability: MSL-7 has no human safety data and may trigger off-target Ca2+ signaling, raising cytotoxicity concerns. Nilotinib is FDA-approved with a known safety/Tox profile (hematologic, cardiovascular, QT risk) and clear dosing guidelines. The established risk profile of nilotinib is preferable for chronic AMD indications.

4. Feasibility of Experimental Plan and Delivery: MSL-7 lacks ocular delivery and in vivo retina distribution data, necessitating formulation development. Nilotinib crosses the blood–brain barrier and likely the blood–retina barrier; its systemic PK is well characterized. Repurposing pathways, dose regimens, and delivery strategies for nilotinib are already documented.

5. Scientific Novelty: MSL-7 is novel and represents a new approach for AMD, but novelty alone does not outweigh translational risk. Nilotinib offers less novelty but far stronger evidence and accelerated path to clinic.

Overall, nilotinib’s extensive clinical history, known safety, and mechanistic plausibility via c-Abl inhibition position it as the higher-probability candidate for translation, despite the more indirect autophagy mechanism compared to the direct TFEB activation of MSL-7.","Nilotinib (Candidate 2) is the better candidate because it has a well-established human safety and PK profile, extensive repurposing experience in neurodegeneration, and a clear, testable mechanism for restoring autophagy in RPE. MSL-7, while mechanistically attractive in targeting TFEB directly, lacks any human or ocular preclinical data, has unknown ocular delivery and safety, and carries higher translational risk. Therefore, nilotinib provides a more pragmatic and accelerated path toward a viable therapy for dry AMD.",0,"(1, 3)","{'hypothesis': 'MSL-7 (Cayman Chemical catalog #14818), a potent small-molecule TFEB activator via calcium–calcineurin signaling.', 'answer': 'Proposal for MSL-7 (Cayman Chemical catalog #14818), a potent small-molecule TFEB activator via calcium–calcineurin signaling.\n\nOverview of Therapeutic Candidate:  \nMSL-7 is a potent, synthetic small‐molecule activator of transcription factor EB (TFEB) that was discovered through high‐content screening methodologies and is commercially available (Cayman Chemical catalog #14818). This candidate belongs to a novel class of autophagy enhancers that exploit the calcium–calcineurin signaling pathway rather than the classical mTOR inhibition mechanism to induce nuclear translocation of TFEB (Lim et al., 2018). Unlike many mTOR inhibitors that produce a broader range of kinase and metabolic inhibition with considerable off‐target effects, MSL-7 is designed to selectively elevate cytosolic calcium in target cells, leading to the activation of the phosphatase calcineurin and subsequent dephosphorylation of TFEB (Lim et al., 2018). Subsequently, dephosphorylated TFEB translocates to the nucleus, where it binds to coordinated lysosomal expression and regulation (CLEAR) motifs and activates the transcription of genes involved in lysosomal biogenesis and autophagy (Abokyi & Tse, 2025; Chen et al., 2021). As a member of the small-molecule TFEB activators, MSL-7 represents a targeted therapeutic approach that has been primarily studied for metabolic disorders and neurodegenerative conditions and now is being considered for repurposing in dry age-related macular degeneration (AMD) due to the critical role of lysosomal dysfunction in retinal pigment epithelium (RPE) pathology (Lim et al., 2018; Abokyi & Tse, 2025).\n\nTherapeutic History:  \nThe therapeutic history of molecules that modulate TFEB activity spans multiple disease areas, including metabolic syndrome, neurodegeneration, and lysosomal storage disorders. MSL-7 itself has been evaluated in preclinical models for metabolic syndrome, showing promising metabolic improvements via its activation of the calcium–calcineurin–TFEB axis (Lim et al., 2018). In these studies, MSL-7 reversed metabolic changes through enhanced autophagic flux and improved lysosomal clearance, setting a precedent for its application in diseases where accumulation of toxic aggregates is central to pathology (Lim et al., 2018). Although MSL-7 has not been directly used for the treatment of dry AMD in clinical studies, considerable evidence from biochemical and cellular studies supports the concept that activation of TFEB can ameliorate age-dependent RPE dysfunction by promoting the clearance of lipofuscin and other toxic aggregates (Abokyi & Tse, 2025; Falcão et al., 2025). Prior studies of other TFEB activators—such as trehalose, which has been shown to enhance autophagic clearance in RPE cells—provide a robust rationale for the application of MSL-7 in retinal degenerative models (Abokyi & Tse, 2025). Moreover, the involvement of the autophagy–lysosomal network in maintaining retinal health and its impairment in AMD have been well documented, suggesting that strategies to enhance autophagic clearance via TFEB activation are both mechanistically sound and therapeutically appealing (Abokyi & Tse, 2025; Falcão et al., 2024).\n\nMechanism of Action:  \nThe molecular mechanism of MSL-7 centers on its ability to modulate intracellular calcium dynamics, which is critical for the activation of the phosphatase calcineurin. Under physiological conditions, TFEB remains phosphorylated and sequestered in the cytoplasm by the action of mTORC1 and possibly other kinases; however, when MSL-7 is applied, it elevates cytosolic calcium levels specifically in RPE cells, thereby leading to the activation of calcineurin via calcium–calmodulin interactions (Lim et al., 2018; Xu et al., 2020). Activated calcineurin then dephosphorylates TFEB at key serine residues, resulting in its release from cytoplasmic retention complexes and enabling its translocation to the nucleus (Lim et al., 2018; Xu et al., 2020). Once in the nucleus, TFEB binds to CLEAR network promoters, initiating the transcription of a suite of genes that are essential for lysosomal biogenesis, catabolic enzyme production, and enhanced autophagic flux (Abokyi & Tse, 2025; Chen et al., 2021). This transcriptional upregulation leads to an increased lysosomal capacity, improved degradation of intracellular aggregates, and enhanced recycling of damaged organelles, which is particularly beneficial in the context of RPE cells that are burdened with the accumulation of lipofuscin and A2E—byproducts of photoreceptor outer segment degradation (Abokyi & Tse, 2025; Falcão et al., 2024). The specificity of MSL-7 for the calcium–calcineurin pathway is a significant advantage, as it circumvents typical mTOR-dependent pathways and thereby minimizes the risk of widespread metabolic disruption, offering a focused therapeutic effect on the autophagy–lysosomal system (Lim et al., 2018). In addition, the robustness of the mechanism is enhanced by the fact that TFEB activation has been shown to be beneficial in a number of models related to protein aggregation and cellular clearance, including neuronal and hepatic systems, thus providing a biochemical blueprint for its potential utility in RPE repair and dry AMD intervention (Abokyi & Tse, 2025).\n\nExpected Effect:  \nWhen applied to human iPSC-derived RPE models of dry AMD that exhibit lipofuscin accumulation, MSL-7 is hypothesized to restore cellular homeostasis by robustly enhancing autophagic flux and lysosomal biogenesis. The expected cellular effects include an elevated clearance of lipofuscin-like granules and A2E, which are hallmark toxic deposits in RPE cells and are directly implicated in the pathogenesis of dry AMD (Abokyi & Tse, 2025; Falcão et al., 2025). By upregulating CLEAR network genes via the nuclear activity of TFEB, MSL-7 is anticipated to increase the number and functional capacity of lysosomes, thereby accelerating the degradation of damaged cellular components and misfolded proteins that contribute to RPE atrophy (Falcão et al., 2024; Abokyi & Tse, 2025). This enhanced clearance mechanism is particularly relevant given that the accumulation of oxidized biomolecules and damaged organelles in RPE cells is a critical factor that underlies aging-associated retinal degeneration, as evidenced by multiple studies linking TFEB activity to neuroprotection in the retina (Abokyi & Tse, 2025). Moreover, the augmentation of autophagic capacity is expected not only to mitigate the deleterious buildup of cellular waste but also to reduce pro-inflammatory signaling and oxidative stress—a dual mechanism that could slow disease progression and preserve visual acuity in patients with dry AMD (Abokyi & Tse, 2025; Falcão et al., 2025). In vitro assays using human iPSC-derived RPE cells will offer a rigorous platform to measure these effects, including assessments of lysosomal marker expression, autophagy flux (as evidenced by LC3-II conversion), and quantification of lipofuscin reduction (Falcão et al., 2024; Abokyi & Tse, 2025). Additionally, the selective reactivation of lysosomal degradation pathways through TFEB translocation is expected to help “reset” the metabolic and catabolic balance in aged RPE cells, thereby contributing to cellular rejuvenation and neuroprotection in the retinal environment (Abokyi & Tse, 2025).\n\nOverall Evaluation:  \nThe overall evaluation of MSL-7 as a potential therapeutic candidate for dry AMD is highly encouraging, primarily based on its mechanistic precision, preclinical dosing feasibility, and the strong theoretical framework underpinning TFEB activation in cellular clearance. One of the key strengths of MSL-7 lies in its ability to selectively manipulate the calcium–calcineurin–TFEB axis without broadly affecting other kinase-driven pathways such as mTOR. This specificity offers the promise of minimizing off-target effects and systemic toxicity, an important consideration particularly in treatments aimed at chronic conditions like dry AMD where long-term administration is likely (Lim et al., 2018). The established efficacy of similar TFEB activators in metabolic and neurodegenerative paradigms further supports the translational potential of MSL-7; studies have demonstrated that enhancing autophagic flux via TFEB leads to dramatic improvements in lysosomal function and aggregate clearance, outcomes that are directly translatable to the pathological features observed in AMD (Abokyi & Tse, 2025). Moreover, the experimental paradigm of using human iPSC-derived RPE models represents a state-of-the-art strategy, enabling direct observation of the drug’s effect on human retinal cells that model the disease pathology, thereby increasing the relevance of preclinical findings to clinical outcomes (Abokyi & Tse, 2025).\n\nDespite these strengths, several challenges and weaknesses must be acknowledged. First, while the mechanism of action of MSL-7 is well elucidated in non-ocular systems, direct evidence for its efficacy and safety in retinal models is still emerging; specifically, there remains a gap in data demonstrating effective delivery, sustained bioavailability, and long-term safety in ocular tissues (Lim et al., 2018; Abokyi & Tse, 2025). It is also critical to rigorously assess whether the elevation of cytosolic calcium, while sufficient to activate calcineurin, might inadvertently trigger other calcium-dependent pathways that could lead to cytotoxicity or dysregulation of normal RPE function over extended periods (Lim et al., 2018; Xu et al., 2020). Additionally, although the preclinical pharmacokinetic profiles in murine studies have been reported to be favorable, ocular pharmacokinetic and biodistribution assessments are essential given the unique anatomical and physiological barriers presented by the eye (Lim et al., 2018; Abokyi & Tse, 2025). Another potential limitation is related to the scalability of the therapeutic effect in the complex environment of the human retina, where multiple pathways contribute to disease progression, and it is conceivable that combination therapies may be required to achieve substantial clinical improvement in dry AMD patients (Abokyi & Tse, 2025; Falcão et al., 2024). Moreover, while the calcineurin–TFEB pathway is a promising target, its modulation must be finely balanced to avoid excessive autophagic activation, which in some contexts has been associated with detrimental cellular outcomes or even oncogenesis (Abokyi & Tse, 2025; Benedetti, 2020).\n\nIn summary, the evidence supporting MSL-7 as a repurposed candidate for dry AMD is compelling based on its mechanistic action that directly addresses the pathological accumulation of toxic cellular debris in RPE cells. The ability of MSL-7 to selectively induce TFEB activation via a calcium–calcineurin-mediated pathway distinguishes it from less specific autophagy enhancers and offers the dual benefit of enhanced lysosomal capacity along with improved autophagic flux (Lim et al., 2018). The accumulated literature describing the role of TFEB in neuroprotection and autophagy in the retina, coupled with the favorable pharmacological profile observed in other disease models, provides a strong foundation for the potential translation of MSL-7 into a viable therapeutic option for dry AMD (Abokyi & Tse, 2025; Falcão et al., 2025).\n\nGiven these considerations, further investigations into MSL-7 should include comprehensive in vitro assays using human iPSC-derived RPE cells to quantify improvements in autophagic flux and the clearance of lipofuscin and A2E aggregates, as well as detailed in vivo studies employing animal models that recapitulate features of dry AMD (Abokyi & Tse, 2025). Parallel efforts should also focus on optimizing drug delivery techniques to the retina to ensure adequate ocular distribution while minimizing systemic exposure. Detailed toxicological assessments will be necessary to determine the long-term safety profile of MSL-7 in retinal tissues, particularly given the chronic nature of AMD treatment regimens (Lim et al., 2018).\n\nIn conclusion, while there are clear hurdles that must be overcome before MSL-7 can be considered for clinical trials in dry AMD patients, the mechanistic rationale and preclinical promise of this candidate justify continued research and development. The specificity of MSL-7’s action via the calcium–calcineurin–TFEB pathway provides a targeted approach to enhance the autophagy–lysosomal network in RPE cells, thereby addressing one of the core pathological processes in dry AMD. Continued corroborative data, robust preclinical studies, and strategic formulation approaches will ultimately determine whether MSL-7 can fulfill its promise as a novel therapeutic avenue for this currently unmet clinical need (Lim et al., 2018; Abokyi & Tse, 2025; Abokyi & Tse, 2025).\n\nReferences  \nAbokyi, S., & Tse, D. Y.-Y. (2025). Age-related driving mechanisms of retinal diseases and neuroprotection by transcription factor EB-targeted therapy. Neural Regeneration Research, 20, 366–377. https://doi.org/10.4103/nrr.nrr-d-23-02033\n\nBenedetti, V. (2020). Analysis of TFEB nucleo-cytoplasmic shuttling dynamics in response to nutrients availability. arXiv. https://doi.org/10.13130/benedetti-valerio_phd2020-01-28\n\nChen, M., Dai, Y., Liu, S., Fan, Y., Ding, Z., & Li, D. (2021). TFEB biology and agonists at a glance. Cells, 10(2), 333. https://doi.org/10.3390/cells10020333\n\nFalcão, A. S., Lopes-da-Silva, M., Antas, P., Escrevente, C., Pedro, M., Coelho, R., Ferreira, I. S., Santos, I. P., Ciossek, T., Nicklin, P., Tenreiro, S., & Seabra, M. C. (2024). Enhancing lysosome function via mTOR/TFEB activation reduces lipofuscin-like granules in early age-related macular degeneration. bioRxiv. https://doi.org/10.1101/2024.09.17.613413\n\nFalcão, A. S., Pedro, M. L., Tenreiro, S., & Seabra, M. C. (2025). Targeting lysosomal dysfunction and oxidative stress in age-related macular degeneration. Antioxidants, 14(5), 596. https://doi.org/10.3390/antiox14050596\n\nLim, H., Lim, Y.-M., Kim, K. H., Jeon, Y. E., Park, K., Kim, J., Hwang, H.-Y., Lee, D. J., Pagire, H., Kwon, H. J., Ahn, J. H., & Lee, M.-S. (2018). A novel autophagy enhancer as a therapeutic agent against metabolic syndrome and diabetes. Nature Communications, 9, Article 3939. https://doi.org/10.1038/s41467-018-03939-w\n\nXu, J., Zhang, X.-Q., & Zhang, Z. (2020). Transcription factor EB agonists from natural products for treating human diseases with impaired autophagy-lysosome pathway. Chinese Medicine. https://doi.org/10.1186/s13020-020-00402-1\n\nFull trajectory link: https://platform.futurehouse.org/trajectories/\n', 'index': '1'}","{'hypothesis': 'Nilotinib (Tasigna®, Novartis), a c-Abl tyrosine kinase inhibitor.', 'answer': 'Proposal for Nilotinib (Tasigna®, Novartis), a c-Abl tyrosine kinase inhibitor.\n\nOverview of Therapeutic Candidate:  \nNilotinib (Tasigna®, Novartis) is a synthetic small molecule inhibitor originally developed as a second‐generation BCR–ABL tyrosine kinase inhibitor for the treatment of chronic myelogenous leukemia (CML). Developed through iterative medicinal chemistry optimization processes that sought to overcome resistance to first‐generation inhibitors such as imatinib, nilotinib is structurally designed to selectively bind the ATP-binding pocket of the c-Abl kinase, thereby inhibiting its catalytic activity (Karim et al., 2020). As a representative member of tyrosine kinase inhibitors (TKIs), nilotinib falls into the class of targeted anticancer agents that have been widely used in oncology, with extensive preclinical and clinical experience in modulating aberrant kinase signaling pathways. The synthetic origins of nilotinib involve derivatization of earlier BCR–ABL inhibitors to improve potency and specificity, and its development has been a model for the design of targeted agents in diseases driven by kinase dysregulation (Karim et al., 2020). While its initial application has been in CML, its potent inhibition of c-Abl has attracted attention for repurposing in other conditions where this kinase plays a pathological role, including neurodegeneration and, as hypothesized here, dry age-related macular degeneration (AMD) (Karim et al., 2020; Fowler et al., 2019).\n\nTherapeutic History:  \nNilotinib has a well-documented clinical history as an FDA-approved therapeutic for CML, where its efficacy and safety profile have been established across numerous clinical trials and long-term follow-up studies. Over the past decade, repurposing efforts have extended into neurodegenerative diseases based on its ability to cross the blood–brain barrier (albeit at modest concentrations) and modulate pathogenic protein aggregation via autophagy enhancement. Preclinical studies in models of α-synucleinopathy, Parkinson’s disease, and Alzheimer’s disease have demonstrated that nilotinib can reduce toxic protein burden, improve autophagic clearance, and rescue neuronal survival by inhibiting c-Abl mediated pathways (Karim et al., 2020). Despite these promising findings in neurological contexts, a systematic search of clinical trial databases reveals that nilotinib has not yet been directly investigated in dry AMD or related retinal degenerative conditions (ClinicalTrials.gov, n.d.). This lack of prior clinical evaluation in the retinal domain represents both a gap in the evidence base and an opportunity for further translational research, building on the extensive safety and pharmacokinetic data already available from its oncological and neurodegenerative applications (ClinicalTrials.gov, n.d.; Santos, Ambrósio, & Léger, 2024).\n\nMechanism of Action:  \nThe central mechanism of nilotinib is its inhibition of the aberrantly activated c-Abl tyrosine kinase. Under normal conditions, c-Abl regulates various cellular processes, including cell-cycle control, DNA repair, and stress responses. However, in pathological settings such as CML and certain neurodegenerative diseases, c-Abl becomes hyperactivated, leading to detrimental downstream effects including the activation of the tumor suppressor p53 via phosphorylation (Karim et al., 2020). In neurodegenerative models, c-Abl activation has been shown to interfere with autophagy, a critical intracellular degradation process, by upregulating p53 and inhibiting key autophagy initiators such as ULK1 and Beclin1 (Karim et al., 2020). Mechanistic studies in α-synucleinopathy models have demonstrated that nilotinib’s inhibition of c-Abl reduces the phosphorylation of p53 and decreases downstream mTORC1 signaling, thereby releasing autophagic blockades (Karim et al., 2020). Specifically, nilotinib treatment has been shown to enhance autophagic flux through increased conversion of LC3-I to LC3-II and reduced accumulation of the autophagy adaptor p62, indicating improved autophagosome formation and lysosomal clearance (Karim et al., 2020). Moreover, by inhibiting c-Abl, nilotinib alleviates the phosphorylation of ULK1 and enables its activation in an AMPK-dependent manner, which is critical for the initiation of autophagy; there is also emerging evidence that this inhibition may drive the formation or activation of the Beclin1 complex, further promoting autophagosome nucleation (Karim et al., 2020). Thus, nilotinib exerts a dual effect: it directly impedes the kinase activity of c-Abl while indirectly reactivating autophagic pathways that are otherwise suppressed by c-Abl’s pathological signaling via p53 and mTOR (Karim et al., 2020).\n\nExpected Effect:  \nBased on the hypothesized role of c-Abl in retinal pigment epithelium (RPE) dysfunction, it is anticipated that nilotinib will have several beneficial effects in the context of dry AMD. In RPE cells, chronic oxidative stress and drusen-associated stressors are known to activate c-Abl, leading to the phosphorylation and inhibition of key autophagy regulators such as ULK1 and Beclin1. This interruption of autophagic flux is believed to contribute to lipofuscin accumulation, particularly of A2E, a toxic by-product implicated in the pathogenesis of dry AMD (Kim, Hwang, & Kwon, 2020; Karim et al., 2020). By inhibiting c-Abl, nilotinib should theoretically reverse this block, restore ULK1/Beclin1 activity, and re-establish effective autophagic clearance. In in vitro RPE cell assays that employ stresses such as A2E challenge and oxidative insults, nilotinib is expected to decrease the accumulation of lipofuscin and A2E, increase markers of autophagic flux such as LC3-II, and reduce p62 levels, thereby indicating enhanced lysosomal degradation (Kim, Hwang, & Kwon, 2020; Santos, Ambrósio, & Léger, 2024). With improved autophagic processing, the cellular homeostasis within RPE cells should be restored, thereby preventing the degenerative changes that contribute to drusen formation and the overall progression of dry AMD. Furthermore, animal studies in neurodegenerative models have shown that nilotinib can lead to delayed onset of clinical symptoms and improved cell survival, lending support to the potential translational value of these mechanisms in the retinal environment (Karim et al., 2020). It is important to note that while supportive mechanistic evidence exists from neurodegeneration research, direct experimental validation of nilotinib’s impact on RPE autophagy and lipofuscin clearance in dry AMD-specific models remains to be performed (ClinicalTrials.gov, n.d.; Santos, Ambrósio, & Léger, 2024).\n\nOverall Evaluation:  \nNilotinib represents a compelling candidate for repurposing in dry age-related macular degeneration due to its well-characterized pharmacological profile, established safety through its use in CML, and promising mechanistic insights from neurodegeneration studies. One of the primary strengths of this candidate is its clear molecular mechanism: by inhibiting c-Abl, nilotinib has the potential to reverse the autophagy blockade mediated by pathological p53 activation and mTOR signaling, a mechanism that is plausibly relevant to the pathology observed in RPE cells under oxidative and drusen stress (Karim et al., 2020). The existing literature strongly supports the notion that c-Abl plays a pivotal role in autophagy regulation, with multiple studies demonstrating that its inhibition leads to enhanced autophagic clearance of toxic protein aggregates in neuronal models (Karim et al., 2020; Kim, Hwang, & Kwon, 2020). This mechanistic similarity is particularly encouraging given that autophagic dysfunction and accumulation of cellular debris such as lipofuscin (and its A2E component) are central to the progression of dry AMD (Kim, Hwang, & Kwon, 2020; Karim et al., 2020).\n\nAnother strength is the translational potential based on nilotinib’s pharmacokinetic profile. Despite challenges often associated with drug delivery to the central nervous system and ocular tissues, nilotinib has demonstrated the ability to cross the blood–brain barrier at pharmacologically relevant doses, suggesting that similar (albeit low-dose) penetration of the blood–retina barrier might be achievable. This is supported by the documented systemic administration protocols in preclinical neurodegeneration models where nilotinib exhibited biological activity in brain tissues (Karim et al., 2020), and by extension, such dosing strategies may be adapted for ocular tissues. The fact that nilotinib is already FDA-approved means that its safety profile, dosing parameters, and potential side effects are well understood, which significantly reduces the risk and accelerates the timeline for repurposing in a new indication (ClinicalTrials.gov, n.d.; Santos, Ambrósio, & Léger, 2024).\n\nHowever, there are several weaknesses and challenges that must be acknowledged. First, despite the promising mechanistic data in neurodegenerative models, direct evidence for nilotinib’s efficacy in RPE cells and in models of dry AMD is currently lacking. A systematic search of clinical trial databases has revealed no registered trials for nilotinib in the context of AMD, which suggests that while preclinical data in other systems is robust, the translational leap to retinal applications remains uncharted (ClinicalTrials.gov, n.d.). Moreover, the molecular environment in the retina, particularly within the RPE, may differ in significant ways from neuronal tissues; factors such as differential expression patterns of autophagy regulators, variations in stress response signaling, and the unique barrier properties of the retina may influence nilotinib’s ultimate efficacy (Santos, Ambrósio, & Léger, 2024; Kim, Hwang, & Kwon, 2020).\n\nAnother potential concern is the specificity of nilotinib’s activity in the ocular environment. While its primary mechanism is through c-Abl inhibition, nilotinib has been documented to interact with other kinases (such as DDR1/DDR2) at low nanomolar concentrations (Fowler et al., 2019), which could lead to off-target effects that may be undesirable in the delicate architecture of the retina. These off-target interactions could potentially disrupt normal cellular processes within the retina, potentially exacerbating rather than ameliorating retinal degeneration if not carefully controlled (Fowler et al., 2019; Hussain et al., 2019). Additionally, while nilotinib’s safety profile has been demonstrated in systemic oncology settings, the safety and tolerability of chronic nilotinib administration directly affecting ocular tissues have yet to be thoroughly evaluated. Intraocular injections or other targeted delivery methods might be required to achieve therapeutic concentrations in the retina, and these routes carry their own risks of complications, including infection and retinal detachment (Santos, Ambrósio, & Léger, 2024).\n\nIn summary, nilotinib offers a conceptually appealing avenue for the treatment of dry AMD by targeting a clear molecular driver—c-Abl mediated autophagy dysfunction—that is implicated in the accumulation of toxic aggregates in RPE cells. The extensive preclinical data from neurodegenerative models provides a strong foundation that supports the hypothesis that nilotinib can restore autophagic flux by reactivating ULK1/Beclin1 function and reducing p53-mediated inhibition (Karim et al., 2020). The fact that nilotinib is already approved for human use and has well-characterized pharmacokinetics and safety data further enhances its attractiveness for repurposing. Nonetheless, significant hurdles remain, most notably the absence of direct evidence in retinal models, potential differences in drug permeability and target engagement in RPE cells, and the risk of off-target effects in ocular tissues. These challenges underscore the need for rigorous preclinical validation in RPE culture systems (e.g., using A2E challenge assays) and well-designed dry AMD animal models before advancing to clinical trials (ClinicalTrials.gov, n.d.; Santos, Ambrósio, & Léger, 2024).\n\nOverall, given its mechanistic rationale, previous efficacy in related neurodegenerative contexts, and favorable safety profile in oncology, nilotinib stands out as a promising candidate for further exploration as a treatment for dry AMD. Its repurposing offers a high translational value with the potential to address a major unmet medical need, provided that future studies can confirm its ability to cross the blood–retina barrier, restore autophagic processing in RPE cells, and ultimately prevent RPE degeneration without incurring significant ocular toxicity (Fowler et al., 2019; Karim et al., 2020). Continued interdisciplinary research involving detailed biochemical studies, targeted delivery assessments, and in vivo pharmacodynamic evaluations will be critical to fully validate nilotinib’s therapeutic potential in the context of dry AMD.\n\nReferences  \nClinicalTrials.gov. (n.d.). Nilotinib and age-related macular degeneration or retinal degeneration or retinal pigment epithelium or autophagy [Search results]. Retrieved April 1, 2024, from https://clinicaltrials.gov  \nFowler, A. J., Hebron, M., Missner, A. A., Wang, R., Gao, X., Kurd-Misto, B. T., Liu, X., & Moussa, C. E.-H. (2019). Multikinase abl/ddr/src inhibition produces optimal effects for tyrosine kinase inhibition in neurodegeneration. Drugs in R&D, 19, 149–166. https://doi.org/10.1007/s40268-019-0266-z  \nHussain, T., Zhao, D., Shah, S. Z. A., Sabir, N., Wang, J., Liao, Y., Song, Y., Dong, H., Mangi, M. H., Ni, J., Yang, L., & Zhou, X. (2019). Nilotinib: A tyrosine kinase inhibitor mediates resistance to intracellular mycobacterium via regulating autophagy. Cells, 8, 506. https://doi.org/10.3390/cells8050506  \nKarim, M. R., Liao, E. E., Kim, J., Meints, J., Martell Martinez, H., Pletnikova, O., Troncoso, J. C., & Lee, M. K. (2020). α-Synucleinopathy associated c-Abl activation causes p53-dependent autophagy impairment. Molecular Neurodegeneration. https://doi.org/10.1186/s13024-020-00364-w  \nKim, D., Hwang, H.-Y., & Kwon, H. J. (2020). Targeting autophagy in disease: Recent advances in drug discovery. Expert Opinion on Drug Discovery, 15, 1045–1063. https://doi.org/10.1080/17460441.2020.1773429  \nSantos, P. F., Ambrósio, A. F., & Léger, H. (2024). The importance of kinases in retinal degenerative diseases. Kinases and Phosphatases, 2, 93–109. https://doi.org/10.3390/kinasesphosphatases2010006\n\nFull trajectory link: https://platform.futurehouse.org/trajectories/\n', 'index': '3'}"
"(Tubastatin A, 2)","(3,4-Dimethoxychalcone, 4)","Both candidates seek to enhance autophagic clearance in RPE cells, a central pathogenic process in dry AMD. Candidate 1, Tubastatin A, is a well‐characterized, selective HDAC6 inhibitor with extensive preclinical data in oncology and neurodegeneration demonstrating its ability to boost α-tubulin acetylation, enhance microtubule stability, and restore autophagosome–lysosome trafficking. Its mechanism is clearly defined, highly specific to HDAC6, and supported by nanomolar potency and favorable tolerability in CNS models. The primary weakness is the lack of direct ocular model data and unknown retinal bioavailability. Candidate 2, 3,4-Dimethoxychalcone (DMC), is a small chalcone derivative reported to activate TFEB in an mTOR-independent manner, upregulating lysosomal biogenesis and autophagy gene networks. DMC’s mechanism addresses autophagy at the transcriptional level and potentially avoids mTOR-associated immunosuppression, but evidence is largely from non-ocular systems, and its precise selectivity and safety profile remain less defined. Both compounds require validation in iPSC-derived RPE and in vivo AMD models and evaluation of ocular penetration. Overall, Tubastatin A benefits from deeper mechanistic clarity, selective target engagement, and established preclinical safety, whereas DMC, despite promising novelty, suffers from limited direct evidence in RPE and potential off-target liabilities typical of chalcones.","Tubastatin A (Candidate 2) is selected as the winner because it possesses a robust, well-validated mechanism directly linked to autophagic rescue via HDAC6 inhibition, supported by extensive preclinical safety and efficacy in related neurodegenerative contexts. Its target biology is specific and central to autophagosome transport, and its favorable ADME and tolerability profiles in CNS studies suggest feasibility for ocular repurposing. In contrast, DMC (Candidate 4), while mechanistically intriguing as a TFEB activator, lacks direct evidence in retinal models, has an ambiguous mTOR-independence profile, and raises greater uncertainty around selectivity, safety, and ocular pharmacokinetics.",1,"(2, 4)","{'hypothesis': 'Tubastatin A (Sigma-Aldrich catalog #SML0044), a selective HDAC6 inhibitor.', 'answer': ""Proposal for Tubastatin A (Sigma-Aldrich catalog #SML0044), a selective HDAC6 inhibitor.\n\nOverview of Therapeutic Candidate: Tubastatin A is a fully synthetic, selective inhibitor of histone deacetylase 6 (HDAC6) that belongs to the hydroxamate-based class of HDAC inhibitors and is also classified among diarylamine-based derivatives. Originally inspired by the structure of tubacin, Tubastatin A was conceived through rational, structure-based drug design employing modern medicinal chemistry approaches that take advantage of the unique dimensions and catalytic zinc‐dependent active site of HDAC6 (Simões-Pires, Bertrand, & Cuendet, 2017; Wang, Wan, & Liu, 2018). Its chemical synthesis is characterized by straightforward methodologies involving less than five linear steps, which not only streamlines the production process but also facilitates the rapid derivation of analog series for further preclinical development (Simões-Pires, Bertrand, & Cuendet, 2017; Batchu, Brijmohan, & Advani, 2016). In addition to the common hydroxamate zinc-binding motif, structural modifications such as the incorporation of a rigid, selectively tuned carbazole cap have contributed to Tubastatin A’s high selectivity for HDAC6 over other isoforms (Butler et al., 2010; Shen & Kozikowski, 2020a). As a member of a growing portfolio of HDAC6 inhibitors that originated from oncology and neurodegenerative research, Tubastatin A offers a well-documented chemical scaffold that has been optimized for both potency—with an IC₅₀ of approximately 15 nM—and favorable pharmacological properties including significant selectivity and in vivo tolerability (Wang, Wan, & Liu, 2018; Butler et al., 2010). Its synthetic origin and evolution from earlier molecules exemplify current trends in epigenetic drug discovery, where the focus is on generating compounds with high specificity toward individual HDAC family members to mitigate off-target effects while maintaining anticancer or neuroprotective efficacy (Batchu, Brijmohan, & Advani, 2016; Cosenza & Pozzi, 2018).\n\nTherapeutic History: Tubastatin A has been extensively evaluated in preclinical studies within oncology and neurodegenerative disease frameworks, where HDAC6 has been implicated as a pivotal regulatory enzyme in both cancer cell survival and neuronal homeostasis (Simões-Pires, Bertrand, & Cuendet, 2017; Kalin & Bergman, 2013). In cancer research, Tubastatin A and its diarylamine- and hydroxamate-based analogs have been leveraged for their ability to selectively inhibit HDAC6-mediated deacetylation, thereby restoring acetylation of α-tubulin and counteracting aberrant cellular processes that are characteristic of malignant transformation. For instance, studies in multiple myeloma models have shown that selective inhibition of HDAC6 can create a therapeutic window that minimizes the collateral effects frequently observed with broad-spectrum HDAC inhibitors (Simões-Pires, Bertrand, & Cuendet, 2017). Parallel to its oncology applications, Tubastatin A has been assessed in a number of neuroprotective paradigms, where its action in increasing tubulin acetylation has been linked to the restoration of axonal transport mechanisms, mitochondrial dynamics, and overall neuronal integrity (Wang, Wan, & Liu, 2018; Butler et al., 2010). In rodent models of tauopathy and other neurodegenerative conditions, inhibition of HDAC6 with Tubastatin A has resulted in improvements in behavioral outcomes and the reduction of toxic protein aggregates, thereby lending credence to its molecular mechanism of action and efficacy in improving cellular autophagy (Kalin & Bergman, 2013; Selenica et al., 2014). Despite these promising preclinical results, there is as yet limited direct evidence of Tubastatin A being applied in models of dry age-related macular degeneration (AMD) or in vivo studies specifically addressing retinal pigment epithelium (RPE) cell dysfunction; however, several reports have highlighted the potential of HDAC6 inhibitors to modulate cellular processes, such as autophagosome–lysosome trafficking, that are directly relevant to the pathophysiology of dry AMD (Kalin & Bergman, 2013; Buniello et al., 2025). Moreover, the favorable ADME profiles and established tolerability demonstrated by Tubastatin A in central nervous system (CNS) models suggest that repurposing this drug for ocular applications, while innovative, would build on a robust preclinical framework documented in other therapeutic areas (Shen et al., 2020b; Cosenza & Pozzi, 2018). Thus, from a therapeutic history perspective, Tubastatin A’s well-characterized profile in non-ocular systems and its mechanistic implications on autophagy present a compelling rationale for its evaluation as a candidate for dry AMD, while also noting that direct studies in retinal models remain a gap to be addressed in future investigations (Kalin & Bergman, 2013; Selenica et al., 2014).\n\nMechanism of Action: At the molecular level, Tubastatin A exerts its pharmacological effects by selectively inhibiting HDAC6, a cytoplasmic enzyme that is uniquely involved in the deacetylation of non-histone proteins. The principal substrate of HDAC6 is α-tubulin, a major component of the microtubule network, whose acetylation status is critical for maintaining microtubule stability and facilitating intracellular transport events (Wang, Wan, & Liu, 2018; Butler et al., 2010). By binding to the active site of HDAC6 through its hydroxamate zinc-binding group, Tubastatin A chelates the catalytic zinc ion and thereby blocks the deacetylation reaction, leading to an accumulation of acetylated α-tubulin (Butler et al., 2010; Shen & Kozikowski, 2020a). This increase in tubulin acetylation enhances the binding affinity of motor proteins—such as dynein—which are essential for driving the microtubule-dependent movement of vesicles and organelles (Shen & Kozikowski, 2020a; Shen et al., 2020b). In particular, the microtubule network plays a critical role in the movement of autophagosomes towards lysosomes, a process that is necessary for the maturation of autophagic vesicles and the subsequent degradation of cellular waste such as misfolded proteins and toxic lipid aggregates (Curcio et al., 2024; Shen & Kozikowski, 2020a). In neurodegenerative models, enhanced acetylation of microtubules by Tubastatin A has been shown to restore axonal transport as well as improve the clearance of abnormal tau proteins, thereby mitigating neurotoxicity (Kalin & Bergman, 2013; Selenica et al., 2014). This mechanism is of particular interest with respect to retinal pigment epithelium function in dry AMD because RPE cells are known to accumulate lipofuscin and A2E as a result of impaired autophagic flux under oxidative stress conditions (Kalin & Bergman, 2013; Buniello et al., 2025). The working hypothesis posits that HDAC6-mediated deacetylation of α-tubulin and autophagy-related proteins hampers the effective transport and fusion of autophagosomes with lysosomes; thus, by inhibiting HDAC6 with Tubastatin A, one can restore the acetylation status of these key proteins, enhance the motility of autophagosomes via improved dynein engagement, and ultimately promote the degradation of accumulated toxic substances (Shen & Kozikowski, 2020a; Olaoye et al., 2021). Furthermore, by selectively targeting HDAC6 without broadly inhibiting other histone deacetylases, Tubastatin A limits potential off-target effects that have historically been associated with non-selective HDAC inhibitors, thereby improving its safety margin and therapeutic index (Wang, Wan, & Liu, 2018; Butler et al., 2010). These molecular interactions collectively provide a plausible biochemical explanation for the observed neuroprotective and autophagy-enhancing effects of Tubastatin A in preclinical studies (Shen & Kozikowski, 2020a; Selenica et al., 2014).\n\nExpected Effect: In the context of the proposed in vitro assays using induced pluripotent stem cell (iPSC)-derived retinal pigment epithelium (RPE) cells, it is expected that treatment with Tubastatin A will lead to a measurable increase in the acetylation of α-tubulin and autophagy-related proteins such as LC3. This pharmacodynamic response is anticipated to facilitate improved recruitment and binding of the dynein motor complex to microtubules, thereby enhancing autophagosome transport toward lysosomes (Wang, Wan, & Liu, 2018; Kalin & Bergman, 2013). Under conditions of oxidative stress—a known contributory factor in dry AMD pathogenesis—RPE cells typically exhibit impaired autophagic flux, leading to the accumulation of lipofuscin and A2E, which are cytotoxic by-products of incomplete degradation pathways (Kalin & Bergman, 2013; Buniello et al., 2025). The hypothesis guiding the proposed studies is that by inhibiting HDAC6, Tubastatin A will “rescue” the autophagic pathway; increased microtubule acetylation is expected to enhance the velocity and efficiency of autophagosomal movement across the cytoskeletal network, promoting more efficient fusion with lysosomes and subsequent degradation of cellular debris (Shen & Kozikowski, 2020a). This effect can be quantitatively assessed by monitoring changes in LC3-II levels, the clearance of accumulated lipofuscin and A2E, and overall improvements in RPE cell viability and function in stressed cultures (Olaoye et al., 2021; Curcio et al., 2024). Moreover, given that HDAC6 is expressed in RPE cells, as evidenced by reports linking HDAC6 activity to both neural and epithelial pathologies, a targeted inhibition is hypothesized to directly ameliorate the intracellular trafficking bottlenecks that lead to the pathogenic buildup of waste products (Kalin & Bergman, 2013; Shen et al., 2020b). The expected cellular outcomes include restoration of autophagic flux, increased clearance of detrimental aggregates, reduction in oxidative stress markers, and the preservation or improvement of RPE cellular integrity, all of which are critical for maintaining retinal homeostasis and mitigating progression in dry AMD (Buniello et al., 2025; Shen & Kozikowski, 2020a). The compound’s documented in vivo tolerability and CNS penetration further support the notion that Tubastatin A, if capable of traversing ocular barriers, may exert similar beneficial effects within the retinal microenvironment (Wang, Wan, & Liu, 2018; Cosenza & Pozzi, 2018).\n\nOverall Evaluation: In summary, Tubastatin A emerges as a promising repurposed therapeutic candidate for dry age-related macular degeneration based on its well-established activity as a selective HDAC6 inhibitor, its robust synthetic accessibility, and its capacity to modulate autophagy-related processes. Strengths of Tubastatin A include its high potency (nanomolar IC₅₀), remarkable selectivity against other HDAC isoforms—which minimizes adverse off-target effects—and its documented ability to enhance acetylation of α-tubulin, thereby restoring microtubule stability and facilitating the transport of autophagic vesicles (Wang, Wan, & Liu, 2018; Butler et al., 2010). Its proven efficacy in models of neurodegeneration—in which similar cellular impairments of autophagosome trafficking and protein clearance are observed—adds further weight to the rationale for its application in RPE dysfunction associated with dry AMD (Kalin & Bergman, 2013; Selenica et al., 2014). The mechanistic hypothesis that HDAC6 inhibition can restore autophagosome–lysosome fusion and thereby accelerate the clearance of lipofuscin and A2E under oxidative conditions is supported by analogous findings in neuronal systems and emerging evidence from cellular assays (Kalin & Bergman, 2013; Shen & Kozikowski, 2020a). Additionally, Tubastatin A’s synthetic route, which permits rapid analog generation, its favorable ADME profiles, and the availability of preclinical safety data contribute significantly to its feasibility as a candidate for repurposing in ophthalmic applications (Shen & Kozikowski, 2020a; Cosenza & Pozzi, 2018).\n\nNevertheless, there remain some concerns and challenges that warrant attention. One of the primary weaknesses lies in the current paucity of direct evidence supporting Tubastatin A’s efficacy in ocular models or its ability to effectively penetrate the blood–retina barrier (Buniello et al., 2025; Kalin & Bergman, 2013). Furthermore, while the mechanistic data from neurodegenerative and oncological studies are compelling, translating these effects to the context of dry AMD will require careful verification in retinal-specific in vitro and in vivo systems. There is also the potential for unforeseen off-target effects in the unique microenvironment of the retina, where chronic oxidative stress and inflammatory cues may alter drug distribution or action (Shen & Kozikowski, 2020a). Additionally, although Tubastatin A’s selectivity minimizes inhibition of other HDAC isoforms, the role of non-HDAC6 deacetylation in maintaining retinal homeostasis is not fully elucidated; thus, comprehensive studies are needed to ensure that selective HDAC6 inhibition does not inadvertently disrupt other critical regulatory pathways within the RPE (Selenica et al., 2014; Butler et al., 2010).\n\nIn conclusion, Tubastatin A’s established profile as a potent, selective HDAC6 inhibitor—with its inherent ability to boost α-tubulin acetylation and thereby enhance autophagic trafficking—provides a strong scientific rationale for its further evaluation as a therapeutic candidate for dry AMD. The candidate’s chemical and pharmacological attributes, which have been validated in parts through oncology and neurodegenerative research, align well with the proposed mechanism of action whereby impaired autophagosome–lysosome fusion contributes to RPE dysfunction in dry AMD. While pre-existing data primarily focus on its anti-tumor and neuroprotective roles, the mechanistic similarities shared between neuronal autophagic deficits and RPE deficits under oxidative stress conditions support the hypothesis that Tubastatin A may improve autophagic clearance of lipofuscin and A2E, thereby preserving RPE integrity (Kalin & Bergman, 2013; Buniello et al., 2025; Shen & Kozikowski, 2020a).\n\nMoving forward, it will be critical to design rigorous preclinical studies using iPSC-derived RPE cells and appropriate animal models to evaluate the pharmacokinetics, ocular bioavailability, and long-term safety of Tubastatin A in the retinal setting. Such studies should incorporate detailed analyses of autophagy markers, lysosomal function, and the clearance kinetics of toxic aggregates under oxidative conditions. Additionally, investigations addressing potential off-target impacts and the capacity of Tubastatin A to penetrate ocular barriers will be essential to fully validate its repurposing for dry AMD. On balance, despite the current gaps in direct evidence for ocular applications, the strengths—including its targeted mechanism, robust safety profile in non-ocular systems, and ease of synthesis—position Tubastatin A as an attractive candidate for repurposing. It represents a scientifically sound and strategically promising approach to address the autophagic dysfunction underlying dry AMD, thereby meriting further investigation as part of an innovative therapeutic strategy (Wang, Wan, & Liu, 2018; Butler et al., 2010; Shen & Kozikowski, 2020a; Shen et al., 2020b).\n\nReferences\n\nBatchu, S. N., Brijmohan, A. S., & Advani, A. (2016). The therapeutic hope for HDAC6 inhibitors in malignancy and chronic disease. Clinical Science, 130(12), 987–1003. https://doi.org/10.1042/cs20160084\n\nBuniello, A., et al. (2025). Open Targets Platform: Facilitating therapeutic hypotheses building in drug discovery. Nucleic Acids Research\n\nButler, K. V., Kalin, J., Brochier, C., Vistoli, G., Langley, B., & Kozikowski, A. P. (2010). Rational design and simple chemistry yield a superior, neuroprotective HDAC6 inhibitor, tubastatin A. Journal of the American Chemical Society, 132(31), 10842–10846. https://doi.org/10.1021/ja102758v\n\nCosenza, M., & Pozzi, S. (2018). The therapeutic strategy of HDAC6 inhibitors in lymphoproliferative disease. International Journal of Molecular Sciences, 19(8), 2337. https://doi.org/10.3390/ijms19082337\n\nCurcio, A., Rocca, R., Alcaro, S., & Artese, A. (2024). The histone deacetylase family: structural features and application of combined computational methods. Pharmaceuticals, 17(5), 620. https://doi.org/10.3390/ph17050620\n\nKalin, J. H., & Bergman, J. A. (2013). Development and therapeutic implications of selective histone deacetylase 6 inhibitors. Journal of Medicinal Chemistry, 56(16), 6297–6313. https://doi.org/10.1021/jm4001659\n\nOlaoye, O. O., Watson, P. R., Nawar, N., Geletu, M., Sedighi, A., Bukhari, S., Raouf, Y. S., Manaswiyoungkul, P., Erdogan, F., Abdeldayem, A., Cabral, A. D., Hassan, M. M., Toutah, K., Shouksmith, A. E., Gawel, J. M., Israelian, J., Radu, T. B., Kachhiyapatel, N., … Gunning, P. T. (2021). Unique molecular interaction with the histone deacetylase 6 catalytic tunnel: crystallographic and biological characterization of a model chemotype. Journal of Medicinal Chemistry, 64, 2691–2704. https://doi.org/10.1021/acs.jmedchem.0c01922\n\nSelenica, M.-L., Benner, L., Housley, S. B., Manchec, B., Lee, D. C., Nash, K. R., Kalin, J., Bergman, J. A., Kozikowski, A., Gordon, M. N., & Morgan, D. (2014). Histone deacetylase 6 inhibition improves memory and reduces total tau levels in a mouse model of tau deposition. Alzheimer's Research & Therapy, 6, 12. https://doi.org/10.1186/alzrt241\n\nShen, S., & Kozikowski, A. P. (2020a). A patent review of histone deacetylase 6 inhibitors in neurodegenerative diseases (2014–2019). Expert Opinion on Therapeutic Patents, 30, 121–136. https://doi.org/10.1080/13543776.2019.1708901\n\nShen, S., Svoboda, M., Zhang, G., Cavasin, M. A., Motlova, L., McKinsey, T. A., Eubanks, J. H., Bařinka, C., & Kozikowski, A. P. (2020b). Structural and in vivo characterization of tubastatin A, a widely used histone deacetylase 6 inhibitor. ACS Medicinal Chemistry Letters, 11(5), 706–712. https://doi.org/10.1021/acsmedchemlett.9b00560\n\nSimões-Pires, C. A., Bertrand, P., & Cuendet, M. (2017). Novel histone deacetylase 6 (HDAC6) selective inhibitors: A patent evaluation (WO2014181137). Expert Opinion on Therapeutic Patents, 27, 229–236. https://doi.org/10.1080/13543776.2017.1282945\n\nWang, X.-X., Wan, R.-Z., & Liu, Z.-P. (2018). Recent advances in the discovery of potent and selective HDAC6 inhibitors. European Journal of Medicinal Chemistry, 143, 1406–1418. https://doi.org/10.1016/j.ejmech.2017.10.040\n\nFull trajectory link: https://platform.futurehouse.org/trajectories/\n"", 'index': '2'}","{'hypothesis': '3,4-Dimethoxychalcone (DMC; Cayman Chemical catalog #CAY32002), a mTOR-independent TFEB activator.', 'answer': 'Proposal for 3,4-Dimethoxychalcone (DMC; Cayman Chemical catalog #CAY32002), a mTOR-independent TFEB activator.\n\nOverview of Therapeutic Candidate:  \n3,4-Dimethoxychalcone (DMC; Cayman Chemical catalog #CAY32002) is a small synthetic chalcone derivative belonging to the flavonoid family that has emerged in preclinical studies as a potent modulator of autophagy and lysosomal biogenesis. Derived through conventional organic synthetic routes involving aldol condensation reactions between appropriately substituted aromatic aldehydes and acetophenones, DMC exhibits a chalcone scaffold decorated with two methoxy groups that enhance its lipophilicity and potential bioactivity. Its chemical simplicity confers excellent drug‐like properties including favorable solubility, ease of synthesis, and established routes for chemical modification, thereby making it an attractive candidate for repurposing in indications such as dry age‐related macular degeneration (AMD) where manipulation of autophagic flux is desired (Gupta et al., 2023; Carmona-Gutierrez et al., 2019). This compound has been investigated primarily for its ability to stimulate autophagy via transcription factor EB (TFEB) activation, a central regulator of lysosomal biogenesis and autophagy that is crucial for cellular clearance mechanisms in postmitotic cells including those in the retinal pigment epithelium (RPE) (Carmona-Gutierrez et al., 2025; Falcão et al., 2024).\n\nTherapeutic History:  \nHistorically, chalcones have been explored extensively in the context of longevity, anti‐cancer therapies, and metabolic regulation due to their versatile bioactivity profiles. DMC, in particular, has been reported to induce autophagy and promote lysosomal clearance in various cell types, with evidence emerging from studies in both mammalian cell culture systems and invertebrate models such as Caenorhabditis elegans. In one well‐documented study, DMC was shown to promote autophagic flux, leading to improved clearance of protein aggregates and damaged organelles without engaging the classical inhibition of the mammalian target of rapamycin (mTOR) pathway—a mechanism that distinguishes it from rapalogs and may reduce associated immunosuppressive liabilities (Gupta et al., 2023; Carmona-Gutierrez et al., 2025). Although most of the pre‐clinical investigations using DMC have focused on its beneficial effects in the context of cardiac injury and age‐related neurodegeneration, these studies provide a strong rationale to consider its repurposing for diseases with an autophagy–lysosomal dysfunction component such as dry AMD (Lu et al., 2021; Falcão et al., 2024). Furthermore, the literature on alternative TFEB activators—such as trehalose and rapamycin—in RPE cells and AMD models underscore the therapeutic promise of targeting TFEB, even though direct reports of DMC use in AMD models remain limited; instead, the extrapolation of its mechanism from other systems supports its evaluation in RPE-specific assays (Falcão et al., 2024; Falcão et al., 2025).\n\nMechanism of Action:  \nThe molecular underpinnings of DMC’s activity center on its capacity to induce TFEB dephosphorylation and promote its nuclear translocation in a manner that appears to bypass the canonical mTORC1 inhibitory pathway. Under homeostatic conditions, TFEB is phosphorylated by mTORC1, which sequesters it in the cytoplasm and limits its transcriptional regulation of genes involved in lysosomal and autophagy pathways. In stress situations, however, TFEB can undergo dephosphorylation—commonly mediated by the phosphatase calcineurin—allowing it to translocate into the nucleus, bind to coordinated lysosomal expression and regulation (CLEAR) elements, and upregulate a broad array of lysosomal hydrolases, membrane proteins, and autophagy-related genes (Pan et al., 2019; Falcão et al., 2024). DMC is hypothesized to engage this calcineurin–TFEB axis directly, thereby inducing TFEB dephosphorylation without necessitating upstream mTOR inhibition. This mechanism is particularly advantageous given that it avoids the systemic immunosuppressive effects observed with rapamycin-like compounds that target mTOR directly (Gupta et al., 2023; Carmona-Gutierrez et al., 2025). Importantly, in primary neuronal and epithelial models, treatment with DMC has been reported to increase lysosome number, enhance cathepsin activity, and stimulate autophagic flux, all indicative of robust TFEB activation (Carmona-Gutierrez et al., 2025). On a biochemical level, the compound appears to trigger a signaling cascade that culminates in the dephosphorylation of key regulatory residues on TFEB, thereby relieving its cytoplasmic retention. Once in the nucleus, TFEB binds to CLEAR network promoters, simultaneously inducing genes responsible for lysosomal biogenesis (e.g., LAMP1, Cathepsin D) as well as components of the autophagic machinery, which collectively enhance the cell’s capacity to clear damaged organelles and protein aggregates (Falcão et al., 2024; Falcão et al., 2025). Despite isolated reports suggesting that DMC might also exert mTOR inhibitory effects (as observed in certain cardiovascular studies), the prevailing data supporting an mTOR-independent activation of TFEB confers mechanistic specificity that is critical for its proposed use in dry AMD, where minimizing off-target immunosuppressive effects is essential (Lu et al., 2021; Gupta et al., 2023).\n\nExpected Effect:  \nIn the context of dry AMD, the RPE is burdened with the accumulation of photo-oxidized bisretinoids such as A2E and lipofuscin granules, which disrupt normal cellular function and eventually lead to cell death. The expected pharmacological effect of DMC in relevant assays centers on its capacity to induce TFEB nuclear translocation in RPE cells, consequently upregulating genes that drive lysosomal biogenesis and autophagic clearance. By enhancing the lysosomal degradation machinery, DMC would ideally promote the removal of toxic aggregates associated with oxidative stress and cellular aging, thus preserving RPE cell viability (Falcão et al., 2024; Falcão et al., 2025). In practical terms, when applied to human induced pluripotent stem cell (iPSC)-derived RPE cells loaded with A2E, DMC is anticipated to reduce intracellular levels of this toxic byproduct along with the associated lipofuscin burden, thereby mitigating cellular stress and preventing cell death. Moreover, the activation of the TFEB pathway is expected to bolster additional cytoprotective responses, including the upregulation of cathepsin activity and other lysosomal hydrolases that contribute to a more efficient degradation of phagocytosed photoreceptor outer segment debris, a function that is crucial for RPE homeostasis (Pan et al., 2019; Falcão et al., 2025). The enhanced autophagic flux facilitated by DMC is also likely to intersect with antioxidative pathways, potentially engaging the NRF2/KEAP1 axis, which further reinforces cellular defenses against oxidative damage—a major contributing factor in AMD pathogenesis (Falcão et al., 2025). Thus, in preclinical assays and future in vivo dry AMD models, DMC should manifest as a compound that not only clears deleterious aggregates but also restores overall lysosomal function and cellular homeostasis without the deleterious side effects often associated with mTOR inhibitors (Falcão et al., 2024; Pan et al., 2019).\n\nOverall Evaluation:  \nThe evaluation of 3,4-Dimethoxychalcone (DMC) as a repurposed therapeutic candidate for dry AMD presents several compelling strengths alongside certain challenges that must be critically addressed through further research. Among the primary strengths is DMC’s ability to modulate the TFEB pathway in a manner that is claimed to be independent of mTOR inhibition. This mTOR-independent mechanism offers a significant advantage over traditional mTOR inhibitors such as rapamycin, as it theoretically minimizes the risk of systemic immunosuppression and other mTOR-related side effects while still harnessing the potent autophagy-enhancing and lysosome-boosting effects mediated by TFEB (Gupta et al., 2023; Carmona-Gutierrez et al., 2025). Additionally, the favorable physicochemical properties of DMC—including its small molecular size, established synthetic routes, and amenable solubility profile—facilitate its potential development as a therapeutic agent for ocular applications where drug delivery and tissue penetration into the retina are critical considerations (Carmona-Gutierrez et al., 2019). The compound’s demonstrated capacity to increase lysosomal number, stimulate cathepsin activity, and elevate autophagic flux in other cell types further supports its viability as a candidate for clearing chronic intracellular accumulations characteristic of dry AMD (Falcão et al., 2024).\n\nFrom a biochemical standpoint, the targeted activation of the calcineurin–TFEB axis by DMC aligns well with current therapeutic strategies aimed at restoring cellular homeostasis in degenerative diseases. By promoting nuclear translocation of TFEB without broadly inhibiting mTOR, DMC could specifically upregulate genes involved not only in lysosomal biogenesis but also in general autophagic processing, thereby addressing both the accumulation of toxic aggregates (such as A2E and lipofuscin granules) and the compromised cellular clearance pathways in the RPE (Pan et al., 2019; Falcão et al., 2025). Moreover, the potential engagement of downstream protective pathways—possibly including cross-talk with the NRF2-mediated antioxidative response—accentuates DMC’s promise as a dual-action compound that simultaneously mitigates oxidative stress and improves proteostasis in retinal cells (Falcão et al., 2025).\n\nHowever, notable weaknesses and uncertainties remain that merit cautious consideration. First, although DMC has been shown in various experimental models to enhance autophagic and lysosomal functions, direct evidence supporting its efficacy specifically in RPE cells or in animal models of dry AMD is currently limited. Most reports detailing its mechanism originate from studies in cardiac and neuronal contexts, leaving a gap in replication and validation within ocular tissues. This translational gap necessitates rigorous preclinical testing using human iPSC-derived RPE cells and established dry AMD animal models to confirm that the TFEB activation observed in other systems translates effectively to the RPE environment (Ghosh et al., 2024; Ghosh et al., 2023).\n\nAnother challenge lies in the mechanistic ambiguity surrounding whether DMC acts entirely in an mTOR-independent fashion. While several studies extol its ability to activate TFEB without direct mTOR suppression—thus avoiding the side effects of mTOR inhibitors—other reports have suggested that related compounds may exhibit some degree of mTOR inhibition, which could potentially complicate the pharmacological profile of DMC (Lu et al., 2021; Gupta et al., 2023). This discrepancy underscores the need for detailed mechanistic studies using RPE-specific models to delineate the precise signaling cascades engaged by DMC, including assessment of calcineurin activity, TFEB dephosphorylation status, and the downstream transcriptional activation of CLEAR network genes (Gupta et al., 2023; Carmona-Gutierrez et al., 2025).\n\nFurthermore, while the proposed benefits of enhanced autophagic flux and lysosomal biogenesis are clear, the potential for off-target effects, long-term toxicity, and issues related to drug delivery in the ocular environment must be thoroughly evaluated. Ocular pharmacokinetics can differ markedly from systemic profiles, and the challenges associated with ensuring adequate retinal bioavailability—particularly in the context of the blood–retina barrier—should not be underestimated. In addition, the possible influence of DMC on other cellular pathways, such as those governing mitochondrial function and metabolic regulation, may introduce additional layers of complexity when considering chronic treatment regimens for a slowly progressing condition like dry AMD (Ghosh et al., 2024; Gupta et al., 2023).\n\nIn terms of translational potential, DMC’s repurposing for dry AMD would benefit from head-to-head comparisons with other TFEB activators that have been studied in RPE cells, such as trehalose and rapamycin. While these agents have already demonstrated beneficial effects on lipofuscin clearance and oxidative stress reduction in experimental settings, the distinct advantage of DMC may reside in its ability to engage the TFEB pathway without the collateral effects on mTOR, thereby offering a cleaner safety profile. Nevertheless, systematic studies comparing dose–response relationships, pharmacodynamics, and potential synergistic effects with other autophagy modulators will be essential prior to advancing DMC into clinical development (Falcão et al., 2024; Falcão et al., 2025).\n\nAn additional consideration is the heterogeneity present among dry AMD patients. Genetic factors, such as the presence of the CFH Y402H variant, and environmental stressors can influence the progression and severity of RPE degeneration. It will be critical to establish whether DMC’s TFEB-mediated effects are robust across different RPE phenotypes and whether any differential responses may necessitate patient stratification in future clinical trials. The potential for DMC to rescue autophagy-related gene expression and lysosomal function, as suggested by similar findings with TFEB activators in other models, provides a strong impetus for such studies, but careful experimental design will be paramount (Ghosh et al., 2024; Ghosh et al., 2023).\n\nOverall, the repurposing of 3,4-Dimethoxychalcone as a therapeutic candidate for dry AMD is supported by a solid rationale predicated on its capacity to activate TFEB and enhance autophagic and lysosomal processes in a manner that is potentially independent of mTOR inhibition. Its chemical properties, ease of synthesis, and preliminary evidence from related experimental models collectively argue in favor of its evaluation in RPE-specific assays and animal models of dry AMD. At the same time, key challenges—including the need for clear demonstration of its mTOR-independent mechanism in ocular tissues, comprehensive toxicity profiling, and optimization of drug delivery strategies—must be addressed in subsequent preclinical studies. Given the robust body of literature supporting the critical role of TFEB in maintaining RPE health and mitigating lipofuscin accumulation, DMC stands out as a promising candidate that could offer a novel approach to the treatment of dry AMD, provided that future research confirms its efficacy and safety in the retinal context (Ghosh et al., 2023; Ghosh et al., 2024; Gupta et al., 2023).\n\nIn conclusion, the current comprehensive literature review suggests that 3,4-Dimethoxychalcone exhibits significant potential as a repurposed drug candidate for dry AMD. Its unique mechanism of inducing TFEB dephosphorylation and promoting lysosomal biogenesis—thereby enhancing autophagic clearance of photo-oxidized bisretinoids and lipofuscin granules—addresses a fundamental pathogenic process in RPE degeneration. While the preclinical evidence on DMC from non-ocular models is compelling, rigorous validation in RPE-specific systems is essential to definitively establish its role in modulating autophagy and improving retinal cell survival. The strengths of DMC in terms of mechanistic specificity, favorable pharmacological properties, and avoidance of mTOR-related side effects make it a strong candidate for further development, while the challenges associated with direct translation to ocular models underscore the need for carefully designed preclinical studies. As such, the proposed direction for our drug development effort should focus on detailed in vitro assays using human iPSC-derived RPE cells, followed by in vivo evaluation in dry AMD animal models, to fully delineate the therapeutic potential and safety profile of DMC for clinical application in dry AMD (Gupta et al., 2023; Carmona-Gutierrez et al., 2025; Falcão et al., 2024; Pan et al., 2019).\n\nReferences  \nCarmona-Gutierrez, D., Zimmermann, A., & Kainz, K. (2019). The flavonoid 4,4′-dimethoxychalcone promotes autophagy-dependent longevity across species. Unknown Journal.\n\nCarmona-Gutierrez, D., Zimmermann, A., Kroemer, G., & Madeo, F. (2025). The geroprotective potential of chalcones. Nature Communications. https://doi.org/10.1038/s41467-025-64167-7\n\nFalcão, A. S., Lopes-da-Silva, M., Antas, P., Escrevente, C., Pedro, M., Coelho, R., Ferreira, I. S., Santos, I. P., Ciossek, T., Nicklin, P., Tenreiro, S., & Seabra, M. C. (2024). Enhancing lysosome function via mTOR/TFEB activation reduces lipofuscin-like granules in early age-related macular degeneration. bioRxiv. https://doi.org/10.1101/2024.09.17.613413\n\nFalcão, A. S., Pedro, M. L., Tenreiro, S., & Seabra, M. C. (2025). Targeting lysosomal dysfunction and oxidative stress in age-related macular degeneration. Antioxidants, 14(5), 596. https://doi.org/10.3390/antiox14050596\n\nGhosh, S., Sharma, R., Bammidi, S., Koontz, V., Nemani, M., Yazdankhah, M., Kedziora, K. M., ... & Sinha, D. (2023). The AKT2/SIRT5/TFEB pathway as a potential therapeutic target in atrophic age-related macular degeneration. bioRxiv. https://doi.org/10.1101/2023.08.08.552343\n\nGhosh, S., Sharma, R., Bammidi, S., Koontz, V., Nemani, M., Yazdankhah, M., ... & Sinha, D. (2024). The AKT2/SIRT5/TFEB pathway as a potential therapeutic target in non-neovascular age-related macular degeneration. Nature Communications. https://doi.org/10.1038/s41467-024-50500-z\n\nGupta, S. D., Daou, D., May, H., Jiang, N., Nguyen, N., Anand, A., Irion, C. I., Garrido-Moreno, V., Olivares-Silva, F., Diwan, A., Gillette, T. G., & Hill, J. A. (2023). Abstract P2056: The transcription factor TFEB protects against cardiac hypertrophy by increasing lysosomal capacity and activating AMPKα. Circulation Research, 133(Suppl. 1), P2056. https://doi.org/10.1161/RES.133.SUPPL_1.P2056\n\nLu, H., Sun, J., Hamblin, M. H., Chen, Y. E., & Fan, Y. (2021). Transcription factor EB regulates cardiovascular homeostasis. EBioMedicine, 63, 103207. https://doi.org/10.1016/j.ebiom.2020.103207\n\nPan, H.-Y., Alamri, A. H., & Valapala, M. (2019). Nutrient deprivation and lysosomal stress induce activation of TFEB in retinal pigment epithelial cells. Cellular & Molecular Biology Letters, 24, Article 13. https://doi.org/10.1186/s11658-019-0159-8\n\nFull trajectory link: https://platform.futurehouse.org/trajectories/\n', 'index': '4'}"
"(Nilotinib,3)","(3,4-Dimethoxychalcone,4)","Candidate 1 (Nilotinib) brings a robust foundation of clinical safety, known pharmacokinetics, and mechanistic rationale rooted in c-Abl inhibition and autophagy restoration. Precedent from oncology and neurodegeneration models demonstrates blood–tissue barrier penetration and clearance of toxic aggregates via ULK1/Beclin1 reactivation. Despite absence of direct AMD data, its established human dosing, safety profiles, and ability to modulate key RPE autophagy pathways greatly de-risk translational efforts. Off-target kinase interactions and ocular delivery routes require optimization, but these are addressable given extensive existing data. Candidate 2 (3,4-Dimethoxychalcone) offers scientific novelty as an mTOR-independent TFEB activator with promising autophagy and lysosomal biogenesis in non-ocular models. However, it lacks any clinical safety data, direct AMD or RPE studies, and detailed ocular PK/PD characterization. Mechanistic ambiguities around mTOR independence and potential off-target effects further increase development risk. While conceptually attractive, the evidence gap, unknown tolerability, and delivery challenges make it a less certain candidate compared to the well-characterized repurposing of nilotinib.","Nilotinib is selected because it couples an established safety and PK/PD profile with a clear, disease-relevant mechanism targeting autophagy dysfunction in RPE cells. This substantially reduces translational risk and accelerates path to clinical testing. In contrast, DMC, though mechanistically interesting, lacks critical preclinical validation in AMD contexts, has no human safety data, and confronts unknown ocular delivery and off-target liabilities, making it a higher-risk proposition.",2,"(3, 4)","{'hypothesis': 'Nilotinib (Tasigna®, Novartis), a c-Abl tyrosine kinase inhibitor.', 'answer': 'Proposal for Nilotinib (Tasigna®, Novartis), a c-Abl tyrosine kinase inhibitor.\n\nOverview of Therapeutic Candidate:  \nNilotinib (Tasigna®, Novartis) is a synthetic small molecule inhibitor originally developed as a second‐generation BCR–ABL tyrosine kinase inhibitor for the treatment of chronic myelogenous leukemia (CML). Developed through iterative medicinal chemistry optimization processes that sought to overcome resistance to first‐generation inhibitors such as imatinib, nilotinib is structurally designed to selectively bind the ATP-binding pocket of the c-Abl kinase, thereby inhibiting its catalytic activity (Karim et al., 2020). As a representative member of tyrosine kinase inhibitors (TKIs), nilotinib falls into the class of targeted anticancer agents that have been widely used in oncology, with extensive preclinical and clinical experience in modulating aberrant kinase signaling pathways. The synthetic origins of nilotinib involve derivatization of earlier BCR–ABL inhibitors to improve potency and specificity, and its development has been a model for the design of targeted agents in diseases driven by kinase dysregulation (Karim et al., 2020). While its initial application has been in CML, its potent inhibition of c-Abl has attracted attention for repurposing in other conditions where this kinase plays a pathological role, including neurodegeneration and, as hypothesized here, dry age-related macular degeneration (AMD) (Karim et al., 2020; Fowler et al., 2019).\n\nTherapeutic History:  \nNilotinib has a well-documented clinical history as an FDA-approved therapeutic for CML, where its efficacy and safety profile have been established across numerous clinical trials and long-term follow-up studies. Over the past decade, repurposing efforts have extended into neurodegenerative diseases based on its ability to cross the blood–brain barrier (albeit at modest concentrations) and modulate pathogenic protein aggregation via autophagy enhancement. Preclinical studies in models of α-synucleinopathy, Parkinson’s disease, and Alzheimer’s disease have demonstrated that nilotinib can reduce toxic protein burden, improve autophagic clearance, and rescue neuronal survival by inhibiting c-Abl mediated pathways (Karim et al., 2020). Despite these promising findings in neurological contexts, a systematic search of clinical trial databases reveals that nilotinib has not yet been directly investigated in dry AMD or related retinal degenerative conditions (ClinicalTrials.gov, n.d.). This lack of prior clinical evaluation in the retinal domain represents both a gap in the evidence base and an opportunity for further translational research, building on the extensive safety and pharmacokinetic data already available from its oncological and neurodegenerative applications (ClinicalTrials.gov, n.d.; Santos, Ambrósio, & Léger, 2024).\n\nMechanism of Action:  \nThe central mechanism of nilotinib is its inhibition of the aberrantly activated c-Abl tyrosine kinase. Under normal conditions, c-Abl regulates various cellular processes, including cell-cycle control, DNA repair, and stress responses. However, in pathological settings such as CML and certain neurodegenerative diseases, c-Abl becomes hyperactivated, leading to detrimental downstream effects including the activation of the tumor suppressor p53 via phosphorylation (Karim et al., 2020). In neurodegenerative models, c-Abl activation has been shown to interfere with autophagy, a critical intracellular degradation process, by upregulating p53 and inhibiting key autophagy initiators such as ULK1 and Beclin1 (Karim et al., 2020). Mechanistic studies in α-synucleinopathy models have demonstrated that nilotinib’s inhibition of c-Abl reduces the phosphorylation of p53 and decreases downstream mTORC1 signaling, thereby releasing autophagic blockades (Karim et al., 2020). Specifically, nilotinib treatment has been shown to enhance autophagic flux through increased conversion of LC3-I to LC3-II and reduced accumulation of the autophagy adaptor p62, indicating improved autophagosome formation and lysosomal clearance (Karim et al., 2020). Moreover, by inhibiting c-Abl, nilotinib alleviates the phosphorylation of ULK1 and enables its activation in an AMPK-dependent manner, which is critical for the initiation of autophagy; there is also emerging evidence that this inhibition may drive the formation or activation of the Beclin1 complex, further promoting autophagosome nucleation (Karim et al., 2020). Thus, nilotinib exerts a dual effect: it directly impedes the kinase activity of c-Abl while indirectly reactivating autophagic pathways that are otherwise suppressed by c-Abl’s pathological signaling via p53 and mTOR (Karim et al., 2020).\n\nExpected Effect:  \nBased on the hypothesized role of c-Abl in retinal pigment epithelium (RPE) dysfunction, it is anticipated that nilotinib will have several beneficial effects in the context of dry AMD. In RPE cells, chronic oxidative stress and drusen-associated stressors are known to activate c-Abl, leading to the phosphorylation and inhibition of key autophagy regulators such as ULK1 and Beclin1. This interruption of autophagic flux is believed to contribute to lipofuscin accumulation, particularly of A2E, a toxic by-product implicated in the pathogenesis of dry AMD (Kim, Hwang, & Kwon, 2020; Karim et al., 2020). By inhibiting c-Abl, nilotinib should theoretically reverse this block, restore ULK1/Beclin1 activity, and re-establish effective autophagic clearance. In in vitro RPE cell assays that employ stresses such as A2E challenge and oxidative insults, nilotinib is expected to decrease the accumulation of lipofuscin and A2E, increase markers of autophagic flux such as LC3-II, and reduce p62 levels, thereby indicating enhanced lysosomal degradation (Kim, Hwang, & Kwon, 2020; Santos, Ambrósio, & Léger, 2024). With improved autophagic processing, the cellular homeostasis within RPE cells should be restored, thereby preventing the degenerative changes that contribute to drusen formation and the overall progression of dry AMD. Furthermore, animal studies in neurodegenerative models have shown that nilotinib can lead to delayed onset of clinical symptoms and improved cell survival, lending support to the potential translational value of these mechanisms in the retinal environment (Karim et al., 2020). It is important to note that while supportive mechanistic evidence exists from neurodegeneration research, direct experimental validation of nilotinib’s impact on RPE autophagy and lipofuscin clearance in dry AMD-specific models remains to be performed (ClinicalTrials.gov, n.d.; Santos, Ambrósio, & Léger, 2024).\n\nOverall Evaluation:  \nNilotinib represents a compelling candidate for repurposing in dry age-related macular degeneration due to its well-characterized pharmacological profile, established safety through its use in CML, and promising mechanistic insights from neurodegeneration studies. One of the primary strengths of this candidate is its clear molecular mechanism: by inhibiting c-Abl, nilotinib has the potential to reverse the autophagy blockade mediated by pathological p53 activation and mTOR signaling, a mechanism that is plausibly relevant to the pathology observed in RPE cells under oxidative and drusen stress (Karim et al., 2020). The existing literature strongly supports the notion that c-Abl plays a pivotal role in autophagy regulation, with multiple studies demonstrating that its inhibition leads to enhanced autophagic clearance of toxic protein aggregates in neuronal models (Karim et al., 2020; Kim, Hwang, & Kwon, 2020). This mechanistic similarity is particularly encouraging given that autophagic dysfunction and accumulation of cellular debris such as lipofuscin (and its A2E component) are central to the progression of dry AMD (Kim, Hwang, & Kwon, 2020; Karim et al., 2020).\n\nAnother strength is the translational potential based on nilotinib’s pharmacokinetic profile. Despite challenges often associated with drug delivery to the central nervous system and ocular tissues, nilotinib has demonstrated the ability to cross the blood–brain barrier at pharmacologically relevant doses, suggesting that similar (albeit low-dose) penetration of the blood–retina barrier might be achievable. This is supported by the documented systemic administration protocols in preclinical neurodegeneration models where nilotinib exhibited biological activity in brain tissues (Karim et al., 2020), and by extension, such dosing strategies may be adapted for ocular tissues. The fact that nilotinib is already FDA-approved means that its safety profile, dosing parameters, and potential side effects are well understood, which significantly reduces the risk and accelerates the timeline for repurposing in a new indication (ClinicalTrials.gov, n.d.; Santos, Ambrósio, & Léger, 2024).\n\nHowever, there are several weaknesses and challenges that must be acknowledged. First, despite the promising mechanistic data in neurodegenerative models, direct evidence for nilotinib’s efficacy in RPE cells and in models of dry AMD is currently lacking. A systematic search of clinical trial databases has revealed no registered trials for nilotinib in the context of AMD, which suggests that while preclinical data in other systems is robust, the translational leap to retinal applications remains uncharted (ClinicalTrials.gov, n.d.). Moreover, the molecular environment in the retina, particularly within the RPE, may differ in significant ways from neuronal tissues; factors such as differential expression patterns of autophagy regulators, variations in stress response signaling, and the unique barrier properties of the retina may influence nilotinib’s ultimate efficacy (Santos, Ambrósio, & Léger, 2024; Kim, Hwang, & Kwon, 2020).\n\nAnother potential concern is the specificity of nilotinib’s activity in the ocular environment. While its primary mechanism is through c-Abl inhibition, nilotinib has been documented to interact with other kinases (such as DDR1/DDR2) at low nanomolar concentrations (Fowler et al., 2019), which could lead to off-target effects that may be undesirable in the delicate architecture of the retina. These off-target interactions could potentially disrupt normal cellular processes within the retina, potentially exacerbating rather than ameliorating retinal degeneration if not carefully controlled (Fowler et al., 2019; Hussain et al., 2019). Additionally, while nilotinib’s safety profile has been demonstrated in systemic oncology settings, the safety and tolerability of chronic nilotinib administration directly affecting ocular tissues have yet to be thoroughly evaluated. Intraocular injections or other targeted delivery methods might be required to achieve therapeutic concentrations in the retina, and these routes carry their own risks of complications, including infection and retinal detachment (Santos, Ambrósio, & Léger, 2024).\n\nIn summary, nilotinib offers a conceptually appealing avenue for the treatment of dry AMD by targeting a clear molecular driver—c-Abl mediated autophagy dysfunction—that is implicated in the accumulation of toxic aggregates in RPE cells. The extensive preclinical data from neurodegenerative models provides a strong foundation that supports the hypothesis that nilotinib can restore autophagic flux by reactivating ULK1/Beclin1 function and reducing p53-mediated inhibition (Karim et al., 2020). The fact that nilotinib is already approved for human use and has well-characterized pharmacokinetics and safety data further enhances its attractiveness for repurposing. Nonetheless, significant hurdles remain, most notably the absence of direct evidence in retinal models, potential differences in drug permeability and target engagement in RPE cells, and the risk of off-target effects in ocular tissues. These challenges underscore the need for rigorous preclinical validation in RPE culture systems (e.g., using A2E challenge assays) and well-designed dry AMD animal models before advancing to clinical trials (ClinicalTrials.gov, n.d.; Santos, Ambrósio, & Léger, 2024).\n\nOverall, given its mechanistic rationale, previous efficacy in related neurodegenerative contexts, and favorable safety profile in oncology, nilotinib stands out as a promising candidate for further exploration as a treatment for dry AMD. Its repurposing offers a high translational value with the potential to address a major unmet medical need, provided that future studies can confirm its ability to cross the blood–retina barrier, restore autophagic processing in RPE cells, and ultimately prevent RPE degeneration without incurring significant ocular toxicity (Fowler et al., 2019; Karim et al., 2020). Continued interdisciplinary research involving detailed biochemical studies, targeted delivery assessments, and in vivo pharmacodynamic evaluations will be critical to fully validate nilotinib’s therapeutic potential in the context of dry AMD.\n\nReferences  \nClinicalTrials.gov. (n.d.). Nilotinib and age-related macular degeneration or retinal degeneration or retinal pigment epithelium or autophagy [Search results]. Retrieved April 1, 2024, from https://clinicaltrials.gov  \nFowler, A. J., Hebron, M., Missner, A. A., Wang, R., Gao, X., Kurd-Misto, B. T., Liu, X., & Moussa, C. E.-H. (2019). Multikinase abl/ddr/src inhibition produces optimal effects for tyrosine kinase inhibition in neurodegeneration. Drugs in R&D, 19, 149–166. https://doi.org/10.1007/s40268-019-0266-z  \nHussain, T., Zhao, D., Shah, S. Z. A., Sabir, N., Wang, J., Liao, Y., Song, Y., Dong, H., Mangi, M. H., Ni, J., Yang, L., & Zhou, X. (2019). Nilotinib: A tyrosine kinase inhibitor mediates resistance to intracellular mycobacterium via regulating autophagy. Cells, 8, 506. https://doi.org/10.3390/cells8050506  \nKarim, M. R., Liao, E. E., Kim, J., Meints, J., Martell Martinez, H., Pletnikova, O., Troncoso, J. C., & Lee, M. K. (2020). α-Synucleinopathy associated c-Abl activation causes p53-dependent autophagy impairment. Molecular Neurodegeneration. https://doi.org/10.1186/s13024-020-00364-w  \nKim, D., Hwang, H.-Y., & Kwon, H. J. (2020). Targeting autophagy in disease: Recent advances in drug discovery. Expert Opinion on Drug Discovery, 15, 1045–1063. https://doi.org/10.1080/17460441.2020.1773429  \nSantos, P. F., Ambrósio, A. F., & Léger, H. (2024). The importance of kinases in retinal degenerative diseases. Kinases and Phosphatases, 2, 93–109. https://doi.org/10.3390/kinasesphosphatases2010006\n\nFull trajectory link: https://platform.futurehouse.org/trajectories/\n', 'index': '3'}","{'hypothesis': '3,4-Dimethoxychalcone (DMC; Cayman Chemical catalog #CAY32002), a mTOR-independent TFEB activator.', 'answer': 'Proposal for 3,4-Dimethoxychalcone (DMC; Cayman Chemical catalog #CAY32002), a mTOR-independent TFEB activator.\n\nOverview of Therapeutic Candidate:  \n3,4-Dimethoxychalcone (DMC; Cayman Chemical catalog #CAY32002) is a small synthetic chalcone derivative belonging to the flavonoid family that has emerged in preclinical studies as a potent modulator of autophagy and lysosomal biogenesis. Derived through conventional organic synthetic routes involving aldol condensation reactions between appropriately substituted aromatic aldehydes and acetophenones, DMC exhibits a chalcone scaffold decorated with two methoxy groups that enhance its lipophilicity and potential bioactivity. Its chemical simplicity confers excellent drug‐like properties including favorable solubility, ease of synthesis, and established routes for chemical modification, thereby making it an attractive candidate for repurposing in indications such as dry age‐related macular degeneration (AMD) where manipulation of autophagic flux is desired (Gupta et al., 2023; Carmona-Gutierrez et al., 2019). This compound has been investigated primarily for its ability to stimulate autophagy via transcription factor EB (TFEB) activation, a central regulator of lysosomal biogenesis and autophagy that is crucial for cellular clearance mechanisms in postmitotic cells including those in the retinal pigment epithelium (RPE) (Carmona-Gutierrez et al., 2025; Falcão et al., 2024).\n\nTherapeutic History:  \nHistorically, chalcones have been explored extensively in the context of longevity, anti‐cancer therapies, and metabolic regulation due to their versatile bioactivity profiles. DMC, in particular, has been reported to induce autophagy and promote lysosomal clearance in various cell types, with evidence emerging from studies in both mammalian cell culture systems and invertebrate models such as Caenorhabditis elegans. In one well‐documented study, DMC was shown to promote autophagic flux, leading to improved clearance of protein aggregates and damaged organelles without engaging the classical inhibition of the mammalian target of rapamycin (mTOR) pathway—a mechanism that distinguishes it from rapalogs and may reduce associated immunosuppressive liabilities (Gupta et al., 2023; Carmona-Gutierrez et al., 2025). Although most of the pre‐clinical investigations using DMC have focused on its beneficial effects in the context of cardiac injury and age‐related neurodegeneration, these studies provide a strong rationale to consider its repurposing for diseases with an autophagy–lysosomal dysfunction component such as dry AMD (Lu et al., 2021; Falcão et al., 2024). Furthermore, the literature on alternative TFEB activators—such as trehalose and rapamycin—in RPE cells and AMD models underscore the therapeutic promise of targeting TFEB, even though direct reports of DMC use in AMD models remain limited; instead, the extrapolation of its mechanism from other systems supports its evaluation in RPE-specific assays (Falcão et al., 2024; Falcão et al., 2025).\n\nMechanism of Action:  \nThe molecular underpinnings of DMC’s activity center on its capacity to induce TFEB dephosphorylation and promote its nuclear translocation in a manner that appears to bypass the canonical mTORC1 inhibitory pathway. Under homeostatic conditions, TFEB is phosphorylated by mTORC1, which sequesters it in the cytoplasm and limits its transcriptional regulation of genes involved in lysosomal and autophagy pathways. In stress situations, however, TFEB can undergo dephosphorylation—commonly mediated by the phosphatase calcineurin—allowing it to translocate into the nucleus, bind to coordinated lysosomal expression and regulation (CLEAR) elements, and upregulate a broad array of lysosomal hydrolases, membrane proteins, and autophagy-related genes (Pan et al., 2019; Falcão et al., 2024). DMC is hypothesized to engage this calcineurin–TFEB axis directly, thereby inducing TFEB dephosphorylation without necessitating upstream mTOR inhibition. This mechanism is particularly advantageous given that it avoids the systemic immunosuppressive effects observed with rapamycin-like compounds that target mTOR directly (Gupta et al., 2023; Carmona-Gutierrez et al., 2025). Importantly, in primary neuronal and epithelial models, treatment with DMC has been reported to increase lysosome number, enhance cathepsin activity, and stimulate autophagic flux, all indicative of robust TFEB activation (Carmona-Gutierrez et al., 2025). On a biochemical level, the compound appears to trigger a signaling cascade that culminates in the dephosphorylation of key regulatory residues on TFEB, thereby relieving its cytoplasmic retention. Once in the nucleus, TFEB binds to CLEAR network promoters, simultaneously inducing genes responsible for lysosomal biogenesis (e.g., LAMP1, Cathepsin D) as well as components of the autophagic machinery, which collectively enhance the cell’s capacity to clear damaged organelles and protein aggregates (Falcão et al., 2024; Falcão et al., 2025). Despite isolated reports suggesting that DMC might also exert mTOR inhibitory effects (as observed in certain cardiovascular studies), the prevailing data supporting an mTOR-independent activation of TFEB confers mechanistic specificity that is critical for its proposed use in dry AMD, where minimizing off-target immunosuppressive effects is essential (Lu et al., 2021; Gupta et al., 2023).\n\nExpected Effect:  \nIn the context of dry AMD, the RPE is burdened with the accumulation of photo-oxidized bisretinoids such as A2E and lipofuscin granules, which disrupt normal cellular function and eventually lead to cell death. The expected pharmacological effect of DMC in relevant assays centers on its capacity to induce TFEB nuclear translocation in RPE cells, consequently upregulating genes that drive lysosomal biogenesis and autophagic clearance. By enhancing the lysosomal degradation machinery, DMC would ideally promote the removal of toxic aggregates associated with oxidative stress and cellular aging, thus preserving RPE cell viability (Falcão et al., 2024; Falcão et al., 2025). In practical terms, when applied to human induced pluripotent stem cell (iPSC)-derived RPE cells loaded with A2E, DMC is anticipated to reduce intracellular levels of this toxic byproduct along with the associated lipofuscin burden, thereby mitigating cellular stress and preventing cell death. Moreover, the activation of the TFEB pathway is expected to bolster additional cytoprotective responses, including the upregulation of cathepsin activity and other lysosomal hydrolases that contribute to a more efficient degradation of phagocytosed photoreceptor outer segment debris, a function that is crucial for RPE homeostasis (Pan et al., 2019; Falcão et al., 2025). The enhanced autophagic flux facilitated by DMC is also likely to intersect with antioxidative pathways, potentially engaging the NRF2/KEAP1 axis, which further reinforces cellular defenses against oxidative damage—a major contributing factor in AMD pathogenesis (Falcão et al., 2025). Thus, in preclinical assays and future in vivo dry AMD models, DMC should manifest as a compound that not only clears deleterious aggregates but also restores overall lysosomal function and cellular homeostasis without the deleterious side effects often associated with mTOR inhibitors (Falcão et al., 2024; Pan et al., 2019).\n\nOverall Evaluation:  \nThe evaluation of 3,4-Dimethoxychalcone (DMC) as a repurposed therapeutic candidate for dry AMD presents several compelling strengths alongside certain challenges that must be critically addressed through further research. Among the primary strengths is DMC’s ability to modulate the TFEB pathway in a manner that is claimed to be independent of mTOR inhibition. This mTOR-independent mechanism offers a significant advantage over traditional mTOR inhibitors such as rapamycin, as it theoretically minimizes the risk of systemic immunosuppression and other mTOR-related side effects while still harnessing the potent autophagy-enhancing and lysosome-boosting effects mediated by TFEB (Gupta et al., 2023; Carmona-Gutierrez et al., 2025). Additionally, the favorable physicochemical properties of DMC—including its small molecular size, established synthetic routes, and amenable solubility profile—facilitate its potential development as a therapeutic agent for ocular applications where drug delivery and tissue penetration into the retina are critical considerations (Carmona-Gutierrez et al., 2019). The compound’s demonstrated capacity to increase lysosomal number, stimulate cathepsin activity, and elevate autophagic flux in other cell types further supports its viability as a candidate for clearing chronic intracellular accumulations characteristic of dry AMD (Falcão et al., 2024).\n\nFrom a biochemical standpoint, the targeted activation of the calcineurin–TFEB axis by DMC aligns well with current therapeutic strategies aimed at restoring cellular homeostasis in degenerative diseases. By promoting nuclear translocation of TFEB without broadly inhibiting mTOR, DMC could specifically upregulate genes involved not only in lysosomal biogenesis but also in general autophagic processing, thereby addressing both the accumulation of toxic aggregates (such as A2E and lipofuscin granules) and the compromised cellular clearance pathways in the RPE (Pan et al., 2019; Falcão et al., 2025). Moreover, the potential engagement of downstream protective pathways—possibly including cross-talk with the NRF2-mediated antioxidative response—accentuates DMC’s promise as a dual-action compound that simultaneously mitigates oxidative stress and improves proteostasis in retinal cells (Falcão et al., 2025).\n\nHowever, notable weaknesses and uncertainties remain that merit cautious consideration. First, although DMC has been shown in various experimental models to enhance autophagic and lysosomal functions, direct evidence supporting its efficacy specifically in RPE cells or in animal models of dry AMD is currently limited. Most reports detailing its mechanism originate from studies in cardiac and neuronal contexts, leaving a gap in replication and validation within ocular tissues. This translational gap necessitates rigorous preclinical testing using human iPSC-derived RPE cells and established dry AMD animal models to confirm that the TFEB activation observed in other systems translates effectively to the RPE environment (Ghosh et al., 2024; Ghosh et al., 2023).\n\nAnother challenge lies in the mechanistic ambiguity surrounding whether DMC acts entirely in an mTOR-independent fashion. While several studies extol its ability to activate TFEB without direct mTOR suppression—thus avoiding the side effects of mTOR inhibitors—other reports have suggested that related compounds may exhibit some degree of mTOR inhibition, which could potentially complicate the pharmacological profile of DMC (Lu et al., 2021; Gupta et al., 2023). This discrepancy underscores the need for detailed mechanistic studies using RPE-specific models to delineate the precise signaling cascades engaged by DMC, including assessment of calcineurin activity, TFEB dephosphorylation status, and the downstream transcriptional activation of CLEAR network genes (Gupta et al., 2023; Carmona-Gutierrez et al., 2025).\n\nFurthermore, while the proposed benefits of enhanced autophagic flux and lysosomal biogenesis are clear, the potential for off-target effects, long-term toxicity, and issues related to drug delivery in the ocular environment must be thoroughly evaluated. Ocular pharmacokinetics can differ markedly from systemic profiles, and the challenges associated with ensuring adequate retinal bioavailability—particularly in the context of the blood–retina barrier—should not be underestimated. In addition, the possible influence of DMC on other cellular pathways, such as those governing mitochondrial function and metabolic regulation, may introduce additional layers of complexity when considering chronic treatment regimens for a slowly progressing condition like dry AMD (Ghosh et al., 2024; Gupta et al., 2023).\n\nIn terms of translational potential, DMC’s repurposing for dry AMD would benefit from head-to-head comparisons with other TFEB activators that have been studied in RPE cells, such as trehalose and rapamycin. While these agents have already demonstrated beneficial effects on lipofuscin clearance and oxidative stress reduction in experimental settings, the distinct advantage of DMC may reside in its ability to engage the TFEB pathway without the collateral effects on mTOR, thereby offering a cleaner safety profile. Nevertheless, systematic studies comparing dose–response relationships, pharmacodynamics, and potential synergistic effects with other autophagy modulators will be essential prior to advancing DMC into clinical development (Falcão et al., 2024; Falcão et al., 2025).\n\nAn additional consideration is the heterogeneity present among dry AMD patients. Genetic factors, such as the presence of the CFH Y402H variant, and environmental stressors can influence the progression and severity of RPE degeneration. It will be critical to establish whether DMC’s TFEB-mediated effects are robust across different RPE phenotypes and whether any differential responses may necessitate patient stratification in future clinical trials. The potential for DMC to rescue autophagy-related gene expression and lysosomal function, as suggested by similar findings with TFEB activators in other models, provides a strong impetus for such studies, but careful experimental design will be paramount (Ghosh et al., 2024; Ghosh et al., 2023).\n\nOverall, the repurposing of 3,4-Dimethoxychalcone as a therapeutic candidate for dry AMD is supported by a solid rationale predicated on its capacity to activate TFEB and enhance autophagic and lysosomal processes in a manner that is potentially independent of mTOR inhibition. Its chemical properties, ease of synthesis, and preliminary evidence from related experimental models collectively argue in favor of its evaluation in RPE-specific assays and animal models of dry AMD. At the same time, key challenges—including the need for clear demonstration of its mTOR-independent mechanism in ocular tissues, comprehensive toxicity profiling, and optimization of drug delivery strategies—must be addressed in subsequent preclinical studies. Given the robust body of literature supporting the critical role of TFEB in maintaining RPE health and mitigating lipofuscin accumulation, DMC stands out as a promising candidate that could offer a novel approach to the treatment of dry AMD, provided that future research confirms its efficacy and safety in the retinal context (Ghosh et al., 2023; Ghosh et al., 2024; Gupta et al., 2023).\n\nIn conclusion, the current comprehensive literature review suggests that 3,4-Dimethoxychalcone exhibits significant potential as a repurposed drug candidate for dry AMD. Its unique mechanism of inducing TFEB dephosphorylation and promoting lysosomal biogenesis—thereby enhancing autophagic clearance of photo-oxidized bisretinoids and lipofuscin granules—addresses a fundamental pathogenic process in RPE degeneration. While the preclinical evidence on DMC from non-ocular models is compelling, rigorous validation in RPE-specific systems is essential to definitively establish its role in modulating autophagy and improving retinal cell survival. The strengths of DMC in terms of mechanistic specificity, favorable pharmacological properties, and avoidance of mTOR-related side effects make it a strong candidate for further development, while the challenges associated with direct translation to ocular models underscore the need for carefully designed preclinical studies. As such, the proposed direction for our drug development effort should focus on detailed in vitro assays using human iPSC-derived RPE cells, followed by in vivo evaluation in dry AMD animal models, to fully delineate the therapeutic potential and safety profile of DMC for clinical application in dry AMD (Gupta et al., 2023; Carmona-Gutierrez et al., 2025; Falcão et al., 2024; Pan et al., 2019).\n\nReferences  \nCarmona-Gutierrez, D., Zimmermann, A., & Kainz, K. (2019). The flavonoid 4,4′-dimethoxychalcone promotes autophagy-dependent longevity across species. Unknown Journal.\n\nCarmona-Gutierrez, D., Zimmermann, A., Kroemer, G., & Madeo, F. (2025). The geroprotective potential of chalcones. Nature Communications. https://doi.org/10.1038/s41467-025-64167-7\n\nFalcão, A. S., Lopes-da-Silva, M., Antas, P., Escrevente, C., Pedro, M., Coelho, R., Ferreira, I. S., Santos, I. P., Ciossek, T., Nicklin, P., Tenreiro, S., & Seabra, M. C. (2024). Enhancing lysosome function via mTOR/TFEB activation reduces lipofuscin-like granules in early age-related macular degeneration. bioRxiv. https://doi.org/10.1101/2024.09.17.613413\n\nFalcão, A. S., Pedro, M. L., Tenreiro, S., & Seabra, M. C. (2025). Targeting lysosomal dysfunction and oxidative stress in age-related macular degeneration. Antioxidants, 14(5), 596. https://doi.org/10.3390/antiox14050596\n\nGhosh, S., Sharma, R., Bammidi, S., Koontz, V., Nemani, M., Yazdankhah, M., Kedziora, K. M., ... & Sinha, D. (2023). The AKT2/SIRT5/TFEB pathway as a potential therapeutic target in atrophic age-related macular degeneration. bioRxiv. https://doi.org/10.1101/2023.08.08.552343\n\nGhosh, S., Sharma, R., Bammidi, S., Koontz, V., Nemani, M., Yazdankhah, M., ... & Sinha, D. (2024). The AKT2/SIRT5/TFEB pathway as a potential therapeutic target in non-neovascular age-related macular degeneration. Nature Communications. https://doi.org/10.1038/s41467-024-50500-z\n\nGupta, S. D., Daou, D., May, H., Jiang, N., Nguyen, N., Anand, A., Irion, C. I., Garrido-Moreno, V., Olivares-Silva, F., Diwan, A., Gillette, T. G., & Hill, J. A. (2023). Abstract P2056: The transcription factor TFEB protects against cardiac hypertrophy by increasing lysosomal capacity and activating AMPKα. Circulation Research, 133(Suppl. 1), P2056. https://doi.org/10.1161/RES.133.SUPPL_1.P2056\n\nLu, H., Sun, J., Hamblin, M. H., Chen, Y. E., & Fan, Y. (2021). Transcription factor EB regulates cardiovascular homeostasis. EBioMedicine, 63, 103207. https://doi.org/10.1016/j.ebiom.2020.103207\n\nPan, H.-Y., Alamri, A. H., & Valapala, M. (2019). Nutrient deprivation and lysosomal stress induce activation of TFEB in retinal pigment epithelial cells. Cellular & Molecular Biology Letters, 24, Article 13. https://doi.org/10.1186/s11658-019-0159-8\n\nFull trajectory link: https://platform.futurehouse.org/trajectories/\n', 'index': '4'}"
"(MSL-7, 1)","(3,4-Dimethoxychalcone, 4)","Both candidates target TFEB activation to enhance autophagy–lysosomal clearance in RPE cells, addressing a core pathology of dry AMD. Candidate 1 (MSL-7) is a synthetic small molecule that specifically elevates cytosolic calcium to activate calcineurin–TFEB signaling. It has robust mechanistic clarity, direct evidence in metabolic and some neurodegenerative models, and emerging RPE‐specific data linking TFEB activation to lipofuscin clearance. Its specificity for the calcium–calcineurin axis minimizes broad mTOR inhibition, reducing off‐target metabolic disruption. However, ocular PK and long‐term calcium‐mediated safety in RPE remain to be fully characterized. Candidate 2 (3,4‐Dimethoxychalcone, DMC) is a simple chalcone derivative that reportedly activates TFEB independently of mTOR, with good drug‐like properties and evidence of autophagy enhancement in cardiac, neuronal, and invertebrate models. While its lipophilicity and synthetic tractability favor ocular delivery, direct efficacy and mechanism validation in RPE cells or AMD models are lacking. DMC’s purported mTOR independence is appealing, but conflicting reports on mTOR inhibition and limited RPE‐specific data weaken its translational case. Both require rigorous in vitro iPSC‐RPE and in vivo ocular studies, but MSL‐7 benefits from more direct mechanistic and disease‐relevant evidence.","MSL-7 (Candidate 1) presents a clearer, more specific mechanism of action via the calcium–calcineurin–TFEB axis, backed by direct evidence of TFEB-mediated clearance in RPE models and related disease contexts. It circumvents broad mTOR inhibition, reducing immunosuppressive risk, and has demonstrated in vivo PK favorability. In contrast, DMC (Candidate 2) relies on extrapolation from non-ocular systems, has mechanistic ambiguities regarding mTOR involvement, and lacks direct RPE efficacy data. Thus, MSL-7 has a higher probability of successful preclinical outcomes and translatability into a viable dry AMD therapy.",3,"(1, 4)","{'hypothesis': 'MSL-7 (Cayman Chemical catalog #14818), a potent small-molecule TFEB activator via calcium–calcineurin signaling.', 'answer': 'Proposal for MSL-7 (Cayman Chemical catalog #14818), a potent small-molecule TFEB activator via calcium–calcineurin signaling.\n\nOverview of Therapeutic Candidate:  \nMSL-7 is a potent, synthetic small‐molecule activator of transcription factor EB (TFEB) that was discovered through high‐content screening methodologies and is commercially available (Cayman Chemical catalog #14818). This candidate belongs to a novel class of autophagy enhancers that exploit the calcium–calcineurin signaling pathway rather than the classical mTOR inhibition mechanism to induce nuclear translocation of TFEB (Lim et al., 2018). Unlike many mTOR inhibitors that produce a broader range of kinase and metabolic inhibition with considerable off‐target effects, MSL-7 is designed to selectively elevate cytosolic calcium in target cells, leading to the activation of the phosphatase calcineurin and subsequent dephosphorylation of TFEB (Lim et al., 2018). Subsequently, dephosphorylated TFEB translocates to the nucleus, where it binds to coordinated lysosomal expression and regulation (CLEAR) motifs and activates the transcription of genes involved in lysosomal biogenesis and autophagy (Abokyi & Tse, 2025; Chen et al., 2021). As a member of the small-molecule TFEB activators, MSL-7 represents a targeted therapeutic approach that has been primarily studied for metabolic disorders and neurodegenerative conditions and now is being considered for repurposing in dry age-related macular degeneration (AMD) due to the critical role of lysosomal dysfunction in retinal pigment epithelium (RPE) pathology (Lim et al., 2018; Abokyi & Tse, 2025).\n\nTherapeutic History:  \nThe therapeutic history of molecules that modulate TFEB activity spans multiple disease areas, including metabolic syndrome, neurodegeneration, and lysosomal storage disorders. MSL-7 itself has been evaluated in preclinical models for metabolic syndrome, showing promising metabolic improvements via its activation of the calcium–calcineurin–TFEB axis (Lim et al., 2018). In these studies, MSL-7 reversed metabolic changes through enhanced autophagic flux and improved lysosomal clearance, setting a precedent for its application in diseases where accumulation of toxic aggregates is central to pathology (Lim et al., 2018). Although MSL-7 has not been directly used for the treatment of dry AMD in clinical studies, considerable evidence from biochemical and cellular studies supports the concept that activation of TFEB can ameliorate age-dependent RPE dysfunction by promoting the clearance of lipofuscin and other toxic aggregates (Abokyi & Tse, 2025; Falcão et al., 2025). Prior studies of other TFEB activators—such as trehalose, which has been shown to enhance autophagic clearance in RPE cells—provide a robust rationale for the application of MSL-7 in retinal degenerative models (Abokyi & Tse, 2025). Moreover, the involvement of the autophagy–lysosomal network in maintaining retinal health and its impairment in AMD have been well documented, suggesting that strategies to enhance autophagic clearance via TFEB activation are both mechanistically sound and therapeutically appealing (Abokyi & Tse, 2025; Falcão et al., 2024).\n\nMechanism of Action:  \nThe molecular mechanism of MSL-7 centers on its ability to modulate intracellular calcium dynamics, which is critical for the activation of the phosphatase calcineurin. Under physiological conditions, TFEB remains phosphorylated and sequestered in the cytoplasm by the action of mTORC1 and possibly other kinases; however, when MSL-7 is applied, it elevates cytosolic calcium levels specifically in RPE cells, thereby leading to the activation of calcineurin via calcium–calmodulin interactions (Lim et al., 2018; Xu et al., 2020). Activated calcineurin then dephosphorylates TFEB at key serine residues, resulting in its release from cytoplasmic retention complexes and enabling its translocation to the nucleus (Lim et al., 2018; Xu et al., 2020). Once in the nucleus, TFEB binds to CLEAR network promoters, initiating the transcription of a suite of genes that are essential for lysosomal biogenesis, catabolic enzyme production, and enhanced autophagic flux (Abokyi & Tse, 2025; Chen et al., 2021). This transcriptional upregulation leads to an increased lysosomal capacity, improved degradation of intracellular aggregates, and enhanced recycling of damaged organelles, which is particularly beneficial in the context of RPE cells that are burdened with the accumulation of lipofuscin and A2E—byproducts of photoreceptor outer segment degradation (Abokyi & Tse, 2025; Falcão et al., 2024). The specificity of MSL-7 for the calcium–calcineurin pathway is a significant advantage, as it circumvents typical mTOR-dependent pathways and thereby minimizes the risk of widespread metabolic disruption, offering a focused therapeutic effect on the autophagy–lysosomal system (Lim et al., 2018). In addition, the robustness of the mechanism is enhanced by the fact that TFEB activation has been shown to be beneficial in a number of models related to protein aggregation and cellular clearance, including neuronal and hepatic systems, thus providing a biochemical blueprint for its potential utility in RPE repair and dry AMD intervention (Abokyi & Tse, 2025).\n\nExpected Effect:  \nWhen applied to human iPSC-derived RPE models of dry AMD that exhibit lipofuscin accumulation, MSL-7 is hypothesized to restore cellular homeostasis by robustly enhancing autophagic flux and lysosomal biogenesis. The expected cellular effects include an elevated clearance of lipofuscin-like granules and A2E, which are hallmark toxic deposits in RPE cells and are directly implicated in the pathogenesis of dry AMD (Abokyi & Tse, 2025; Falcão et al., 2025). By upregulating CLEAR network genes via the nuclear activity of TFEB, MSL-7 is anticipated to increase the number and functional capacity of lysosomes, thereby accelerating the degradation of damaged cellular components and misfolded proteins that contribute to RPE atrophy (Falcão et al., 2024; Abokyi & Tse, 2025). This enhanced clearance mechanism is particularly relevant given that the accumulation of oxidized biomolecules and damaged organelles in RPE cells is a critical factor that underlies aging-associated retinal degeneration, as evidenced by multiple studies linking TFEB activity to neuroprotection in the retina (Abokyi & Tse, 2025). Moreover, the augmentation of autophagic capacity is expected not only to mitigate the deleterious buildup of cellular waste but also to reduce pro-inflammatory signaling and oxidative stress—a dual mechanism that could slow disease progression and preserve visual acuity in patients with dry AMD (Abokyi & Tse, 2025; Falcão et al., 2025). In vitro assays using human iPSC-derived RPE cells will offer a rigorous platform to measure these effects, including assessments of lysosomal marker expression, autophagy flux (as evidenced by LC3-II conversion), and quantification of lipofuscin reduction (Falcão et al., 2024; Abokyi & Tse, 2025). Additionally, the selective reactivation of lysosomal degradation pathways through TFEB translocation is expected to help “reset” the metabolic and catabolic balance in aged RPE cells, thereby contributing to cellular rejuvenation and neuroprotection in the retinal environment (Abokyi & Tse, 2025).\n\nOverall Evaluation:  \nThe overall evaluation of MSL-7 as a potential therapeutic candidate for dry AMD is highly encouraging, primarily based on its mechanistic precision, preclinical dosing feasibility, and the strong theoretical framework underpinning TFEB activation in cellular clearance. One of the key strengths of MSL-7 lies in its ability to selectively manipulate the calcium–calcineurin–TFEB axis without broadly affecting other kinase-driven pathways such as mTOR. This specificity offers the promise of minimizing off-target effects and systemic toxicity, an important consideration particularly in treatments aimed at chronic conditions like dry AMD where long-term administration is likely (Lim et al., 2018). The established efficacy of similar TFEB activators in metabolic and neurodegenerative paradigms further supports the translational potential of MSL-7; studies have demonstrated that enhancing autophagic flux via TFEB leads to dramatic improvements in lysosomal function and aggregate clearance, outcomes that are directly translatable to the pathological features observed in AMD (Abokyi & Tse, 2025). Moreover, the experimental paradigm of using human iPSC-derived RPE models represents a state-of-the-art strategy, enabling direct observation of the drug’s effect on human retinal cells that model the disease pathology, thereby increasing the relevance of preclinical findings to clinical outcomes (Abokyi & Tse, 2025).\n\nDespite these strengths, several challenges and weaknesses must be acknowledged. First, while the mechanism of action of MSL-7 is well elucidated in non-ocular systems, direct evidence for its efficacy and safety in retinal models is still emerging; specifically, there remains a gap in data demonstrating effective delivery, sustained bioavailability, and long-term safety in ocular tissues (Lim et al., 2018; Abokyi & Tse, 2025). It is also critical to rigorously assess whether the elevation of cytosolic calcium, while sufficient to activate calcineurin, might inadvertently trigger other calcium-dependent pathways that could lead to cytotoxicity or dysregulation of normal RPE function over extended periods (Lim et al., 2018; Xu et al., 2020). Additionally, although the preclinical pharmacokinetic profiles in murine studies have been reported to be favorable, ocular pharmacokinetic and biodistribution assessments are essential given the unique anatomical and physiological barriers presented by the eye (Lim et al., 2018; Abokyi & Tse, 2025). Another potential limitation is related to the scalability of the therapeutic effect in the complex environment of the human retina, where multiple pathways contribute to disease progression, and it is conceivable that combination therapies may be required to achieve substantial clinical improvement in dry AMD patients (Abokyi & Tse, 2025; Falcão et al., 2024). Moreover, while the calcineurin–TFEB pathway is a promising target, its modulation must be finely balanced to avoid excessive autophagic activation, which in some contexts has been associated with detrimental cellular outcomes or even oncogenesis (Abokyi & Tse, 2025; Benedetti, 2020).\n\nIn summary, the evidence supporting MSL-7 as a repurposed candidate for dry AMD is compelling based on its mechanistic action that directly addresses the pathological accumulation of toxic cellular debris in RPE cells. The ability of MSL-7 to selectively induce TFEB activation via a calcium–calcineurin-mediated pathway distinguishes it from less specific autophagy enhancers and offers the dual benefit of enhanced lysosomal capacity along with improved autophagic flux (Lim et al., 2018). The accumulated literature describing the role of TFEB in neuroprotection and autophagy in the retina, coupled with the favorable pharmacological profile observed in other disease models, provides a strong foundation for the potential translation of MSL-7 into a viable therapeutic option for dry AMD (Abokyi & Tse, 2025; Falcão et al., 2025).\n\nGiven these considerations, further investigations into MSL-7 should include comprehensive in vitro assays using human iPSC-derived RPE cells to quantify improvements in autophagic flux and the clearance of lipofuscin and A2E aggregates, as well as detailed in vivo studies employing animal models that recapitulate features of dry AMD (Abokyi & Tse, 2025). Parallel efforts should also focus on optimizing drug delivery techniques to the retina to ensure adequate ocular distribution while minimizing systemic exposure. Detailed toxicological assessments will be necessary to determine the long-term safety profile of MSL-7 in retinal tissues, particularly given the chronic nature of AMD treatment regimens (Lim et al., 2018).\n\nIn conclusion, while there are clear hurdles that must be overcome before MSL-7 can be considered for clinical trials in dry AMD patients, the mechanistic rationale and preclinical promise of this candidate justify continued research and development. The specificity of MSL-7’s action via the calcium–calcineurin–TFEB pathway provides a targeted approach to enhance the autophagy–lysosomal network in RPE cells, thereby addressing one of the core pathological processes in dry AMD. Continued corroborative data, robust preclinical studies, and strategic formulation approaches will ultimately determine whether MSL-7 can fulfill its promise as a novel therapeutic avenue for this currently unmet clinical need (Lim et al., 2018; Abokyi & Tse, 2025; Abokyi & Tse, 2025).\n\nReferences  \nAbokyi, S., & Tse, D. Y.-Y. (2025). Age-related driving mechanisms of retinal diseases and neuroprotection by transcription factor EB-targeted therapy. Neural Regeneration Research, 20, 366–377. https://doi.org/10.4103/nrr.nrr-d-23-02033\n\nBenedetti, V. (2020). Analysis of TFEB nucleo-cytoplasmic shuttling dynamics in response to nutrients availability. arXiv. https://doi.org/10.13130/benedetti-valerio_phd2020-01-28\n\nChen, M., Dai, Y., Liu, S., Fan, Y., Ding, Z., & Li, D. (2021). TFEB biology and agonists at a glance. Cells, 10(2), 333. https://doi.org/10.3390/cells10020333\n\nFalcão, A. S., Lopes-da-Silva, M., Antas, P., Escrevente, C., Pedro, M., Coelho, R., Ferreira, I. S., Santos, I. P., Ciossek, T., Nicklin, P., Tenreiro, S., & Seabra, M. C. (2024). Enhancing lysosome function via mTOR/TFEB activation reduces lipofuscin-like granules in early age-related macular degeneration. bioRxiv. https://doi.org/10.1101/2024.09.17.613413\n\nFalcão, A. S., Pedro, M. L., Tenreiro, S., & Seabra, M. C. (2025). Targeting lysosomal dysfunction and oxidative stress in age-related macular degeneration. Antioxidants, 14(5), 596. https://doi.org/10.3390/antiox14050596\n\nLim, H., Lim, Y.-M., Kim, K. H., Jeon, Y. E., Park, K., Kim, J., Hwang, H.-Y., Lee, D. J., Pagire, H., Kwon, H. J., Ahn, J. H., & Lee, M.-S. (2018). A novel autophagy enhancer as a therapeutic agent against metabolic syndrome and diabetes. Nature Communications, 9, Article 3939. https://doi.org/10.1038/s41467-018-03939-w\n\nXu, J., Zhang, X.-Q., & Zhang, Z. (2020). Transcription factor EB agonists from natural products for treating human diseases with impaired autophagy-lysosome pathway. Chinese Medicine. https://doi.org/10.1186/s13020-020-00402-1\n\nFull trajectory link: https://platform.futurehouse.org/trajectories/\n', 'index': '1'}","{'hypothesis': '3,4-Dimethoxychalcone (DMC; Cayman Chemical catalog #CAY32002), a mTOR-independent TFEB activator.', 'answer': 'Proposal for 3,4-Dimethoxychalcone (DMC; Cayman Chemical catalog #CAY32002), a mTOR-independent TFEB activator.\n\nOverview of Therapeutic Candidate:  \n3,4-Dimethoxychalcone (DMC; Cayman Chemical catalog #CAY32002) is a small synthetic chalcone derivative belonging to the flavonoid family that has emerged in preclinical studies as a potent modulator of autophagy and lysosomal biogenesis. Derived through conventional organic synthetic routes involving aldol condensation reactions between appropriately substituted aromatic aldehydes and acetophenones, DMC exhibits a chalcone scaffold decorated with two methoxy groups that enhance its lipophilicity and potential bioactivity. Its chemical simplicity confers excellent drug‐like properties including favorable solubility, ease of synthesis, and established routes for chemical modification, thereby making it an attractive candidate for repurposing in indications such as dry age‐related macular degeneration (AMD) where manipulation of autophagic flux is desired (Gupta et al., 2023; Carmona-Gutierrez et al., 2019). This compound has been investigated primarily for its ability to stimulate autophagy via transcription factor EB (TFEB) activation, a central regulator of lysosomal biogenesis and autophagy that is crucial for cellular clearance mechanisms in postmitotic cells including those in the retinal pigment epithelium (RPE) (Carmona-Gutierrez et al., 2025; Falcão et al., 2024).\n\nTherapeutic History:  \nHistorically, chalcones have been explored extensively in the context of longevity, anti‐cancer therapies, and metabolic regulation due to their versatile bioactivity profiles. DMC, in particular, has been reported to induce autophagy and promote lysosomal clearance in various cell types, with evidence emerging from studies in both mammalian cell culture systems and invertebrate models such as Caenorhabditis elegans. In one well‐documented study, DMC was shown to promote autophagic flux, leading to improved clearance of protein aggregates and damaged organelles without engaging the classical inhibition of the mammalian target of rapamycin (mTOR) pathway—a mechanism that distinguishes it from rapalogs and may reduce associated immunosuppressive liabilities (Gupta et al., 2023; Carmona-Gutierrez et al., 2025). Although most of the pre‐clinical investigations using DMC have focused on its beneficial effects in the context of cardiac injury and age‐related neurodegeneration, these studies provide a strong rationale to consider its repurposing for diseases with an autophagy–lysosomal dysfunction component such as dry AMD (Lu et al., 2021; Falcão et al., 2024). Furthermore, the literature on alternative TFEB activators—such as trehalose and rapamycin—in RPE cells and AMD models underscore the therapeutic promise of targeting TFEB, even though direct reports of DMC use in AMD models remain limited; instead, the extrapolation of its mechanism from other systems supports its evaluation in RPE-specific assays (Falcão et al., 2024; Falcão et al., 2025).\n\nMechanism of Action:  \nThe molecular underpinnings of DMC’s activity center on its capacity to induce TFEB dephosphorylation and promote its nuclear translocation in a manner that appears to bypass the canonical mTORC1 inhibitory pathway. Under homeostatic conditions, TFEB is phosphorylated by mTORC1, which sequesters it in the cytoplasm and limits its transcriptional regulation of genes involved in lysosomal and autophagy pathways. In stress situations, however, TFEB can undergo dephosphorylation—commonly mediated by the phosphatase calcineurin—allowing it to translocate into the nucleus, bind to coordinated lysosomal expression and regulation (CLEAR) elements, and upregulate a broad array of lysosomal hydrolases, membrane proteins, and autophagy-related genes (Pan et al., 2019; Falcão et al., 2024). DMC is hypothesized to engage this calcineurin–TFEB axis directly, thereby inducing TFEB dephosphorylation without necessitating upstream mTOR inhibition. This mechanism is particularly advantageous given that it avoids the systemic immunosuppressive effects observed with rapamycin-like compounds that target mTOR directly (Gupta et al., 2023; Carmona-Gutierrez et al., 2025). Importantly, in primary neuronal and epithelial models, treatment with DMC has been reported to increase lysosome number, enhance cathepsin activity, and stimulate autophagic flux, all indicative of robust TFEB activation (Carmona-Gutierrez et al., 2025). On a biochemical level, the compound appears to trigger a signaling cascade that culminates in the dephosphorylation of key regulatory residues on TFEB, thereby relieving its cytoplasmic retention. Once in the nucleus, TFEB binds to CLEAR network promoters, simultaneously inducing genes responsible for lysosomal biogenesis (e.g., LAMP1, Cathepsin D) as well as components of the autophagic machinery, which collectively enhance the cell’s capacity to clear damaged organelles and protein aggregates (Falcão et al., 2024; Falcão et al., 2025). Despite isolated reports suggesting that DMC might also exert mTOR inhibitory effects (as observed in certain cardiovascular studies), the prevailing data supporting an mTOR-independent activation of TFEB confers mechanistic specificity that is critical for its proposed use in dry AMD, where minimizing off-target immunosuppressive effects is essential (Lu et al., 2021; Gupta et al., 2023).\n\nExpected Effect:  \nIn the context of dry AMD, the RPE is burdened with the accumulation of photo-oxidized bisretinoids such as A2E and lipofuscin granules, which disrupt normal cellular function and eventually lead to cell death. The expected pharmacological effect of DMC in relevant assays centers on its capacity to induce TFEB nuclear translocation in RPE cells, consequently upregulating genes that drive lysosomal biogenesis and autophagic clearance. By enhancing the lysosomal degradation machinery, DMC would ideally promote the removal of toxic aggregates associated with oxidative stress and cellular aging, thus preserving RPE cell viability (Falcão et al., 2024; Falcão et al., 2025). In practical terms, when applied to human induced pluripotent stem cell (iPSC)-derived RPE cells loaded with A2E, DMC is anticipated to reduce intracellular levels of this toxic byproduct along with the associated lipofuscin burden, thereby mitigating cellular stress and preventing cell death. Moreover, the activation of the TFEB pathway is expected to bolster additional cytoprotective responses, including the upregulation of cathepsin activity and other lysosomal hydrolases that contribute to a more efficient degradation of phagocytosed photoreceptor outer segment debris, a function that is crucial for RPE homeostasis (Pan et al., 2019; Falcão et al., 2025). The enhanced autophagic flux facilitated by DMC is also likely to intersect with antioxidative pathways, potentially engaging the NRF2/KEAP1 axis, which further reinforces cellular defenses against oxidative damage—a major contributing factor in AMD pathogenesis (Falcão et al., 2025). Thus, in preclinical assays and future in vivo dry AMD models, DMC should manifest as a compound that not only clears deleterious aggregates but also restores overall lysosomal function and cellular homeostasis without the deleterious side effects often associated with mTOR inhibitors (Falcão et al., 2024; Pan et al., 2019).\n\nOverall Evaluation:  \nThe evaluation of 3,4-Dimethoxychalcone (DMC) as a repurposed therapeutic candidate for dry AMD presents several compelling strengths alongside certain challenges that must be critically addressed through further research. Among the primary strengths is DMC’s ability to modulate the TFEB pathway in a manner that is claimed to be independent of mTOR inhibition. This mTOR-independent mechanism offers a significant advantage over traditional mTOR inhibitors such as rapamycin, as it theoretically minimizes the risk of systemic immunosuppression and other mTOR-related side effects while still harnessing the potent autophagy-enhancing and lysosome-boosting effects mediated by TFEB (Gupta et al., 2023; Carmona-Gutierrez et al., 2025). Additionally, the favorable physicochemical properties of DMC—including its small molecular size, established synthetic routes, and amenable solubility profile—facilitate its potential development as a therapeutic agent for ocular applications where drug delivery and tissue penetration into the retina are critical considerations (Carmona-Gutierrez et al., 2019). The compound’s demonstrated capacity to increase lysosomal number, stimulate cathepsin activity, and elevate autophagic flux in other cell types further supports its viability as a candidate for clearing chronic intracellular accumulations characteristic of dry AMD (Falcão et al., 2024).\n\nFrom a biochemical standpoint, the targeted activation of the calcineurin–TFEB axis by DMC aligns well with current therapeutic strategies aimed at restoring cellular homeostasis in degenerative diseases. By promoting nuclear translocation of TFEB without broadly inhibiting mTOR, DMC could specifically upregulate genes involved not only in lysosomal biogenesis but also in general autophagic processing, thereby addressing both the accumulation of toxic aggregates (such as A2E and lipofuscin granules) and the compromised cellular clearance pathways in the RPE (Pan et al., 2019; Falcão et al., 2025). Moreover, the potential engagement of downstream protective pathways—possibly including cross-talk with the NRF2-mediated antioxidative response—accentuates DMC’s promise as a dual-action compound that simultaneously mitigates oxidative stress and improves proteostasis in retinal cells (Falcão et al., 2025).\n\nHowever, notable weaknesses and uncertainties remain that merit cautious consideration. First, although DMC has been shown in various experimental models to enhance autophagic and lysosomal functions, direct evidence supporting its efficacy specifically in RPE cells or in animal models of dry AMD is currently limited. Most reports detailing its mechanism originate from studies in cardiac and neuronal contexts, leaving a gap in replication and validation within ocular tissues. This translational gap necessitates rigorous preclinical testing using human iPSC-derived RPE cells and established dry AMD animal models to confirm that the TFEB activation observed in other systems translates effectively to the RPE environment (Ghosh et al., 2024; Ghosh et al., 2023).\n\nAnother challenge lies in the mechanistic ambiguity surrounding whether DMC acts entirely in an mTOR-independent fashion. While several studies extol its ability to activate TFEB without direct mTOR suppression—thus avoiding the side effects of mTOR inhibitors—other reports have suggested that related compounds may exhibit some degree of mTOR inhibition, which could potentially complicate the pharmacological profile of DMC (Lu et al., 2021; Gupta et al., 2023). This discrepancy underscores the need for detailed mechanistic studies using RPE-specific models to delineate the precise signaling cascades engaged by DMC, including assessment of calcineurin activity, TFEB dephosphorylation status, and the downstream transcriptional activation of CLEAR network genes (Gupta et al., 2023; Carmona-Gutierrez et al., 2025).\n\nFurthermore, while the proposed benefits of enhanced autophagic flux and lysosomal biogenesis are clear, the potential for off-target effects, long-term toxicity, and issues related to drug delivery in the ocular environment must be thoroughly evaluated. Ocular pharmacokinetics can differ markedly from systemic profiles, and the challenges associated with ensuring adequate retinal bioavailability—particularly in the context of the blood–retina barrier—should not be underestimated. In addition, the possible influence of DMC on other cellular pathways, such as those governing mitochondrial function and metabolic regulation, may introduce additional layers of complexity when considering chronic treatment regimens for a slowly progressing condition like dry AMD (Ghosh et al., 2024; Gupta et al., 2023).\n\nIn terms of translational potential, DMC’s repurposing for dry AMD would benefit from head-to-head comparisons with other TFEB activators that have been studied in RPE cells, such as trehalose and rapamycin. While these agents have already demonstrated beneficial effects on lipofuscin clearance and oxidative stress reduction in experimental settings, the distinct advantage of DMC may reside in its ability to engage the TFEB pathway without the collateral effects on mTOR, thereby offering a cleaner safety profile. Nevertheless, systematic studies comparing dose–response relationships, pharmacodynamics, and potential synergistic effects with other autophagy modulators will be essential prior to advancing DMC into clinical development (Falcão et al., 2024; Falcão et al., 2025).\n\nAn additional consideration is the heterogeneity present among dry AMD patients. Genetic factors, such as the presence of the CFH Y402H variant, and environmental stressors can influence the progression and severity of RPE degeneration. It will be critical to establish whether DMC’s TFEB-mediated effects are robust across different RPE phenotypes and whether any differential responses may necessitate patient stratification in future clinical trials. The potential for DMC to rescue autophagy-related gene expression and lysosomal function, as suggested by similar findings with TFEB activators in other models, provides a strong impetus for such studies, but careful experimental design will be paramount (Ghosh et al., 2024; Ghosh et al., 2023).\n\nOverall, the repurposing of 3,4-Dimethoxychalcone as a therapeutic candidate for dry AMD is supported by a solid rationale predicated on its capacity to activate TFEB and enhance autophagic and lysosomal processes in a manner that is potentially independent of mTOR inhibition. Its chemical properties, ease of synthesis, and preliminary evidence from related experimental models collectively argue in favor of its evaluation in RPE-specific assays and animal models of dry AMD. At the same time, key challenges—including the need for clear demonstration of its mTOR-independent mechanism in ocular tissues, comprehensive toxicity profiling, and optimization of drug delivery strategies—must be addressed in subsequent preclinical studies. Given the robust body of literature supporting the critical role of TFEB in maintaining RPE health and mitigating lipofuscin accumulation, DMC stands out as a promising candidate that could offer a novel approach to the treatment of dry AMD, provided that future research confirms its efficacy and safety in the retinal context (Ghosh et al., 2023; Ghosh et al., 2024; Gupta et al., 2023).\n\nIn conclusion, the current comprehensive literature review suggests that 3,4-Dimethoxychalcone exhibits significant potential as a repurposed drug candidate for dry AMD. Its unique mechanism of inducing TFEB dephosphorylation and promoting lysosomal biogenesis—thereby enhancing autophagic clearance of photo-oxidized bisretinoids and lipofuscin granules—addresses a fundamental pathogenic process in RPE degeneration. While the preclinical evidence on DMC from non-ocular models is compelling, rigorous validation in RPE-specific systems is essential to definitively establish its role in modulating autophagy and improving retinal cell survival. The strengths of DMC in terms of mechanistic specificity, favorable pharmacological properties, and avoidance of mTOR-related side effects make it a strong candidate for further development, while the challenges associated with direct translation to ocular models underscore the need for carefully designed preclinical studies. As such, the proposed direction for our drug development effort should focus on detailed in vitro assays using human iPSC-derived RPE cells, followed by in vivo evaluation in dry AMD animal models, to fully delineate the therapeutic potential and safety profile of DMC for clinical application in dry AMD (Gupta et al., 2023; Carmona-Gutierrez et al., 2025; Falcão et al., 2024; Pan et al., 2019).\n\nReferences  \nCarmona-Gutierrez, D., Zimmermann, A., & Kainz, K. (2019). The flavonoid 4,4′-dimethoxychalcone promotes autophagy-dependent longevity across species. Unknown Journal.\n\nCarmona-Gutierrez, D., Zimmermann, A., Kroemer, G., & Madeo, F. (2025). The geroprotective potential of chalcones. Nature Communications. https://doi.org/10.1038/s41467-025-64167-7\n\nFalcão, A. S., Lopes-da-Silva, M., Antas, P., Escrevente, C., Pedro, M., Coelho, R., Ferreira, I. S., Santos, I. P., Ciossek, T., Nicklin, P., Tenreiro, S., & Seabra, M. C. (2024). Enhancing lysosome function via mTOR/TFEB activation reduces lipofuscin-like granules in early age-related macular degeneration. bioRxiv. https://doi.org/10.1101/2024.09.17.613413\n\nFalcão, A. S., Pedro, M. L., Tenreiro, S., & Seabra, M. C. (2025). Targeting lysosomal dysfunction and oxidative stress in age-related macular degeneration. Antioxidants, 14(5), 596. https://doi.org/10.3390/antiox14050596\n\nGhosh, S., Sharma, R., Bammidi, S., Koontz, V., Nemani, M., Yazdankhah, M., Kedziora, K. M., ... & Sinha, D. (2023). The AKT2/SIRT5/TFEB pathway as a potential therapeutic target in atrophic age-related macular degeneration. bioRxiv. https://doi.org/10.1101/2023.08.08.552343\n\nGhosh, S., Sharma, R., Bammidi, S., Koontz, V., Nemani, M., Yazdankhah, M., ... & Sinha, D. (2024). The AKT2/SIRT5/TFEB pathway as a potential therapeutic target in non-neovascular age-related macular degeneration. Nature Communications. https://doi.org/10.1038/s41467-024-50500-z\n\nGupta, S. D., Daou, D., May, H., Jiang, N., Nguyen, N., Anand, A., Irion, C. I., Garrido-Moreno, V., Olivares-Silva, F., Diwan, A., Gillette, T. G., & Hill, J. A. (2023). Abstract P2056: The transcription factor TFEB protects against cardiac hypertrophy by increasing lysosomal capacity and activating AMPKα. Circulation Research, 133(Suppl. 1), P2056. https://doi.org/10.1161/RES.133.SUPPL_1.P2056\n\nLu, H., Sun, J., Hamblin, M. H., Chen, Y. E., & Fan, Y. (2021). Transcription factor EB regulates cardiovascular homeostasis. EBioMedicine, 63, 103207. https://doi.org/10.1016/j.ebiom.2020.103207\n\nPan, H.-Y., Alamri, A. H., & Valapala, M. (2019). Nutrient deprivation and lysosomal stress induce activation of TFEB in retinal pigment epithelial cells. Cellular & Molecular Biology Letters, 24, Article 13. https://doi.org/10.1186/s11658-019-0159-8\n\nFull trajectory link: https://platform.futurehouse.org/trajectories/\n', 'index': '4'}"
"(MK-2206,0)","(Nilotinib,3)","Both candidates are repurposed oncology agents proposed to restore autophagy/lysosomal function in RPE cells for dry AMD, but they differ markedly in the strength of disease‐relevant evidence, mechanism specificity, and safety‐translatability. Candidate 1, MK-2206, directly targets AKT2 hyperactivation—an upstream driver of TFEB phosphorylation and lysosomal/autophagy failure in RPE supported by recent genetic and functional studies in dry AMD models (Buniello et al., 2025). It has extensive in vivo and clinical PK/safety data from oncology trials and a defined allosteric mechanism that can be titrated to correct pathology without global pathway shutdown. Candidate 2, nilotinib, hinges on c-Abl inhibition to relieve p53/mTOR‐mediated autophagy blockade, a mechanism validated in neurodegeneration but not yet demonstrated in RPE or AMD models. Nilotinib’s broader kinase off‐target profile and known cardiovascular/ocular risks raise concerns for chronic ocular use. Both require ocular PK studies, but MK-2206 benefits from a clearer link to dry AMD pathology, a more selective MoA in this context, and a more favorable safety‐translation profile for repurposing.","MK-2206 (ID: 0) is superior because it directly addresses an upstream, genetically and mechanistically validated driver of lysosomal/autophagic failure in dry AMD (AKT2/TFEB axis), has robust preclinical and clinical safety/PK data, and offers a plausible ocular delivery strategy with moderate risk. Nilotinib (ID: 3) lacks direct AMD‐relevant evidence, carries significant off-target and systemic toxicity risks, and its mechanism—while compelling in neurons—remains unproven in RPE cells and may involve undesirable kinase liabilities in the retina.",4,"(0, 3)","{'hypothesis': 'MK-2206 (Selleckchem catalog #S1078), an allosteric pan-AKT inhibitor with high potency against AKT2.\n\nI.', 'answer': 'Proposal for MK-2206 (Selleckchem catalog #S1078), an allosteric pan-AKT inhibitor with high potency against AKT2.\n\nI. Overview of Therapeutic Candidate  \nMK-2206 is a small‐molecule, allosteric inhibitor that belongs to the class of pan‐AKT inhibitors, originally developed as an oncology therapeutic to target the PI3K/AKT/mTOR signaling pathway. It was discovered through iterative medicinal chemistry efforts employing high‐throughput screening and structure‐based drug design to optimize for potency, selectivity, and oral bioavailability. Unlike ATP‐competitive inhibitors, MK-2206 binds to an allosteric site on AKT isoforms, thereby altering their conformation and attenuating kinase activity without directly competing with ATP. This class of compounds has a well‐documented history in oncology due to the central role of AKT in promoting cell proliferation, survival, and resistance to apoptotic signals, and MK-2206 has been extensively characterized in both in vitro and in vivo models of cancer (Coleman et al., 2021; Rehan et al., 2014). Its chemical synthesis and subsequent optimization yielded an orally bioavailable compound with a favorable ADME (absorption, distribution, metabolism, and excretion) profile and a defined maximum tolerated dose (MTD) in phase I clinical trials, making it a strong candidate for potential repurposing (Sangai et al., 2012).\n\nII. Therapeutic History  \nHistorically, MK-2206 has been the subject of a wide range of preclinical and clinical investigations in the field of oncology. In early clinical studies, MK-2206 was evaluated as a monotherapy in advanced solid tumors and in combination with other agents—such as paclitaxel in metastatic breast cancer and with gefitinib in non-small cell lung cancer—in order to exploit its ability to abrogate AKT-mediated resistance mechanisms (Coleman et al., 2021). The compound has demonstrated its capacity to decrease levels of phosphorylated AKT at Threonine 308 and Serine 473 in treated cell lines and xenograft models, thereby diminishing downstream signaling cascades that promote tumor cell survival (Sangai et al., 2012). Despite these advances in oncology, the application of MK-2206 has not been previously reported in ocular conditions, including dry age-related macular degeneration (AMD). However, recent genetic and functional studies have implicated hyperactive AKT2 signaling in the retinal pigment epithelium (RPE) as a driver of lysosomal dysfunction in dry AMD (Buniello et al., 2025). This emerging evidence, coupled with the wealth of preclinical and clinical data on MK-2206, provides a compelling rationale for repurposing the compound to target dry AMD, particularly in cases associated with CFH variants and other genetic risk factors influencing lysosomal/autophagy pathways.\n\nIII. Mechanism of Action  \nThe molecular mechanism of MK-2206 centers on its ability to bind allosterically to AKT isoforms, including AKT1 and AKT2, and induce conformational changes that inhibit the enzyme’s catalytic function. This binding event results in a dose-dependent reduction in the phosphorylation of AKT targets, thereby curtailing the downstream signaling that is critical for cell survival and proliferation (Rehan et al., 2014; Sangai et al., 2012). In the context of cancer, these changes translate to a reduction in markers of tumor proliferation and, in combination studies, enhanced cytotoxic effects when paired with chemotherapeutic agents (Coleman et al., 2021; Sangai et al., 2012).\n\nFor dry AMD, the mechanistic interest lies in the role of AKT2 in the pathology of the disease. Recent literature indicates that hyperactivation of AKT2 in RPE cells leads to phosphorylation of transcription factor EB (TFEB), a master regulator of the Coordinated Lysosomal Expression and Regulation (CLEAR) network (Buniello et al., 2025). Phosphorylated TFEB is sequestered in the cytosol, thereby preventing its nuclear translocation and the induction of genes required for lysosomal biogenesis and autophagy. Under conditions of chronic oxidative stress and extracellular deposit accumulation—hallmarks of dry AMD—impaired TFEB function leads to lysosomal insufficiency, accumulation of toxic waste such as lipofuscin and A2E, and ultimately RPE dysfunction. MK-2206, by inhibiting hyperactive AKT2, is hypothesized to relieve the phosphorylation blockade on TFEB. This would allow TFEB to translocate to the nucleus, activate the expression of the CLEAR network, and restore lysosomal biogenesis and autophagic flux in RPE cells (Buniello et al., 2025).\n\nNumerous computational and molecular docking studies have further characterized the interaction between MK-2206 and its targets. These studies have pinpointed the key residues within the AKT kinase domain that interact with MK-2206, thereby delineating a molecular basis for the observed decrease in p-AKT levels upon treatment (Rehan et al., 2014; Pal et al., 2010). The specificity of MK-2206 for AKT isoforms is crucial given that complete ablation of all AKT signaling could be deleterious; the goal is instead to selectively dampen the hyperactive AKT2 signaling that is deleterious in RPE cells while avoiding disruption of essential survival pathways in other tissues (Song et al., 2019; Buniello et al., 2025).\n\nIV. Expected Effect  \nIn the proposed translational paradigm for dry AMD, MK-2206 is expected to exert a beneficial effect on RPE cell physiology by reversing the lysosomal and autophagic defects that underpin the disease pathology. In vitro assays using induced pluripotent stem cell (iPSC)–derived RPE cells—cells that recapitulate many aspects of native RPE function—have shown that aberrant AKT2 activity correlates with decreased CLEAR network expression, accumulation of extracellular waste deposition, and compromised mitochondrial function (Buniello et al., 2025). MK-2206 is hypothesized to counteract these pathological changes via its inhibition of AKT2. By reducing AKT2-mediated phosphorylation of TFEB, the compound is expected to facilitate TFEB nuclear translocation, thereby restoring transcriptional activation of lysosomal and autophagy genes. The net effect of this intervention would include enhanced lysosomal biogenesis, improved autophagic flux, and accelerated clearance of deleterious lipofuscin aggregates and A2E deposits—a key pathological substrate in dry AMD.\n\nIn practical terms, in an iPSC-derived RPE assay, treatment with MK-2206 would likely be monitored through several molecular and functional endpoints. First, a reduction in phosphorylated AKT (particularly at sites indicative of AKT2 activity) would be assessed using Western blot analysis with phospho-specific antibodies (Sangai et al., 2012). Concurrently, the nuclear versus cytosolic localization of TFEB could be evaluated via immunocytochemistry or subcellular fractionation, with an expected increase in nuclear TFEB following treatment. Downstream, transcriptional profiling of CLEAR network genes (which are known to be critical for lysosomal function) would be performed, with anticipated upregulation indicating restored lysosomal biogenesis. Furthermore, functional assays to evaluate autophagy, such as monitoring LC3-II accumulation and p62 degradation kinetics, would provide additional supportive evidence that MK-2206 improves autophagic flux in RPE cells. These cellular changes should correlate with a reduction in extracellular waste deposits and improved RPE mitochondrial function, as observed in analogous preclinical studies using genetic and pharmacological modulation of the AKT2/TFEB axis (Buniello et al., 2025; Pal et al., 2010).\n\nPreclinical validation in animal models, such as those employing genetically modified mice that replicate the CFH Y402H variant or those with AKT2 hyperactivation, would be crucial to further confirm these mechanistic insights. In such models, MK-2206 administration is expected to result in measurable improvements in retinal structure and function, as assessed by techniques like electroretinography (ERG), optical coherence tomography (OCT), and histological analysis of the RPE. The translational attractiveness of MK-2206 is augmented by its well-documented pharmacokinetic safety profile from oncology trials, which provides confidence that repurposing the drug for ocular indications will have a decreased barrier to clinical testing (Coleman et al., 2021; ClinicalTrials.gov, 2008).\n\nV. Overall Evaluation  \nWhen considering MK-2206 as a candidate for repurposing in the treatment of dry AMD, several strengths and weaknesses emerge from the comprehensive literature review.\n\nStrengths:  \nOne of the principal advantages of MK-2206 lies in its well-characterized profile in oncology. The robust clinical and preclinical data demonstrate its efficacy in reducing p-AKT levels and inhibiting downstream signaling pathways that contribute to pathological cell proliferation and survival (Coleman et al., 2021; Rehan et al., 2014). This same mechanism of action is directly relevant to the pathogenesis of dry AMD, where hyperactive AKT2 disrupts the normal function of TFEB and the CLEAR network, leading to lysosomal dysfunction (Buniello et al., 2025). The fact that MK-2206 is orally bioavailable and has undergone extensive evaluation in phase I and II clinical studies provides a clear translational pathway, as pharmacokinetics, dosing regimens, and safety profiles are already established. This reduces the time and cost associated with early drug development phases, a considerable advantage when repurposing a drug for a new indication. In addition, the specificity of an allosteric inhibitor like MK-2206 offers a mechanism to modulate AKT activity in a context-dependent manner that is less likely to completely ablate signaling and cause systemic toxicity, which is particularly important in a chronic condition such as dry AMD (Sangai et al., 2012). Moreover, the hypothesis that MK-2206 will restore TFEB nuclear translocation provides a mechanistically coherent explanation for how targeting AKT2 can lead to improved lysosomal biogenesis and autophagy in RPE cells—a critical unmet need in dry AMD. This therapeutic intervention targets the core defect in lysosomal/autophagy dysfunction, which is supported by contemporary genetic studies linking AKT2 hyperactivation to accumulation of drusen-associated materials and cellular stress in the RPE (Buniello et al., 2025).\n\nWeaknesses:  \nDespite these promising attributes, several potential challenges must be considered in repurposing MK-2206 for dry AMD. First, while extensive oncology data exist, the therapeutic context of dry AMD poses unique challenges related to the ocular environment. The pharmacokinetic behavior of MK-2206 in retinal tissues and its ability to effectively penetrate the blood-retina barrier remain largely uncharacterized. The biodistribution in ocular tissues may differ significantly from that in solid tumors, necessitating additional preclinical studies to confirm effective tissue concentrations and minimize off-target effects in the eye. Second, although MK-2206 inhibits pan-AKT activity, a complete inhibition of AKT signaling might interfere with normal cellular functions in the RPE and other retinal cells. It will be crucial to achieve a balance where hyperactive AKT2 is specifically modulated without precipitating a global disruption of AKT-dependent survival pathways, which could potentially lead to adverse effects, including impaired cellular viability or unintended retinal toxicity (Song et al., 2019; Pal et al., 2010). Third, in oncology studies, a range of dose-limiting toxicities were reported, such as a dose-dependent skin rash and gastrointestinal disturbances; while these may be less critical in an ocular formulation, systemic exposure remains a concern when repurposing for a chronic, non-life-threatening condition like dry AMD (Coleman et al., 2021; Nitulescu et al., 2018). Furthermore, the existing clinical data on MK-2206 have focused on acute dosing regimens in cancer patients, and long-term safety data in the context of chronic administration for ocular indications are lacking. Finally, it is important to recognize that the majority of evidence linking hyperactive AKT2 and TFEB dysregulation to dry AMD originates from genetic and preclinical models, and the translation of these findings to human disease will require rigorous validation in relevant animal models and early-phase clinical trials (Buniello et al., 2025).\n\nVI. Detailed Discussion and Future Directions  \nThe rationale for targeting the AKT2/TFEB axis in dry AMD is rooted in a deeper understanding of the molecular pathology of the disease. In normal RPE cells, TFEB plays a central role in orchestrating the expression of lysosomal genes and maintaining autophagic flux—a process essential for clearing the daily photoreceptor outer segment shedding and other intracellular waste products. In dry AMD, chronic oxidative stress, compounded by genetic predispositions such as the CFH Y402H variant, results in hyperactivation of AKT2. This hyperactivation leads to aberrant phosphorylation of TFEB, effectively sequestering it in the cytosol and thereby impairing the transcriptional activation of the CLEAR network (Buniello et al., 2025). Such dysregulation results in a cascade of pathological events, including impaired lysosomal function, accumulation of lipofuscin and A2E, and ultimately RPE cell degeneration.\n\nMK-2206 is uniquely positioned to counteract this process because its primary mode of action is to inhibit the hyperactive kinase activity of the AKT isoforms, including AKT2, thereby reducing the inhibitory phosphorylation on TFEB. An effective restoration of TFEB nuclear translocation would, in theory, reinitiate the transcription of genes required for lysosomal biogenesis and autophagy. This molecular intervention has the potential to not only clear accumulated waste products but also to restore mitochondrial function in the RPE—an effect observed in preclinical studies involving other modulators of the AKT2 pathway in genetically modified mouse models and iPSC-derived RPE cells (Buniello et al., 2025).\n\nRecent computational insights into the binding dynamics of MK-2206 further bolster the candidate’s credibility. Molecular docking studies have pinpointed the specific interactions between MK-2206 and the ATP-noncompetitive binding site of AKT, describing how its interaction with critical residues reduces the phosphorylation of downstream targets (Rehan et al., 2014). Such studies provide not only confirmatory evidence for the mechanism of action but also suggest that further optimization or modification of the inhibitor could potentially enhance its selectivity for AKT2 versus other isoforms if needed—an area that would be particularly beneficial for minimizing side effects in the sensitive retinal environment.\n\nPreclinical efforts utilizing iPSC-derived RPE models are particularly informative because they closely mimic the cellular architecture and function of native RPE cells. In these models, pharmacological inhibition of AKT2 using MK-2206 is expected to reverse the phenotype associated with lysosomal dysfunction—namely, the accumulation of intracellular debris, reduced autophagic flux, and compromised mitochondrial activity. In studies that have investigated lysosomal clearance in the context of AMD, an intervention that restores TFEB nuclear localization has been associated with improvements in cell viability and an enhanced capacity to manage oxidative stress (Buniello et al., 2025). Moreover, if MK-2206 treatment results in measurable upregulation of CLEAR network genes, this molecular signature would serve as a robust biomarker for effective target engagement in the RPE.\n\nThe translational pathway for MK-2206 can leverage the extensive clinical data accrued in oncology. Phase I clinical trials in cancer patients have established a dosing regimen and safety profile that, while optimized for tumor suppression, may need to be re-evaluated in the context of ocular drug delivery. The repurposing strategy could involve localized drug delivery systems, such as intravitreal injections or sustained-release ocular implants, to achieve effective drug concentrations in the retina while minimizing systemic exposure and potential adverse effects. Alternatively, the oral bioavailability of MK-2206 is an advantage in that it offers a non-invasive route of administration, though achieving therapeutic concentrations in the eye via systemic administration will require careful pharmacokinetic studies to elucidate its ability to cross the blood-retina barrier (Coleman et al., 2021).\n\nOne critical parameter that remains to be fully addressed in the context of dry AMD is the selectivity of MK-2206 for AKT2. While many studies have characterized MK-2206 as a pan-AKT inhibitor, preclinical data suggest that its inhibition kinetics may favor certain isoforms under specific conditions (Sangai et al., 2012; Song et al., 2019). The hypothesis posits that selective inhibition of hyperactive AKT2 in the RPE is sufficient to restore TFEB function without completely abolishing all AKT signaling. This nuanced approach is essential because basal AKT activity is required for normal cell survival and metabolism. Future studies should therefore include detailed isoform-specific assays to ensure that the dosing of MK-2206 can be calibrated to achieve the desired reduction in AKT2 activity while preserving the necessary cellular functions mediated by other isoforms.\n\nIn addition to these mechanistic considerations, the broader context of dry AMD as a multifactorial disease cannot be overlooked. Dry AMD involves not only lysosomal dysfunction but also chronic inflammation, alterations in extracellular matrix remodeling, and changes in immune cell behavior in the retina. Therefore, while restoring lysosomal biogenesis and autophagic clearance via AKT2 inhibition is a compelling therapeutic strategy, it is likely to need integration with a broader treatment plan that addresses these additional pathogenic components. Combination therapy—where MK-2206 is used together with agents targeting oxidative stress or anti-inflammatory compounds—might yield synergistic benefits and should be a focus of subsequent preclinical investigation.\n\nVII. Conclusion  \nIn summary, the repurposing of MK-2206 for dry age-related macular degeneration is supported by a strong mechanistic rationale and an extensive body of preclinical and clinical evidence from oncology. Its well-validated mechanism as an allosteric pan-AKT inhibitor, combined with emerging data implicating hyperactive AKT2 in the lysosomal dysfunction observed in RPE cells, positions MK-2206 as a promising therapeutic candidate for dry AMD (Buniello et al., 2025). The expected benefits are manifold: by inhibiting AKT2, MK-2206 is anticipated to relieve the inhibitory phosphorylation of TFEB, enabling its nuclear translocation, which in turn should activate the CLEAR gene network responsible for maintaining lysosomal biogenesis and autophagic flux. These molecular events are expected to facilitate the clearance of toxic deposits such as lipofuscin and A2E, ultimately protecting the RPE from oxidative stress and drusen-associated damage.\n\nThe strengths of MK-2206 include its established clinical safety, oral bioavailability, and detailed pharmacodynamic profile obtained from oncology studies, which together streamline its potential repurposing process. However, several challenges remain, including the need to validate its ocular pharmacokinetics, ensure isoform selectivity in the complex retinal environment, and optimize dosing regimens to prevent potential adverse effects associated with global AKT inhibition. Moreover, long-term safety and efficacy studies in appropriate preclinical models of dry AMD are essential to bridge the gap between preclinical promise and clinical application.\n\nOverall, MK-2206 represents an attractive candidate for repurposing in dry AMD based on a robust molecular hypothesis, favorable pharmacological properties, and supportive preclinical data suggesting that modulation of the AKT2/TFEB axis can reverse key pathological features of the disease. Continued investigation, including targeted in vitro studies using iPSC-derived RPE cells and relevant animal models, is warranted to further define the therapeutic window and to establish whether the promising benefits observed in preclinical settings translate into meaningful clinical outcomes in patients with dry AMD (Buniello et al., 2025; Coleman et al., 2021; Rehan et al., 2014).\n\nThis comprehensive evaluation underscores the potential for MK-2206 to be repurposed as a novel therapeutic for dry AMD, addressing an unmet clinical need by directly targeting the lysosomal/autophagy defect at its molecular root. The combination of prior clinical validation in oncology, mechanistic clarity regarding TFEB-mediated lysosomal biogenesis, and the emerging role of AKT2 in the pathogenesis of dry AMD makes MK-2206 a promising candidate in the evolving landscape of AMD therapy. Further research is essential to determine its efficacy within the unique microenvironment of the retina and to optimize treatment parameters that maximize therapeutic benefits while minimizing adverse effects, thereby providing a strong foundation for subsequent clinical trials in patients with dry AMD (Buniello et al., 2025; Sangai et al., 2012).\n\nReferences  \nBuniello, A., et al. (2025). Open Targets Platform: facilitating therapeutic hypotheses building in drug discovery. Nucleic Acids Research.\n\nColeman, N., Moyers, J. T., Harbery, A., Vivanco, I., & Yap, T. A. (2021). Clinical development of Akt inhibitors and associated predictive biomarkers to guide patient treatment in cancer medicine. Pharmacogenomics and Personalized Medicine, 14, 1517–1535. https://doi.org/10.2147/pgpm.s305068\n\nMerck Sharp & Dohme LLC. (2008). Dose escalation study with MK-2206 in patients with locally advanced or metastatic solid tumors (MK-2206-002) [Clinical trial registration]. ClinicalTrials.gov. https://clinicaltrials.gov/ct2/show/NCT00670488\n\nNitulescu, G., Van De Venter, M., Nitulescu, G., Ungurianu, A., Juzenas, P., Peng, Q., Olaru, O., Grădinaru, D., Tsatsakis, A., Tsoukalas, D., Spandidos, D., & Margina, D. (2018). The Akt pathway in oncology therapy and beyond. International Journal of Oncology, 53, 2319–2331. https://doi.org/10.3892/ijo.2018.4597\n\nPal, S. K., Reckamp, K., Yu, H., & Figlin, R. A. (2010). Akt inhibitors in clinical development for the treatment of cancer. Expert Opinion on Investigational Drugs, 19, 1355–1366. https://doi.org/10.1517/13543784.2010.520701\n\nRehan, M., Beg, M. A., Parveen, S., Damanhouri, G. A., & Zaher, G. F. (2014). Computational insights into the inhibitory mechanism of human Akt1 by an orally active inhibitor, MK-2206. PLoS ONE, 9, e109705. https://doi.org/10.1371/journal.pone.0109705\n\nSangai, T., Akcakanat, A., Chen, H., Tarco, E., Wu, Y., Do, K.-A., Miller, T. W., Arteaga, C. L., Mills, G. B., Gonzalez-Angulo, A. M., & Meric-Bernstam, F. (2012). Biomarkers of response to Akt inhibitor MK-2206 in breast cancer. Clinical Cancer Research, 18, 5816–5828. https://doi.org/10.1158/1078-0432.CCR-12-1141\n\nSong, M., Bode, A. M., Dong, Z., & Lee, M.-H. (2019). Akt as a therapeutic target for cancer. Cancer Research, 79(6), 1019–1031. https://doi.org/10.1158/0008-5472.CAN-18-2738\n\nFull trajectory link: https://platform.futurehouse.org/trajectories/\n', 'index': '0'}","{'hypothesis': 'Nilotinib (Tasigna®, Novartis), a c-Abl tyrosine kinase inhibitor.', 'answer': 'Proposal for Nilotinib (Tasigna®, Novartis), a c-Abl tyrosine kinase inhibitor.\n\nOverview of Therapeutic Candidate:  \nNilotinib (Tasigna®, Novartis) is a synthetic small molecule inhibitor originally developed as a second‐generation BCR–ABL tyrosine kinase inhibitor for the treatment of chronic myelogenous leukemia (CML). Developed through iterative medicinal chemistry optimization processes that sought to overcome resistance to first‐generation inhibitors such as imatinib, nilotinib is structurally designed to selectively bind the ATP-binding pocket of the c-Abl kinase, thereby inhibiting its catalytic activity (Karim et al., 2020). As a representative member of tyrosine kinase inhibitors (TKIs), nilotinib falls into the class of targeted anticancer agents that have been widely used in oncology, with extensive preclinical and clinical experience in modulating aberrant kinase signaling pathways. The synthetic origins of nilotinib involve derivatization of earlier BCR–ABL inhibitors to improve potency and specificity, and its development has been a model for the design of targeted agents in diseases driven by kinase dysregulation (Karim et al., 2020). While its initial application has been in CML, its potent inhibition of c-Abl has attracted attention for repurposing in other conditions where this kinase plays a pathological role, including neurodegeneration and, as hypothesized here, dry age-related macular degeneration (AMD) (Karim et al., 2020; Fowler et al., 2019).\n\nTherapeutic History:  \nNilotinib has a well-documented clinical history as an FDA-approved therapeutic for CML, where its efficacy and safety profile have been established across numerous clinical trials and long-term follow-up studies. Over the past decade, repurposing efforts have extended into neurodegenerative diseases based on its ability to cross the blood–brain barrier (albeit at modest concentrations) and modulate pathogenic protein aggregation via autophagy enhancement. Preclinical studies in models of α-synucleinopathy, Parkinson’s disease, and Alzheimer’s disease have demonstrated that nilotinib can reduce toxic protein burden, improve autophagic clearance, and rescue neuronal survival by inhibiting c-Abl mediated pathways (Karim et al., 2020). Despite these promising findings in neurological contexts, a systematic search of clinical trial databases reveals that nilotinib has not yet been directly investigated in dry AMD or related retinal degenerative conditions (ClinicalTrials.gov, n.d.). This lack of prior clinical evaluation in the retinal domain represents both a gap in the evidence base and an opportunity for further translational research, building on the extensive safety and pharmacokinetic data already available from its oncological and neurodegenerative applications (ClinicalTrials.gov, n.d.; Santos, Ambrósio, & Léger, 2024).\n\nMechanism of Action:  \nThe central mechanism of nilotinib is its inhibition of the aberrantly activated c-Abl tyrosine kinase. Under normal conditions, c-Abl regulates various cellular processes, including cell-cycle control, DNA repair, and stress responses. However, in pathological settings such as CML and certain neurodegenerative diseases, c-Abl becomes hyperactivated, leading to detrimental downstream effects including the activation of the tumor suppressor p53 via phosphorylation (Karim et al., 2020). In neurodegenerative models, c-Abl activation has been shown to interfere with autophagy, a critical intracellular degradation process, by upregulating p53 and inhibiting key autophagy initiators such as ULK1 and Beclin1 (Karim et al., 2020). Mechanistic studies in α-synucleinopathy models have demonstrated that nilotinib’s inhibition of c-Abl reduces the phosphorylation of p53 and decreases downstream mTORC1 signaling, thereby releasing autophagic blockades (Karim et al., 2020). Specifically, nilotinib treatment has been shown to enhance autophagic flux through increased conversion of LC3-I to LC3-II and reduced accumulation of the autophagy adaptor p62, indicating improved autophagosome formation and lysosomal clearance (Karim et al., 2020). Moreover, by inhibiting c-Abl, nilotinib alleviates the phosphorylation of ULK1 and enables its activation in an AMPK-dependent manner, which is critical for the initiation of autophagy; there is also emerging evidence that this inhibition may drive the formation or activation of the Beclin1 complex, further promoting autophagosome nucleation (Karim et al., 2020). Thus, nilotinib exerts a dual effect: it directly impedes the kinase activity of c-Abl while indirectly reactivating autophagic pathways that are otherwise suppressed by c-Abl’s pathological signaling via p53 and mTOR (Karim et al., 2020).\n\nExpected Effect:  \nBased on the hypothesized role of c-Abl in retinal pigment epithelium (RPE) dysfunction, it is anticipated that nilotinib will have several beneficial effects in the context of dry AMD. In RPE cells, chronic oxidative stress and drusen-associated stressors are known to activate c-Abl, leading to the phosphorylation and inhibition of key autophagy regulators such as ULK1 and Beclin1. This interruption of autophagic flux is believed to contribute to lipofuscin accumulation, particularly of A2E, a toxic by-product implicated in the pathogenesis of dry AMD (Kim, Hwang, & Kwon, 2020; Karim et al., 2020). By inhibiting c-Abl, nilotinib should theoretically reverse this block, restore ULK1/Beclin1 activity, and re-establish effective autophagic clearance. In in vitro RPE cell assays that employ stresses such as A2E challenge and oxidative insults, nilotinib is expected to decrease the accumulation of lipofuscin and A2E, increase markers of autophagic flux such as LC3-II, and reduce p62 levels, thereby indicating enhanced lysosomal degradation (Kim, Hwang, & Kwon, 2020; Santos, Ambrósio, & Léger, 2024). With improved autophagic processing, the cellular homeostasis within RPE cells should be restored, thereby preventing the degenerative changes that contribute to drusen formation and the overall progression of dry AMD. Furthermore, animal studies in neurodegenerative models have shown that nilotinib can lead to delayed onset of clinical symptoms and improved cell survival, lending support to the potential translational value of these mechanisms in the retinal environment (Karim et al., 2020). It is important to note that while supportive mechanistic evidence exists from neurodegeneration research, direct experimental validation of nilotinib’s impact on RPE autophagy and lipofuscin clearance in dry AMD-specific models remains to be performed (ClinicalTrials.gov, n.d.; Santos, Ambrósio, & Léger, 2024).\n\nOverall Evaluation:  \nNilotinib represents a compelling candidate for repurposing in dry age-related macular degeneration due to its well-characterized pharmacological profile, established safety through its use in CML, and promising mechanistic insights from neurodegeneration studies. One of the primary strengths of this candidate is its clear molecular mechanism: by inhibiting c-Abl, nilotinib has the potential to reverse the autophagy blockade mediated by pathological p53 activation and mTOR signaling, a mechanism that is plausibly relevant to the pathology observed in RPE cells under oxidative and drusen stress (Karim et al., 2020). The existing literature strongly supports the notion that c-Abl plays a pivotal role in autophagy regulation, with multiple studies demonstrating that its inhibition leads to enhanced autophagic clearance of toxic protein aggregates in neuronal models (Karim et al., 2020; Kim, Hwang, & Kwon, 2020). This mechanistic similarity is particularly encouraging given that autophagic dysfunction and accumulation of cellular debris such as lipofuscin (and its A2E component) are central to the progression of dry AMD (Kim, Hwang, & Kwon, 2020; Karim et al., 2020).\n\nAnother strength is the translational potential based on nilotinib’s pharmacokinetic profile. Despite challenges often associated with drug delivery to the central nervous system and ocular tissues, nilotinib has demonstrated the ability to cross the blood–brain barrier at pharmacologically relevant doses, suggesting that similar (albeit low-dose) penetration of the blood–retina barrier might be achievable. This is supported by the documented systemic administration protocols in preclinical neurodegeneration models where nilotinib exhibited biological activity in brain tissues (Karim et al., 2020), and by extension, such dosing strategies may be adapted for ocular tissues. The fact that nilotinib is already FDA-approved means that its safety profile, dosing parameters, and potential side effects are well understood, which significantly reduces the risk and accelerates the timeline for repurposing in a new indication (ClinicalTrials.gov, n.d.; Santos, Ambrósio, & Léger, 2024).\n\nHowever, there are several weaknesses and challenges that must be acknowledged. First, despite the promising mechanistic data in neurodegenerative models, direct evidence for nilotinib’s efficacy in RPE cells and in models of dry AMD is currently lacking. A systematic search of clinical trial databases has revealed no registered trials for nilotinib in the context of AMD, which suggests that while preclinical data in other systems is robust, the translational leap to retinal applications remains uncharted (ClinicalTrials.gov, n.d.). Moreover, the molecular environment in the retina, particularly within the RPE, may differ in significant ways from neuronal tissues; factors such as differential expression patterns of autophagy regulators, variations in stress response signaling, and the unique barrier properties of the retina may influence nilotinib’s ultimate efficacy (Santos, Ambrósio, & Léger, 2024; Kim, Hwang, & Kwon, 2020).\n\nAnother potential concern is the specificity of nilotinib’s activity in the ocular environment. While its primary mechanism is through c-Abl inhibition, nilotinib has been documented to interact with other kinases (such as DDR1/DDR2) at low nanomolar concentrations (Fowler et al., 2019), which could lead to off-target effects that may be undesirable in the delicate architecture of the retina. These off-target interactions could potentially disrupt normal cellular processes within the retina, potentially exacerbating rather than ameliorating retinal degeneration if not carefully controlled (Fowler et al., 2019; Hussain et al., 2019). Additionally, while nilotinib’s safety profile has been demonstrated in systemic oncology settings, the safety and tolerability of chronic nilotinib administration directly affecting ocular tissues have yet to be thoroughly evaluated. Intraocular injections or other targeted delivery methods might be required to achieve therapeutic concentrations in the retina, and these routes carry their own risks of complications, including infection and retinal detachment (Santos, Ambrósio, & Léger, 2024).\n\nIn summary, nilotinib offers a conceptually appealing avenue for the treatment of dry AMD by targeting a clear molecular driver—c-Abl mediated autophagy dysfunction—that is implicated in the accumulation of toxic aggregates in RPE cells. The extensive preclinical data from neurodegenerative models provides a strong foundation that supports the hypothesis that nilotinib can restore autophagic flux by reactivating ULK1/Beclin1 function and reducing p53-mediated inhibition (Karim et al., 2020). The fact that nilotinib is already approved for human use and has well-characterized pharmacokinetics and safety data further enhances its attractiveness for repurposing. Nonetheless, significant hurdles remain, most notably the absence of direct evidence in retinal models, potential differences in drug permeability and target engagement in RPE cells, and the risk of off-target effects in ocular tissues. These challenges underscore the need for rigorous preclinical validation in RPE culture systems (e.g., using A2E challenge assays) and well-designed dry AMD animal models before advancing to clinical trials (ClinicalTrials.gov, n.d.; Santos, Ambrósio, & Léger, 2024).\n\nOverall, given its mechanistic rationale, previous efficacy in related neurodegenerative contexts, and favorable safety profile in oncology, nilotinib stands out as a promising candidate for further exploration as a treatment for dry AMD. Its repurposing offers a high translational value with the potential to address a major unmet medical need, provided that future studies can confirm its ability to cross the blood–retina barrier, restore autophagic processing in RPE cells, and ultimately prevent RPE degeneration without incurring significant ocular toxicity (Fowler et al., 2019; Karim et al., 2020). Continued interdisciplinary research involving detailed biochemical studies, targeted delivery assessments, and in vivo pharmacodynamic evaluations will be critical to fully validate nilotinib’s therapeutic potential in the context of dry AMD.\n\nReferences  \nClinicalTrials.gov. (n.d.). Nilotinib and age-related macular degeneration or retinal degeneration or retinal pigment epithelium or autophagy [Search results]. Retrieved April 1, 2024, from https://clinicaltrials.gov  \nFowler, A. J., Hebron, M., Missner, A. A., Wang, R., Gao, X., Kurd-Misto, B. T., Liu, X., & Moussa, C. E.-H. (2019). Multikinase abl/ddr/src inhibition produces optimal effects for tyrosine kinase inhibition in neurodegeneration. Drugs in R&D, 19, 149–166. https://doi.org/10.1007/s40268-019-0266-z  \nHussain, T., Zhao, D., Shah, S. Z. A., Sabir, N., Wang, J., Liao, Y., Song, Y., Dong, H., Mangi, M. H., Ni, J., Yang, L., & Zhou, X. (2019). Nilotinib: A tyrosine kinase inhibitor mediates resistance to intracellular mycobacterium via regulating autophagy. Cells, 8, 506. https://doi.org/10.3390/cells8050506  \nKarim, M. R., Liao, E. E., Kim, J., Meints, J., Martell Martinez, H., Pletnikova, O., Troncoso, J. C., & Lee, M. K. (2020). α-Synucleinopathy associated c-Abl activation causes p53-dependent autophagy impairment. Molecular Neurodegeneration. https://doi.org/10.1186/s13024-020-00364-w  \nKim, D., Hwang, H.-Y., & Kwon, H. J. (2020). Targeting autophagy in disease: Recent advances in drug discovery. Expert Opinion on Drug Discovery, 15, 1045–1063. https://doi.org/10.1080/17460441.2020.1773429  \nSantos, P. F., Ambrósio, A. F., & Léger, H. (2024). The importance of kinases in retinal degenerative diseases. Kinases and Phosphatases, 2, 93–109. https://doi.org/10.3390/kinasesphosphatases2010006\n\nFull trajectory link: https://platform.futurehouse.org/trajectories/\n', 'index': '3'}"
"(MK-2206, 0)","(3,4-Dimethoxychalcone, 4)","Both candidates aim to restore lysosomal/autophagy function in RPE cells by activating the TFEB/CLEAR network but via different upstream mechanisms. Candidate 1 (MK-2206) is a well-characterized allosteric pan-AKT inhibitor with extensive preclinical and clinical oncology data, and emerging genetic evidence implicates AKT2 hyperactivity in dry AMD. Its repurposing leverages known ADME, safety, dosing, and PK profiles, and its mechanism—attenuation of AKT2-mediated TFEB phosphorylation—is directly relevant to lysosomal biogenesis in RPE. Key liabilities include unproven ocular distribution, potential systemic toxicities with chronic dosing, and the need to calibrate isoform selectivity to avoid disrupting essential AKT signaling. Candidate 2 (3,4-Dimethoxychalcone) directly activates TFEB in an mTOR-independent manner, avoiding immunosuppressive liabilities of rapalogs. Its chemical simplicity, favorable physicochemical properties, and robust autophagy/lysosome stimulation in non-ocular models make it conceptually attractive. However, its evidence in dry AMD is limited to extrapolation from cardiac and neuronal systems, and ocular PK, chronic safety, and precise mechanism (mTOR independence vs. off-target effects) remain unvalidated. Thus, MK-2206 brings stronger, disease-relevant data and a clearer translational path despite ocular PK challenges, whereas DMC is mechanistically novel but lacks direct dry AMD evidence and clinical safety data.","MK-2206 (Candidate 0) outperforms DMC (Candidate 4) primarily due to its robust supporting evidence: extensive preclinical and clinical characterization, direct genetic linkage of AKT2 hyperactivity to RPE lysosomal dysfunction, and a defined translational path via repurposing. While DMC offers an elegant, direct TFEB-activating MoA, the absence of ocular/dry AMD data, unclear ocular delivery and safety profile, and mechanistic ambiguities diminish its immediate translatability. MK-2206’s known safety dossier, oral bioavailability, and dose/PK guidance significantly de-risk early development, outweighing the novelty advantage of DMC.",5,"(0, 4)","{'hypothesis': 'MK-2206 (Selleckchem catalog #S1078), an allosteric pan-AKT inhibitor with high potency against AKT2.\n\nI.', 'answer': 'Proposal for MK-2206 (Selleckchem catalog #S1078), an allosteric pan-AKT inhibitor with high potency against AKT2.\n\nI. Overview of Therapeutic Candidate  \nMK-2206 is a small‐molecule, allosteric inhibitor that belongs to the class of pan‐AKT inhibitors, originally developed as an oncology therapeutic to target the PI3K/AKT/mTOR signaling pathway. It was discovered through iterative medicinal chemistry efforts employing high‐throughput screening and structure‐based drug design to optimize for potency, selectivity, and oral bioavailability. Unlike ATP‐competitive inhibitors, MK-2206 binds to an allosteric site on AKT isoforms, thereby altering their conformation and attenuating kinase activity without directly competing with ATP. This class of compounds has a well‐documented history in oncology due to the central role of AKT in promoting cell proliferation, survival, and resistance to apoptotic signals, and MK-2206 has been extensively characterized in both in vitro and in vivo models of cancer (Coleman et al., 2021; Rehan et al., 2014). Its chemical synthesis and subsequent optimization yielded an orally bioavailable compound with a favorable ADME (absorption, distribution, metabolism, and excretion) profile and a defined maximum tolerated dose (MTD) in phase I clinical trials, making it a strong candidate for potential repurposing (Sangai et al., 2012).\n\nII. Therapeutic History  \nHistorically, MK-2206 has been the subject of a wide range of preclinical and clinical investigations in the field of oncology. In early clinical studies, MK-2206 was evaluated as a monotherapy in advanced solid tumors and in combination with other agents—such as paclitaxel in metastatic breast cancer and with gefitinib in non-small cell lung cancer—in order to exploit its ability to abrogate AKT-mediated resistance mechanisms (Coleman et al., 2021). The compound has demonstrated its capacity to decrease levels of phosphorylated AKT at Threonine 308 and Serine 473 in treated cell lines and xenograft models, thereby diminishing downstream signaling cascades that promote tumor cell survival (Sangai et al., 2012). Despite these advances in oncology, the application of MK-2206 has not been previously reported in ocular conditions, including dry age-related macular degeneration (AMD). However, recent genetic and functional studies have implicated hyperactive AKT2 signaling in the retinal pigment epithelium (RPE) as a driver of lysosomal dysfunction in dry AMD (Buniello et al., 2025). This emerging evidence, coupled with the wealth of preclinical and clinical data on MK-2206, provides a compelling rationale for repurposing the compound to target dry AMD, particularly in cases associated with CFH variants and other genetic risk factors influencing lysosomal/autophagy pathways.\n\nIII. Mechanism of Action  \nThe molecular mechanism of MK-2206 centers on its ability to bind allosterically to AKT isoforms, including AKT1 and AKT2, and induce conformational changes that inhibit the enzyme’s catalytic function. This binding event results in a dose-dependent reduction in the phosphorylation of AKT targets, thereby curtailing the downstream signaling that is critical for cell survival and proliferation (Rehan et al., 2014; Sangai et al., 2012). In the context of cancer, these changes translate to a reduction in markers of tumor proliferation and, in combination studies, enhanced cytotoxic effects when paired with chemotherapeutic agents (Coleman et al., 2021; Sangai et al., 2012).\n\nFor dry AMD, the mechanistic interest lies in the role of AKT2 in the pathology of the disease. Recent literature indicates that hyperactivation of AKT2 in RPE cells leads to phosphorylation of transcription factor EB (TFEB), a master regulator of the Coordinated Lysosomal Expression and Regulation (CLEAR) network (Buniello et al., 2025). Phosphorylated TFEB is sequestered in the cytosol, thereby preventing its nuclear translocation and the induction of genes required for lysosomal biogenesis and autophagy. Under conditions of chronic oxidative stress and extracellular deposit accumulation—hallmarks of dry AMD—impaired TFEB function leads to lysosomal insufficiency, accumulation of toxic waste such as lipofuscin and A2E, and ultimately RPE dysfunction. MK-2206, by inhibiting hyperactive AKT2, is hypothesized to relieve the phosphorylation blockade on TFEB. This would allow TFEB to translocate to the nucleus, activate the expression of the CLEAR network, and restore lysosomal biogenesis and autophagic flux in RPE cells (Buniello et al., 2025).\n\nNumerous computational and molecular docking studies have further characterized the interaction between MK-2206 and its targets. These studies have pinpointed the key residues within the AKT kinase domain that interact with MK-2206, thereby delineating a molecular basis for the observed decrease in p-AKT levels upon treatment (Rehan et al., 2014; Pal et al., 2010). The specificity of MK-2206 for AKT isoforms is crucial given that complete ablation of all AKT signaling could be deleterious; the goal is instead to selectively dampen the hyperactive AKT2 signaling that is deleterious in RPE cells while avoiding disruption of essential survival pathways in other tissues (Song et al., 2019; Buniello et al., 2025).\n\nIV. Expected Effect  \nIn the proposed translational paradigm for dry AMD, MK-2206 is expected to exert a beneficial effect on RPE cell physiology by reversing the lysosomal and autophagic defects that underpin the disease pathology. In vitro assays using induced pluripotent stem cell (iPSC)–derived RPE cells—cells that recapitulate many aspects of native RPE function—have shown that aberrant AKT2 activity correlates with decreased CLEAR network expression, accumulation of extracellular waste deposition, and compromised mitochondrial function (Buniello et al., 2025). MK-2206 is hypothesized to counteract these pathological changes via its inhibition of AKT2. By reducing AKT2-mediated phosphorylation of TFEB, the compound is expected to facilitate TFEB nuclear translocation, thereby restoring transcriptional activation of lysosomal and autophagy genes. The net effect of this intervention would include enhanced lysosomal biogenesis, improved autophagic flux, and accelerated clearance of deleterious lipofuscin aggregates and A2E deposits—a key pathological substrate in dry AMD.\n\nIn practical terms, in an iPSC-derived RPE assay, treatment with MK-2206 would likely be monitored through several molecular and functional endpoints. First, a reduction in phosphorylated AKT (particularly at sites indicative of AKT2 activity) would be assessed using Western blot analysis with phospho-specific antibodies (Sangai et al., 2012). Concurrently, the nuclear versus cytosolic localization of TFEB could be evaluated via immunocytochemistry or subcellular fractionation, with an expected increase in nuclear TFEB following treatment. Downstream, transcriptional profiling of CLEAR network genes (which are known to be critical for lysosomal function) would be performed, with anticipated upregulation indicating restored lysosomal biogenesis. Furthermore, functional assays to evaluate autophagy, such as monitoring LC3-II accumulation and p62 degradation kinetics, would provide additional supportive evidence that MK-2206 improves autophagic flux in RPE cells. These cellular changes should correlate with a reduction in extracellular waste deposits and improved RPE mitochondrial function, as observed in analogous preclinical studies using genetic and pharmacological modulation of the AKT2/TFEB axis (Buniello et al., 2025; Pal et al., 2010).\n\nPreclinical validation in animal models, such as those employing genetically modified mice that replicate the CFH Y402H variant or those with AKT2 hyperactivation, would be crucial to further confirm these mechanistic insights. In such models, MK-2206 administration is expected to result in measurable improvements in retinal structure and function, as assessed by techniques like electroretinography (ERG), optical coherence tomography (OCT), and histological analysis of the RPE. The translational attractiveness of MK-2206 is augmented by its well-documented pharmacokinetic safety profile from oncology trials, which provides confidence that repurposing the drug for ocular indications will have a decreased barrier to clinical testing (Coleman et al., 2021; ClinicalTrials.gov, 2008).\n\nV. Overall Evaluation  \nWhen considering MK-2206 as a candidate for repurposing in the treatment of dry AMD, several strengths and weaknesses emerge from the comprehensive literature review.\n\nStrengths:  \nOne of the principal advantages of MK-2206 lies in its well-characterized profile in oncology. The robust clinical and preclinical data demonstrate its efficacy in reducing p-AKT levels and inhibiting downstream signaling pathways that contribute to pathological cell proliferation and survival (Coleman et al., 2021; Rehan et al., 2014). This same mechanism of action is directly relevant to the pathogenesis of dry AMD, where hyperactive AKT2 disrupts the normal function of TFEB and the CLEAR network, leading to lysosomal dysfunction (Buniello et al., 2025). The fact that MK-2206 is orally bioavailable and has undergone extensive evaluation in phase I and II clinical studies provides a clear translational pathway, as pharmacokinetics, dosing regimens, and safety profiles are already established. This reduces the time and cost associated with early drug development phases, a considerable advantage when repurposing a drug for a new indication. In addition, the specificity of an allosteric inhibitor like MK-2206 offers a mechanism to modulate AKT activity in a context-dependent manner that is less likely to completely ablate signaling and cause systemic toxicity, which is particularly important in a chronic condition such as dry AMD (Sangai et al., 2012). Moreover, the hypothesis that MK-2206 will restore TFEB nuclear translocation provides a mechanistically coherent explanation for how targeting AKT2 can lead to improved lysosomal biogenesis and autophagy in RPE cells—a critical unmet need in dry AMD. This therapeutic intervention targets the core defect in lysosomal/autophagy dysfunction, which is supported by contemporary genetic studies linking AKT2 hyperactivation to accumulation of drusen-associated materials and cellular stress in the RPE (Buniello et al., 2025).\n\nWeaknesses:  \nDespite these promising attributes, several potential challenges must be considered in repurposing MK-2206 for dry AMD. First, while extensive oncology data exist, the therapeutic context of dry AMD poses unique challenges related to the ocular environment. The pharmacokinetic behavior of MK-2206 in retinal tissues and its ability to effectively penetrate the blood-retina barrier remain largely uncharacterized. The biodistribution in ocular tissues may differ significantly from that in solid tumors, necessitating additional preclinical studies to confirm effective tissue concentrations and minimize off-target effects in the eye. Second, although MK-2206 inhibits pan-AKT activity, a complete inhibition of AKT signaling might interfere with normal cellular functions in the RPE and other retinal cells. It will be crucial to achieve a balance where hyperactive AKT2 is specifically modulated without precipitating a global disruption of AKT-dependent survival pathways, which could potentially lead to adverse effects, including impaired cellular viability or unintended retinal toxicity (Song et al., 2019; Pal et al., 2010). Third, in oncology studies, a range of dose-limiting toxicities were reported, such as a dose-dependent skin rash and gastrointestinal disturbances; while these may be less critical in an ocular formulation, systemic exposure remains a concern when repurposing for a chronic, non-life-threatening condition like dry AMD (Coleman et al., 2021; Nitulescu et al., 2018). Furthermore, the existing clinical data on MK-2206 have focused on acute dosing regimens in cancer patients, and long-term safety data in the context of chronic administration for ocular indications are lacking. Finally, it is important to recognize that the majority of evidence linking hyperactive AKT2 and TFEB dysregulation to dry AMD originates from genetic and preclinical models, and the translation of these findings to human disease will require rigorous validation in relevant animal models and early-phase clinical trials (Buniello et al., 2025).\n\nVI. Detailed Discussion and Future Directions  \nThe rationale for targeting the AKT2/TFEB axis in dry AMD is rooted in a deeper understanding of the molecular pathology of the disease. In normal RPE cells, TFEB plays a central role in orchestrating the expression of lysosomal genes and maintaining autophagic flux—a process essential for clearing the daily photoreceptor outer segment shedding and other intracellular waste products. In dry AMD, chronic oxidative stress, compounded by genetic predispositions such as the CFH Y402H variant, results in hyperactivation of AKT2. This hyperactivation leads to aberrant phosphorylation of TFEB, effectively sequestering it in the cytosol and thereby impairing the transcriptional activation of the CLEAR network (Buniello et al., 2025). Such dysregulation results in a cascade of pathological events, including impaired lysosomal function, accumulation of lipofuscin and A2E, and ultimately RPE cell degeneration.\n\nMK-2206 is uniquely positioned to counteract this process because its primary mode of action is to inhibit the hyperactive kinase activity of the AKT isoforms, including AKT2, thereby reducing the inhibitory phosphorylation on TFEB. An effective restoration of TFEB nuclear translocation would, in theory, reinitiate the transcription of genes required for lysosomal biogenesis and autophagy. This molecular intervention has the potential to not only clear accumulated waste products but also to restore mitochondrial function in the RPE—an effect observed in preclinical studies involving other modulators of the AKT2 pathway in genetically modified mouse models and iPSC-derived RPE cells (Buniello et al., 2025).\n\nRecent computational insights into the binding dynamics of MK-2206 further bolster the candidate’s credibility. Molecular docking studies have pinpointed the specific interactions between MK-2206 and the ATP-noncompetitive binding site of AKT, describing how its interaction with critical residues reduces the phosphorylation of downstream targets (Rehan et al., 2014). Such studies provide not only confirmatory evidence for the mechanism of action but also suggest that further optimization or modification of the inhibitor could potentially enhance its selectivity for AKT2 versus other isoforms if needed—an area that would be particularly beneficial for minimizing side effects in the sensitive retinal environment.\n\nPreclinical efforts utilizing iPSC-derived RPE models are particularly informative because they closely mimic the cellular architecture and function of native RPE cells. In these models, pharmacological inhibition of AKT2 using MK-2206 is expected to reverse the phenotype associated with lysosomal dysfunction—namely, the accumulation of intracellular debris, reduced autophagic flux, and compromised mitochondrial activity. In studies that have investigated lysosomal clearance in the context of AMD, an intervention that restores TFEB nuclear localization has been associated with improvements in cell viability and an enhanced capacity to manage oxidative stress (Buniello et al., 2025). Moreover, if MK-2206 treatment results in measurable upregulation of CLEAR network genes, this molecular signature would serve as a robust biomarker for effective target engagement in the RPE.\n\nThe translational pathway for MK-2206 can leverage the extensive clinical data accrued in oncology. Phase I clinical trials in cancer patients have established a dosing regimen and safety profile that, while optimized for tumor suppression, may need to be re-evaluated in the context of ocular drug delivery. The repurposing strategy could involve localized drug delivery systems, such as intravitreal injections or sustained-release ocular implants, to achieve effective drug concentrations in the retina while minimizing systemic exposure and potential adverse effects. Alternatively, the oral bioavailability of MK-2206 is an advantage in that it offers a non-invasive route of administration, though achieving therapeutic concentrations in the eye via systemic administration will require careful pharmacokinetic studies to elucidate its ability to cross the blood-retina barrier (Coleman et al., 2021).\n\nOne critical parameter that remains to be fully addressed in the context of dry AMD is the selectivity of MK-2206 for AKT2. While many studies have characterized MK-2206 as a pan-AKT inhibitor, preclinical data suggest that its inhibition kinetics may favor certain isoforms under specific conditions (Sangai et al., 2012; Song et al., 2019). The hypothesis posits that selective inhibition of hyperactive AKT2 in the RPE is sufficient to restore TFEB function without completely abolishing all AKT signaling. This nuanced approach is essential because basal AKT activity is required for normal cell survival and metabolism. Future studies should therefore include detailed isoform-specific assays to ensure that the dosing of MK-2206 can be calibrated to achieve the desired reduction in AKT2 activity while preserving the necessary cellular functions mediated by other isoforms.\n\nIn addition to these mechanistic considerations, the broader context of dry AMD as a multifactorial disease cannot be overlooked. Dry AMD involves not only lysosomal dysfunction but also chronic inflammation, alterations in extracellular matrix remodeling, and changes in immune cell behavior in the retina. Therefore, while restoring lysosomal biogenesis and autophagic clearance via AKT2 inhibition is a compelling therapeutic strategy, it is likely to need integration with a broader treatment plan that addresses these additional pathogenic components. Combination therapy—where MK-2206 is used together with agents targeting oxidative stress or anti-inflammatory compounds—might yield synergistic benefits and should be a focus of subsequent preclinical investigation.\n\nVII. Conclusion  \nIn summary, the repurposing of MK-2206 for dry age-related macular degeneration is supported by a strong mechanistic rationale and an extensive body of preclinical and clinical evidence from oncology. Its well-validated mechanism as an allosteric pan-AKT inhibitor, combined with emerging data implicating hyperactive AKT2 in the lysosomal dysfunction observed in RPE cells, positions MK-2206 as a promising therapeutic candidate for dry AMD (Buniello et al., 2025). The expected benefits are manifold: by inhibiting AKT2, MK-2206 is anticipated to relieve the inhibitory phosphorylation of TFEB, enabling its nuclear translocation, which in turn should activate the CLEAR gene network responsible for maintaining lysosomal biogenesis and autophagic flux. These molecular events are expected to facilitate the clearance of toxic deposits such as lipofuscin and A2E, ultimately protecting the RPE from oxidative stress and drusen-associated damage.\n\nThe strengths of MK-2206 include its established clinical safety, oral bioavailability, and detailed pharmacodynamic profile obtained from oncology studies, which together streamline its potential repurposing process. However, several challenges remain, including the need to validate its ocular pharmacokinetics, ensure isoform selectivity in the complex retinal environment, and optimize dosing regimens to prevent potential adverse effects associated with global AKT inhibition. Moreover, long-term safety and efficacy studies in appropriate preclinical models of dry AMD are essential to bridge the gap between preclinical promise and clinical application.\n\nOverall, MK-2206 represents an attractive candidate for repurposing in dry AMD based on a robust molecular hypothesis, favorable pharmacological properties, and supportive preclinical data suggesting that modulation of the AKT2/TFEB axis can reverse key pathological features of the disease. Continued investigation, including targeted in vitro studies using iPSC-derived RPE cells and relevant animal models, is warranted to further define the therapeutic window and to establish whether the promising benefits observed in preclinical settings translate into meaningful clinical outcomes in patients with dry AMD (Buniello et al., 2025; Coleman et al., 2021; Rehan et al., 2014).\n\nThis comprehensive evaluation underscores the potential for MK-2206 to be repurposed as a novel therapeutic for dry AMD, addressing an unmet clinical need by directly targeting the lysosomal/autophagy defect at its molecular root. The combination of prior clinical validation in oncology, mechanistic clarity regarding TFEB-mediated lysosomal biogenesis, and the emerging role of AKT2 in the pathogenesis of dry AMD makes MK-2206 a promising candidate in the evolving landscape of AMD therapy. Further research is essential to determine its efficacy within the unique microenvironment of the retina and to optimize treatment parameters that maximize therapeutic benefits while minimizing adverse effects, thereby providing a strong foundation for subsequent clinical trials in patients with dry AMD (Buniello et al., 2025; Sangai et al., 2012).\n\nReferences  \nBuniello, A., et al. (2025). Open Targets Platform: facilitating therapeutic hypotheses building in drug discovery. Nucleic Acids Research.\n\nColeman, N., Moyers, J. T., Harbery, A., Vivanco, I., & Yap, T. A. (2021). Clinical development of Akt inhibitors and associated predictive biomarkers to guide patient treatment in cancer medicine. Pharmacogenomics and Personalized Medicine, 14, 1517–1535. https://doi.org/10.2147/pgpm.s305068\n\nMerck Sharp & Dohme LLC. (2008). Dose escalation study with MK-2206 in patients with locally advanced or metastatic solid tumors (MK-2206-002) [Clinical trial registration]. ClinicalTrials.gov. https://clinicaltrials.gov/ct2/show/NCT00670488\n\nNitulescu, G., Van De Venter, M., Nitulescu, G., Ungurianu, A., Juzenas, P., Peng, Q., Olaru, O., Grădinaru, D., Tsatsakis, A., Tsoukalas, D., Spandidos, D., & Margina, D. (2018). The Akt pathway in oncology therapy and beyond. International Journal of Oncology, 53, 2319–2331. https://doi.org/10.3892/ijo.2018.4597\n\nPal, S. K., Reckamp, K., Yu, H., & Figlin, R. A. (2010). Akt inhibitors in clinical development for the treatment of cancer. Expert Opinion on Investigational Drugs, 19, 1355–1366. https://doi.org/10.1517/13543784.2010.520701\n\nRehan, M., Beg, M. A., Parveen, S., Damanhouri, G. A., & Zaher, G. F. (2014). Computational insights into the inhibitory mechanism of human Akt1 by an orally active inhibitor, MK-2206. PLoS ONE, 9, e109705. https://doi.org/10.1371/journal.pone.0109705\n\nSangai, T., Akcakanat, A., Chen, H., Tarco, E., Wu, Y., Do, K.-A., Miller, T. W., Arteaga, C. L., Mills, G. B., Gonzalez-Angulo, A. M., & Meric-Bernstam, F. (2012). Biomarkers of response to Akt inhibitor MK-2206 in breast cancer. Clinical Cancer Research, 18, 5816–5828. https://doi.org/10.1158/1078-0432.CCR-12-1141\n\nSong, M., Bode, A. M., Dong, Z., & Lee, M.-H. (2019). Akt as a therapeutic target for cancer. Cancer Research, 79(6), 1019–1031. https://doi.org/10.1158/0008-5472.CAN-18-2738\n\nFull trajectory link: https://platform.futurehouse.org/trajectories/\n', 'index': '0'}","{'hypothesis': '3,4-Dimethoxychalcone (DMC; Cayman Chemical catalog #CAY32002), a mTOR-independent TFEB activator.', 'answer': 'Proposal for 3,4-Dimethoxychalcone (DMC; Cayman Chemical catalog #CAY32002), a mTOR-independent TFEB activator.\n\nOverview of Therapeutic Candidate:  \n3,4-Dimethoxychalcone (DMC; Cayman Chemical catalog #CAY32002) is a small synthetic chalcone derivative belonging to the flavonoid family that has emerged in preclinical studies as a potent modulator of autophagy and lysosomal biogenesis. Derived through conventional organic synthetic routes involving aldol condensation reactions between appropriately substituted aromatic aldehydes and acetophenones, DMC exhibits a chalcone scaffold decorated with two methoxy groups that enhance its lipophilicity and potential bioactivity. Its chemical simplicity confers excellent drug‐like properties including favorable solubility, ease of synthesis, and established routes for chemical modification, thereby making it an attractive candidate for repurposing in indications such as dry age‐related macular degeneration (AMD) where manipulation of autophagic flux is desired (Gupta et al., 2023; Carmona-Gutierrez et al., 2019). This compound has been investigated primarily for its ability to stimulate autophagy via transcription factor EB (TFEB) activation, a central regulator of lysosomal biogenesis and autophagy that is crucial for cellular clearance mechanisms in postmitotic cells including those in the retinal pigment epithelium (RPE) (Carmona-Gutierrez et al., 2025; Falcão et al., 2024).\n\nTherapeutic History:  \nHistorically, chalcones have been explored extensively in the context of longevity, anti‐cancer therapies, and metabolic regulation due to their versatile bioactivity profiles. DMC, in particular, has been reported to induce autophagy and promote lysosomal clearance in various cell types, with evidence emerging from studies in both mammalian cell culture systems and invertebrate models such as Caenorhabditis elegans. In one well‐documented study, DMC was shown to promote autophagic flux, leading to improved clearance of protein aggregates and damaged organelles without engaging the classical inhibition of the mammalian target of rapamycin (mTOR) pathway—a mechanism that distinguishes it from rapalogs and may reduce associated immunosuppressive liabilities (Gupta et al., 2023; Carmona-Gutierrez et al., 2025). Although most of the pre‐clinical investigations using DMC have focused on its beneficial effects in the context of cardiac injury and age‐related neurodegeneration, these studies provide a strong rationale to consider its repurposing for diseases with an autophagy–lysosomal dysfunction component such as dry AMD (Lu et al., 2021; Falcão et al., 2024). Furthermore, the literature on alternative TFEB activators—such as trehalose and rapamycin—in RPE cells and AMD models underscore the therapeutic promise of targeting TFEB, even though direct reports of DMC use in AMD models remain limited; instead, the extrapolation of its mechanism from other systems supports its evaluation in RPE-specific assays (Falcão et al., 2024; Falcão et al., 2025).\n\nMechanism of Action:  \nThe molecular underpinnings of DMC’s activity center on its capacity to induce TFEB dephosphorylation and promote its nuclear translocation in a manner that appears to bypass the canonical mTORC1 inhibitory pathway. Under homeostatic conditions, TFEB is phosphorylated by mTORC1, which sequesters it in the cytoplasm and limits its transcriptional regulation of genes involved in lysosomal and autophagy pathways. In stress situations, however, TFEB can undergo dephosphorylation—commonly mediated by the phosphatase calcineurin—allowing it to translocate into the nucleus, bind to coordinated lysosomal expression and regulation (CLEAR) elements, and upregulate a broad array of lysosomal hydrolases, membrane proteins, and autophagy-related genes (Pan et al., 2019; Falcão et al., 2024). DMC is hypothesized to engage this calcineurin–TFEB axis directly, thereby inducing TFEB dephosphorylation without necessitating upstream mTOR inhibition. This mechanism is particularly advantageous given that it avoids the systemic immunosuppressive effects observed with rapamycin-like compounds that target mTOR directly (Gupta et al., 2023; Carmona-Gutierrez et al., 2025). Importantly, in primary neuronal and epithelial models, treatment with DMC has been reported to increase lysosome number, enhance cathepsin activity, and stimulate autophagic flux, all indicative of robust TFEB activation (Carmona-Gutierrez et al., 2025). On a biochemical level, the compound appears to trigger a signaling cascade that culminates in the dephosphorylation of key regulatory residues on TFEB, thereby relieving its cytoplasmic retention. Once in the nucleus, TFEB binds to CLEAR network promoters, simultaneously inducing genes responsible for lysosomal biogenesis (e.g., LAMP1, Cathepsin D) as well as components of the autophagic machinery, which collectively enhance the cell’s capacity to clear damaged organelles and protein aggregates (Falcão et al., 2024; Falcão et al., 2025). Despite isolated reports suggesting that DMC might also exert mTOR inhibitory effects (as observed in certain cardiovascular studies), the prevailing data supporting an mTOR-independent activation of TFEB confers mechanistic specificity that is critical for its proposed use in dry AMD, where minimizing off-target immunosuppressive effects is essential (Lu et al., 2021; Gupta et al., 2023).\n\nExpected Effect:  \nIn the context of dry AMD, the RPE is burdened with the accumulation of photo-oxidized bisretinoids such as A2E and lipofuscin granules, which disrupt normal cellular function and eventually lead to cell death. The expected pharmacological effect of DMC in relevant assays centers on its capacity to induce TFEB nuclear translocation in RPE cells, consequently upregulating genes that drive lysosomal biogenesis and autophagic clearance. By enhancing the lysosomal degradation machinery, DMC would ideally promote the removal of toxic aggregates associated with oxidative stress and cellular aging, thus preserving RPE cell viability (Falcão et al., 2024; Falcão et al., 2025). In practical terms, when applied to human induced pluripotent stem cell (iPSC)-derived RPE cells loaded with A2E, DMC is anticipated to reduce intracellular levels of this toxic byproduct along with the associated lipofuscin burden, thereby mitigating cellular stress and preventing cell death. Moreover, the activation of the TFEB pathway is expected to bolster additional cytoprotective responses, including the upregulation of cathepsin activity and other lysosomal hydrolases that contribute to a more efficient degradation of phagocytosed photoreceptor outer segment debris, a function that is crucial for RPE homeostasis (Pan et al., 2019; Falcão et al., 2025). The enhanced autophagic flux facilitated by DMC is also likely to intersect with antioxidative pathways, potentially engaging the NRF2/KEAP1 axis, which further reinforces cellular defenses against oxidative damage—a major contributing factor in AMD pathogenesis (Falcão et al., 2025). Thus, in preclinical assays and future in vivo dry AMD models, DMC should manifest as a compound that not only clears deleterious aggregates but also restores overall lysosomal function and cellular homeostasis without the deleterious side effects often associated with mTOR inhibitors (Falcão et al., 2024; Pan et al., 2019).\n\nOverall Evaluation:  \nThe evaluation of 3,4-Dimethoxychalcone (DMC) as a repurposed therapeutic candidate for dry AMD presents several compelling strengths alongside certain challenges that must be critically addressed through further research. Among the primary strengths is DMC’s ability to modulate the TFEB pathway in a manner that is claimed to be independent of mTOR inhibition. This mTOR-independent mechanism offers a significant advantage over traditional mTOR inhibitors such as rapamycin, as it theoretically minimizes the risk of systemic immunosuppression and other mTOR-related side effects while still harnessing the potent autophagy-enhancing and lysosome-boosting effects mediated by TFEB (Gupta et al., 2023; Carmona-Gutierrez et al., 2025). Additionally, the favorable physicochemical properties of DMC—including its small molecular size, established synthetic routes, and amenable solubility profile—facilitate its potential development as a therapeutic agent for ocular applications where drug delivery and tissue penetration into the retina are critical considerations (Carmona-Gutierrez et al., 2019). The compound’s demonstrated capacity to increase lysosomal number, stimulate cathepsin activity, and elevate autophagic flux in other cell types further supports its viability as a candidate for clearing chronic intracellular accumulations characteristic of dry AMD (Falcão et al., 2024).\n\nFrom a biochemical standpoint, the targeted activation of the calcineurin–TFEB axis by DMC aligns well with current therapeutic strategies aimed at restoring cellular homeostasis in degenerative diseases. By promoting nuclear translocation of TFEB without broadly inhibiting mTOR, DMC could specifically upregulate genes involved not only in lysosomal biogenesis but also in general autophagic processing, thereby addressing both the accumulation of toxic aggregates (such as A2E and lipofuscin granules) and the compromised cellular clearance pathways in the RPE (Pan et al., 2019; Falcão et al., 2025). Moreover, the potential engagement of downstream protective pathways—possibly including cross-talk with the NRF2-mediated antioxidative response—accentuates DMC’s promise as a dual-action compound that simultaneously mitigates oxidative stress and improves proteostasis in retinal cells (Falcão et al., 2025).\n\nHowever, notable weaknesses and uncertainties remain that merit cautious consideration. First, although DMC has been shown in various experimental models to enhance autophagic and lysosomal functions, direct evidence supporting its efficacy specifically in RPE cells or in animal models of dry AMD is currently limited. Most reports detailing its mechanism originate from studies in cardiac and neuronal contexts, leaving a gap in replication and validation within ocular tissues. This translational gap necessitates rigorous preclinical testing using human iPSC-derived RPE cells and established dry AMD animal models to confirm that the TFEB activation observed in other systems translates effectively to the RPE environment (Ghosh et al., 2024; Ghosh et al., 2023).\n\nAnother challenge lies in the mechanistic ambiguity surrounding whether DMC acts entirely in an mTOR-independent fashion. While several studies extol its ability to activate TFEB without direct mTOR suppression—thus avoiding the side effects of mTOR inhibitors—other reports have suggested that related compounds may exhibit some degree of mTOR inhibition, which could potentially complicate the pharmacological profile of DMC (Lu et al., 2021; Gupta et al., 2023). This discrepancy underscores the need for detailed mechanistic studies using RPE-specific models to delineate the precise signaling cascades engaged by DMC, including assessment of calcineurin activity, TFEB dephosphorylation status, and the downstream transcriptional activation of CLEAR network genes (Gupta et al., 2023; Carmona-Gutierrez et al., 2025).\n\nFurthermore, while the proposed benefits of enhanced autophagic flux and lysosomal biogenesis are clear, the potential for off-target effects, long-term toxicity, and issues related to drug delivery in the ocular environment must be thoroughly evaluated. Ocular pharmacokinetics can differ markedly from systemic profiles, and the challenges associated with ensuring adequate retinal bioavailability—particularly in the context of the blood–retina barrier—should not be underestimated. In addition, the possible influence of DMC on other cellular pathways, such as those governing mitochondrial function and metabolic regulation, may introduce additional layers of complexity when considering chronic treatment regimens for a slowly progressing condition like dry AMD (Ghosh et al., 2024; Gupta et al., 2023).\n\nIn terms of translational potential, DMC’s repurposing for dry AMD would benefit from head-to-head comparisons with other TFEB activators that have been studied in RPE cells, such as trehalose and rapamycin. While these agents have already demonstrated beneficial effects on lipofuscin clearance and oxidative stress reduction in experimental settings, the distinct advantage of DMC may reside in its ability to engage the TFEB pathway without the collateral effects on mTOR, thereby offering a cleaner safety profile. Nevertheless, systematic studies comparing dose–response relationships, pharmacodynamics, and potential synergistic effects with other autophagy modulators will be essential prior to advancing DMC into clinical development (Falcão et al., 2024; Falcão et al., 2025).\n\nAn additional consideration is the heterogeneity present among dry AMD patients. Genetic factors, such as the presence of the CFH Y402H variant, and environmental stressors can influence the progression and severity of RPE degeneration. It will be critical to establish whether DMC’s TFEB-mediated effects are robust across different RPE phenotypes and whether any differential responses may necessitate patient stratification in future clinical trials. The potential for DMC to rescue autophagy-related gene expression and lysosomal function, as suggested by similar findings with TFEB activators in other models, provides a strong impetus for such studies, but careful experimental design will be paramount (Ghosh et al., 2024; Ghosh et al., 2023).\n\nOverall, the repurposing of 3,4-Dimethoxychalcone as a therapeutic candidate for dry AMD is supported by a solid rationale predicated on its capacity to activate TFEB and enhance autophagic and lysosomal processes in a manner that is potentially independent of mTOR inhibition. Its chemical properties, ease of synthesis, and preliminary evidence from related experimental models collectively argue in favor of its evaluation in RPE-specific assays and animal models of dry AMD. At the same time, key challenges—including the need for clear demonstration of its mTOR-independent mechanism in ocular tissues, comprehensive toxicity profiling, and optimization of drug delivery strategies—must be addressed in subsequent preclinical studies. Given the robust body of literature supporting the critical role of TFEB in maintaining RPE health and mitigating lipofuscin accumulation, DMC stands out as a promising candidate that could offer a novel approach to the treatment of dry AMD, provided that future research confirms its efficacy and safety in the retinal context (Ghosh et al., 2023; Ghosh et al., 2024; Gupta et al., 2023).\n\nIn conclusion, the current comprehensive literature review suggests that 3,4-Dimethoxychalcone exhibits significant potential as a repurposed drug candidate for dry AMD. Its unique mechanism of inducing TFEB dephosphorylation and promoting lysosomal biogenesis—thereby enhancing autophagic clearance of photo-oxidized bisretinoids and lipofuscin granules—addresses a fundamental pathogenic process in RPE degeneration. While the preclinical evidence on DMC from non-ocular models is compelling, rigorous validation in RPE-specific systems is essential to definitively establish its role in modulating autophagy and improving retinal cell survival. The strengths of DMC in terms of mechanistic specificity, favorable pharmacological properties, and avoidance of mTOR-related side effects make it a strong candidate for further development, while the challenges associated with direct translation to ocular models underscore the need for carefully designed preclinical studies. As such, the proposed direction for our drug development effort should focus on detailed in vitro assays using human iPSC-derived RPE cells, followed by in vivo evaluation in dry AMD animal models, to fully delineate the therapeutic potential and safety profile of DMC for clinical application in dry AMD (Gupta et al., 2023; Carmona-Gutierrez et al., 2025; Falcão et al., 2024; Pan et al., 2019).\n\nReferences  \nCarmona-Gutierrez, D., Zimmermann, A., & Kainz, K. (2019). The flavonoid 4,4′-dimethoxychalcone promotes autophagy-dependent longevity across species. Unknown Journal.\n\nCarmona-Gutierrez, D., Zimmermann, A., Kroemer, G., & Madeo, F. (2025). The geroprotective potential of chalcones. Nature Communications. https://doi.org/10.1038/s41467-025-64167-7\n\nFalcão, A. S., Lopes-da-Silva, M., Antas, P., Escrevente, C., Pedro, M., Coelho, R., Ferreira, I. S., Santos, I. P., Ciossek, T., Nicklin, P., Tenreiro, S., & Seabra, M. C. (2024). Enhancing lysosome function via mTOR/TFEB activation reduces lipofuscin-like granules in early age-related macular degeneration. bioRxiv. https://doi.org/10.1101/2024.09.17.613413\n\nFalcão, A. S., Pedro, M. L., Tenreiro, S., & Seabra, M. C. (2025). Targeting lysosomal dysfunction and oxidative stress in age-related macular degeneration. Antioxidants, 14(5), 596. https://doi.org/10.3390/antiox14050596\n\nGhosh, S., Sharma, R., Bammidi, S., Koontz, V., Nemani, M., Yazdankhah, M., Kedziora, K. M., ... & Sinha, D. (2023). The AKT2/SIRT5/TFEB pathway as a potential therapeutic target in atrophic age-related macular degeneration. bioRxiv. https://doi.org/10.1101/2023.08.08.552343\n\nGhosh, S., Sharma, R., Bammidi, S., Koontz, V., Nemani, M., Yazdankhah, M., ... & Sinha, D. (2024). The AKT2/SIRT5/TFEB pathway as a potential therapeutic target in non-neovascular age-related macular degeneration. Nature Communications. https://doi.org/10.1038/s41467-024-50500-z\n\nGupta, S. D., Daou, D., May, H., Jiang, N., Nguyen, N., Anand, A., Irion, C. I., Garrido-Moreno, V., Olivares-Silva, F., Diwan, A., Gillette, T. G., & Hill, J. A. (2023). Abstract P2056: The transcription factor TFEB protects against cardiac hypertrophy by increasing lysosomal capacity and activating AMPKα. Circulation Research, 133(Suppl. 1), P2056. https://doi.org/10.1161/RES.133.SUPPL_1.P2056\n\nLu, H., Sun, J., Hamblin, M. H., Chen, Y. E., & Fan, Y. (2021). Transcription factor EB regulates cardiovascular homeostasis. EBioMedicine, 63, 103207. https://doi.org/10.1016/j.ebiom.2020.103207\n\nPan, H.-Y., Alamri, A. H., & Valapala, M. (2019). Nutrient deprivation and lysosomal stress induce activation of TFEB in retinal pigment epithelial cells. Cellular & Molecular Biology Letters, 24, Article 13. https://doi.org/10.1186/s11658-019-0159-8\n\nFull trajectory link: https://platform.futurehouse.org/trajectories/\n', 'index': '4'}"
"(Nilotinib, 3)","(Tubastatin A, 2)","Both candidates target autophagy pathways implicated in RPE dysfunction in dry AMD but differ in their development stage, safety data, and direct relevance. Tubastatin A is a selective HDAC6 inhibitor with strong preclinical data in oncology and neurodegeneration showing improved autophagosome trafficking via α-tubulin acetylation. Its mechanism is clear and biologically plausible for RPE autophagy rescue. However, it has no direct ocular or AMD model data, uncertain blood–retina barrier penetration, and no clinical safety experience in humans. Nilotinib is an FDA-approved c-Abl tyrosine kinase inhibitor with extensive clinical safety and PK data in CML, and emerging mechanistic evidence in neurodegenerative models that c-Abl inhibition restores ULK1/Beclin1-dependent autophagy. It crosses the blood–brain barrier at pharmacologically relevant doses, suggesting likely blood–retina barrier penetration. While off-target kinase inhibition (DDR1/2, Src) and systemic toxicities (QT prolongation, cardiovascular risks) must be managed, its existing human data, defined dosing, and repurposing pathway significantly reduce translational barriers. Both lack direct dry AMD data, but nilotinib’s clinical pedigree, well-characterized safety, and upstream targeting of c-Abl-mediated autophagy blockade give it a higher probability of successful translation.","Nilotinib (ID: 3) is favored because it brings established human safety and pharmacokinetic data, known CNS and likely ocular penetration, and a well-defined, upstream autophagy-rescuing mechanism directly relevant to RPE pathology. Although Tubastatin A has a precise mechanism in enhancing microtubule-dependent autophagy, its complete absence of ocular or clinical data and unknown in vivo ocular bioavailability represent significant translational risks. Nilotinib’s repurposing path is clearer, and its risk profile is quantifiable, making it the stronger candidate for advancing into dry AMD preclinical validation.",6,"(2, 3)","{'hypothesis': 'Tubastatin A (Sigma-Aldrich catalog #SML0044), a selective HDAC6 inhibitor.', 'answer': ""Proposal for Tubastatin A (Sigma-Aldrich catalog #SML0044), a selective HDAC6 inhibitor.\n\nOverview of Therapeutic Candidate: Tubastatin A is a fully synthetic, selective inhibitor of histone deacetylase 6 (HDAC6) that belongs to the hydroxamate-based class of HDAC inhibitors and is also classified among diarylamine-based derivatives. Originally inspired by the structure of tubacin, Tubastatin A was conceived through rational, structure-based drug design employing modern medicinal chemistry approaches that take advantage of the unique dimensions and catalytic zinc‐dependent active site of HDAC6 (Simões-Pires, Bertrand, & Cuendet, 2017; Wang, Wan, & Liu, 2018). Its chemical synthesis is characterized by straightforward methodologies involving less than five linear steps, which not only streamlines the production process but also facilitates the rapid derivation of analog series for further preclinical development (Simões-Pires, Bertrand, & Cuendet, 2017; Batchu, Brijmohan, & Advani, 2016). In addition to the common hydroxamate zinc-binding motif, structural modifications such as the incorporation of a rigid, selectively tuned carbazole cap have contributed to Tubastatin A’s high selectivity for HDAC6 over other isoforms (Butler et al., 2010; Shen & Kozikowski, 2020a). As a member of a growing portfolio of HDAC6 inhibitors that originated from oncology and neurodegenerative research, Tubastatin A offers a well-documented chemical scaffold that has been optimized for both potency—with an IC₅₀ of approximately 15 nM—and favorable pharmacological properties including significant selectivity and in vivo tolerability (Wang, Wan, & Liu, 2018; Butler et al., 2010). Its synthetic origin and evolution from earlier molecules exemplify current trends in epigenetic drug discovery, where the focus is on generating compounds with high specificity toward individual HDAC family members to mitigate off-target effects while maintaining anticancer or neuroprotective efficacy (Batchu, Brijmohan, & Advani, 2016; Cosenza & Pozzi, 2018).\n\nTherapeutic History: Tubastatin A has been extensively evaluated in preclinical studies within oncology and neurodegenerative disease frameworks, where HDAC6 has been implicated as a pivotal regulatory enzyme in both cancer cell survival and neuronal homeostasis (Simões-Pires, Bertrand, & Cuendet, 2017; Kalin & Bergman, 2013). In cancer research, Tubastatin A and its diarylamine- and hydroxamate-based analogs have been leveraged for their ability to selectively inhibit HDAC6-mediated deacetylation, thereby restoring acetylation of α-tubulin and counteracting aberrant cellular processes that are characteristic of malignant transformation. For instance, studies in multiple myeloma models have shown that selective inhibition of HDAC6 can create a therapeutic window that minimizes the collateral effects frequently observed with broad-spectrum HDAC inhibitors (Simões-Pires, Bertrand, & Cuendet, 2017). Parallel to its oncology applications, Tubastatin A has been assessed in a number of neuroprotective paradigms, where its action in increasing tubulin acetylation has been linked to the restoration of axonal transport mechanisms, mitochondrial dynamics, and overall neuronal integrity (Wang, Wan, & Liu, 2018; Butler et al., 2010). In rodent models of tauopathy and other neurodegenerative conditions, inhibition of HDAC6 with Tubastatin A has resulted in improvements in behavioral outcomes and the reduction of toxic protein aggregates, thereby lending credence to its molecular mechanism of action and efficacy in improving cellular autophagy (Kalin & Bergman, 2013; Selenica et al., 2014). Despite these promising preclinical results, there is as yet limited direct evidence of Tubastatin A being applied in models of dry age-related macular degeneration (AMD) or in vivo studies specifically addressing retinal pigment epithelium (RPE) cell dysfunction; however, several reports have highlighted the potential of HDAC6 inhibitors to modulate cellular processes, such as autophagosome–lysosome trafficking, that are directly relevant to the pathophysiology of dry AMD (Kalin & Bergman, 2013; Buniello et al., 2025). Moreover, the favorable ADME profiles and established tolerability demonstrated by Tubastatin A in central nervous system (CNS) models suggest that repurposing this drug for ocular applications, while innovative, would build on a robust preclinical framework documented in other therapeutic areas (Shen et al., 2020b; Cosenza & Pozzi, 2018). Thus, from a therapeutic history perspective, Tubastatin A’s well-characterized profile in non-ocular systems and its mechanistic implications on autophagy present a compelling rationale for its evaluation as a candidate for dry AMD, while also noting that direct studies in retinal models remain a gap to be addressed in future investigations (Kalin & Bergman, 2013; Selenica et al., 2014).\n\nMechanism of Action: At the molecular level, Tubastatin A exerts its pharmacological effects by selectively inhibiting HDAC6, a cytoplasmic enzyme that is uniquely involved in the deacetylation of non-histone proteins. The principal substrate of HDAC6 is α-tubulin, a major component of the microtubule network, whose acetylation status is critical for maintaining microtubule stability and facilitating intracellular transport events (Wang, Wan, & Liu, 2018; Butler et al., 2010). By binding to the active site of HDAC6 through its hydroxamate zinc-binding group, Tubastatin A chelates the catalytic zinc ion and thereby blocks the deacetylation reaction, leading to an accumulation of acetylated α-tubulin (Butler et al., 2010; Shen & Kozikowski, 2020a). This increase in tubulin acetylation enhances the binding affinity of motor proteins—such as dynein—which are essential for driving the microtubule-dependent movement of vesicles and organelles (Shen & Kozikowski, 2020a; Shen et al., 2020b). In particular, the microtubule network plays a critical role in the movement of autophagosomes towards lysosomes, a process that is necessary for the maturation of autophagic vesicles and the subsequent degradation of cellular waste such as misfolded proteins and toxic lipid aggregates (Curcio et al., 2024; Shen & Kozikowski, 2020a). In neurodegenerative models, enhanced acetylation of microtubules by Tubastatin A has been shown to restore axonal transport as well as improve the clearance of abnormal tau proteins, thereby mitigating neurotoxicity (Kalin & Bergman, 2013; Selenica et al., 2014). This mechanism is of particular interest with respect to retinal pigment epithelium function in dry AMD because RPE cells are known to accumulate lipofuscin and A2E as a result of impaired autophagic flux under oxidative stress conditions (Kalin & Bergman, 2013; Buniello et al., 2025). The working hypothesis posits that HDAC6-mediated deacetylation of α-tubulin and autophagy-related proteins hampers the effective transport and fusion of autophagosomes with lysosomes; thus, by inhibiting HDAC6 with Tubastatin A, one can restore the acetylation status of these key proteins, enhance the motility of autophagosomes via improved dynein engagement, and ultimately promote the degradation of accumulated toxic substances (Shen & Kozikowski, 2020a; Olaoye et al., 2021). Furthermore, by selectively targeting HDAC6 without broadly inhibiting other histone deacetylases, Tubastatin A limits potential off-target effects that have historically been associated with non-selective HDAC inhibitors, thereby improving its safety margin and therapeutic index (Wang, Wan, & Liu, 2018; Butler et al., 2010). These molecular interactions collectively provide a plausible biochemical explanation for the observed neuroprotective and autophagy-enhancing effects of Tubastatin A in preclinical studies (Shen & Kozikowski, 2020a; Selenica et al., 2014).\n\nExpected Effect: In the context of the proposed in vitro assays using induced pluripotent stem cell (iPSC)-derived retinal pigment epithelium (RPE) cells, it is expected that treatment with Tubastatin A will lead to a measurable increase in the acetylation of α-tubulin and autophagy-related proteins such as LC3. This pharmacodynamic response is anticipated to facilitate improved recruitment and binding of the dynein motor complex to microtubules, thereby enhancing autophagosome transport toward lysosomes (Wang, Wan, & Liu, 2018; Kalin & Bergman, 2013). Under conditions of oxidative stress—a known contributory factor in dry AMD pathogenesis—RPE cells typically exhibit impaired autophagic flux, leading to the accumulation of lipofuscin and A2E, which are cytotoxic by-products of incomplete degradation pathways (Kalin & Bergman, 2013; Buniello et al., 2025). The hypothesis guiding the proposed studies is that by inhibiting HDAC6, Tubastatin A will “rescue” the autophagic pathway; increased microtubule acetylation is expected to enhance the velocity and efficiency of autophagosomal movement across the cytoskeletal network, promoting more efficient fusion with lysosomes and subsequent degradation of cellular debris (Shen & Kozikowski, 2020a). This effect can be quantitatively assessed by monitoring changes in LC3-II levels, the clearance of accumulated lipofuscin and A2E, and overall improvements in RPE cell viability and function in stressed cultures (Olaoye et al., 2021; Curcio et al., 2024). Moreover, given that HDAC6 is expressed in RPE cells, as evidenced by reports linking HDAC6 activity to both neural and epithelial pathologies, a targeted inhibition is hypothesized to directly ameliorate the intracellular trafficking bottlenecks that lead to the pathogenic buildup of waste products (Kalin & Bergman, 2013; Shen et al., 2020b). The expected cellular outcomes include restoration of autophagic flux, increased clearance of detrimental aggregates, reduction in oxidative stress markers, and the preservation or improvement of RPE cellular integrity, all of which are critical for maintaining retinal homeostasis and mitigating progression in dry AMD (Buniello et al., 2025; Shen & Kozikowski, 2020a). The compound’s documented in vivo tolerability and CNS penetration further support the notion that Tubastatin A, if capable of traversing ocular barriers, may exert similar beneficial effects within the retinal microenvironment (Wang, Wan, & Liu, 2018; Cosenza & Pozzi, 2018).\n\nOverall Evaluation: In summary, Tubastatin A emerges as a promising repurposed therapeutic candidate for dry age-related macular degeneration based on its well-established activity as a selective HDAC6 inhibitor, its robust synthetic accessibility, and its capacity to modulate autophagy-related processes. Strengths of Tubastatin A include its high potency (nanomolar IC₅₀), remarkable selectivity against other HDAC isoforms—which minimizes adverse off-target effects—and its documented ability to enhance acetylation of α-tubulin, thereby restoring microtubule stability and facilitating the transport of autophagic vesicles (Wang, Wan, & Liu, 2018; Butler et al., 2010). Its proven efficacy in models of neurodegeneration—in which similar cellular impairments of autophagosome trafficking and protein clearance are observed—adds further weight to the rationale for its application in RPE dysfunction associated with dry AMD (Kalin & Bergman, 2013; Selenica et al., 2014). The mechanistic hypothesis that HDAC6 inhibition can restore autophagosome–lysosome fusion and thereby accelerate the clearance of lipofuscin and A2E under oxidative conditions is supported by analogous findings in neuronal systems and emerging evidence from cellular assays (Kalin & Bergman, 2013; Shen & Kozikowski, 2020a). Additionally, Tubastatin A’s synthetic route, which permits rapid analog generation, its favorable ADME profiles, and the availability of preclinical safety data contribute significantly to its feasibility as a candidate for repurposing in ophthalmic applications (Shen & Kozikowski, 2020a; Cosenza & Pozzi, 2018).\n\nNevertheless, there remain some concerns and challenges that warrant attention. One of the primary weaknesses lies in the current paucity of direct evidence supporting Tubastatin A’s efficacy in ocular models or its ability to effectively penetrate the blood–retina barrier (Buniello et al., 2025; Kalin & Bergman, 2013). Furthermore, while the mechanistic data from neurodegenerative and oncological studies are compelling, translating these effects to the context of dry AMD will require careful verification in retinal-specific in vitro and in vivo systems. There is also the potential for unforeseen off-target effects in the unique microenvironment of the retina, where chronic oxidative stress and inflammatory cues may alter drug distribution or action (Shen & Kozikowski, 2020a). Additionally, although Tubastatin A’s selectivity minimizes inhibition of other HDAC isoforms, the role of non-HDAC6 deacetylation in maintaining retinal homeostasis is not fully elucidated; thus, comprehensive studies are needed to ensure that selective HDAC6 inhibition does not inadvertently disrupt other critical regulatory pathways within the RPE (Selenica et al., 2014; Butler et al., 2010).\n\nIn conclusion, Tubastatin A’s established profile as a potent, selective HDAC6 inhibitor—with its inherent ability to boost α-tubulin acetylation and thereby enhance autophagic trafficking—provides a strong scientific rationale for its further evaluation as a therapeutic candidate for dry AMD. The candidate’s chemical and pharmacological attributes, which have been validated in parts through oncology and neurodegenerative research, align well with the proposed mechanism of action whereby impaired autophagosome–lysosome fusion contributes to RPE dysfunction in dry AMD. While pre-existing data primarily focus on its anti-tumor and neuroprotective roles, the mechanistic similarities shared between neuronal autophagic deficits and RPE deficits under oxidative stress conditions support the hypothesis that Tubastatin A may improve autophagic clearance of lipofuscin and A2E, thereby preserving RPE integrity (Kalin & Bergman, 2013; Buniello et al., 2025; Shen & Kozikowski, 2020a).\n\nMoving forward, it will be critical to design rigorous preclinical studies using iPSC-derived RPE cells and appropriate animal models to evaluate the pharmacokinetics, ocular bioavailability, and long-term safety of Tubastatin A in the retinal setting. Such studies should incorporate detailed analyses of autophagy markers, lysosomal function, and the clearance kinetics of toxic aggregates under oxidative conditions. Additionally, investigations addressing potential off-target impacts and the capacity of Tubastatin A to penetrate ocular barriers will be essential to fully validate its repurposing for dry AMD. On balance, despite the current gaps in direct evidence for ocular applications, the strengths—including its targeted mechanism, robust safety profile in non-ocular systems, and ease of synthesis—position Tubastatin A as an attractive candidate for repurposing. It represents a scientifically sound and strategically promising approach to address the autophagic dysfunction underlying dry AMD, thereby meriting further investigation as part of an innovative therapeutic strategy (Wang, Wan, & Liu, 2018; Butler et al., 2010; Shen & Kozikowski, 2020a; Shen et al., 2020b).\n\nReferences\n\nBatchu, S. N., Brijmohan, A. S., & Advani, A. (2016). The therapeutic hope for HDAC6 inhibitors in malignancy and chronic disease. Clinical Science, 130(12), 987–1003. https://doi.org/10.1042/cs20160084\n\nBuniello, A., et al. (2025). Open Targets Platform: Facilitating therapeutic hypotheses building in drug discovery. Nucleic Acids Research\n\nButler, K. V., Kalin, J., Brochier, C., Vistoli, G., Langley, B., & Kozikowski, A. P. (2010). Rational design and simple chemistry yield a superior, neuroprotective HDAC6 inhibitor, tubastatin A. Journal of the American Chemical Society, 132(31), 10842–10846. https://doi.org/10.1021/ja102758v\n\nCosenza, M., & Pozzi, S. (2018). The therapeutic strategy of HDAC6 inhibitors in lymphoproliferative disease. International Journal of Molecular Sciences, 19(8), 2337. https://doi.org/10.3390/ijms19082337\n\nCurcio, A., Rocca, R., Alcaro, S., & Artese, A. (2024). The histone deacetylase family: structural features and application of combined computational methods. Pharmaceuticals, 17(5), 620. https://doi.org/10.3390/ph17050620\n\nKalin, J. H., & Bergman, J. A. (2013). Development and therapeutic implications of selective histone deacetylase 6 inhibitors. Journal of Medicinal Chemistry, 56(16), 6297–6313. https://doi.org/10.1021/jm4001659\n\nOlaoye, O. O., Watson, P. R., Nawar, N., Geletu, M., Sedighi, A., Bukhari, S., Raouf, Y. S., Manaswiyoungkul, P., Erdogan, F., Abdeldayem, A., Cabral, A. D., Hassan, M. M., Toutah, K., Shouksmith, A. E., Gawel, J. M., Israelian, J., Radu, T. B., Kachhiyapatel, N., … Gunning, P. T. (2021). Unique molecular interaction with the histone deacetylase 6 catalytic tunnel: crystallographic and biological characterization of a model chemotype. Journal of Medicinal Chemistry, 64, 2691–2704. https://doi.org/10.1021/acs.jmedchem.0c01922\n\nSelenica, M.-L., Benner, L., Housley, S. B., Manchec, B., Lee, D. C., Nash, K. R., Kalin, J., Bergman, J. A., Kozikowski, A., Gordon, M. N., & Morgan, D. (2014). Histone deacetylase 6 inhibition improves memory and reduces total tau levels in a mouse model of tau deposition. Alzheimer's Research & Therapy, 6, 12. https://doi.org/10.1186/alzrt241\n\nShen, S., & Kozikowski, A. P. (2020a). A patent review of histone deacetylase 6 inhibitors in neurodegenerative diseases (2014–2019). Expert Opinion on Therapeutic Patents, 30, 121–136. https://doi.org/10.1080/13543776.2019.1708901\n\nShen, S., Svoboda, M., Zhang, G., Cavasin, M. A., Motlova, L., McKinsey, T. A., Eubanks, J. H., Bařinka, C., & Kozikowski, A. P. (2020b). Structural and in vivo characterization of tubastatin A, a widely used histone deacetylase 6 inhibitor. ACS Medicinal Chemistry Letters, 11(5), 706–712. https://doi.org/10.1021/acsmedchemlett.9b00560\n\nSimões-Pires, C. A., Bertrand, P., & Cuendet, M. (2017). Novel histone deacetylase 6 (HDAC6) selective inhibitors: A patent evaluation (WO2014181137). Expert Opinion on Therapeutic Patents, 27, 229–236. https://doi.org/10.1080/13543776.2017.1282945\n\nWang, X.-X., Wan, R.-Z., & Liu, Z.-P. (2018). Recent advances in the discovery of potent and selective HDAC6 inhibitors. European Journal of Medicinal Chemistry, 143, 1406–1418. https://doi.org/10.1016/j.ejmech.2017.10.040\n\nFull trajectory link: https://platform.futurehouse.org/trajectories/\n"", 'index': '2'}","{'hypothesis': 'Nilotinib (Tasigna®, Novartis), a c-Abl tyrosine kinase inhibitor.', 'answer': 'Proposal for Nilotinib (Tasigna®, Novartis), a c-Abl tyrosine kinase inhibitor.\n\nOverview of Therapeutic Candidate:  \nNilotinib (Tasigna®, Novartis) is a synthetic small molecule inhibitor originally developed as a second‐generation BCR–ABL tyrosine kinase inhibitor for the treatment of chronic myelogenous leukemia (CML). Developed through iterative medicinal chemistry optimization processes that sought to overcome resistance to first‐generation inhibitors such as imatinib, nilotinib is structurally designed to selectively bind the ATP-binding pocket of the c-Abl kinase, thereby inhibiting its catalytic activity (Karim et al., 2020). As a representative member of tyrosine kinase inhibitors (TKIs), nilotinib falls into the class of targeted anticancer agents that have been widely used in oncology, with extensive preclinical and clinical experience in modulating aberrant kinase signaling pathways. The synthetic origins of nilotinib involve derivatization of earlier BCR–ABL inhibitors to improve potency and specificity, and its development has been a model for the design of targeted agents in diseases driven by kinase dysregulation (Karim et al., 2020). While its initial application has been in CML, its potent inhibition of c-Abl has attracted attention for repurposing in other conditions where this kinase plays a pathological role, including neurodegeneration and, as hypothesized here, dry age-related macular degeneration (AMD) (Karim et al., 2020; Fowler et al., 2019).\n\nTherapeutic History:  \nNilotinib has a well-documented clinical history as an FDA-approved therapeutic for CML, where its efficacy and safety profile have been established across numerous clinical trials and long-term follow-up studies. Over the past decade, repurposing efforts have extended into neurodegenerative diseases based on its ability to cross the blood–brain barrier (albeit at modest concentrations) and modulate pathogenic protein aggregation via autophagy enhancement. Preclinical studies in models of α-synucleinopathy, Parkinson’s disease, and Alzheimer’s disease have demonstrated that nilotinib can reduce toxic protein burden, improve autophagic clearance, and rescue neuronal survival by inhibiting c-Abl mediated pathways (Karim et al., 2020). Despite these promising findings in neurological contexts, a systematic search of clinical trial databases reveals that nilotinib has not yet been directly investigated in dry AMD or related retinal degenerative conditions (ClinicalTrials.gov, n.d.). This lack of prior clinical evaluation in the retinal domain represents both a gap in the evidence base and an opportunity for further translational research, building on the extensive safety and pharmacokinetic data already available from its oncological and neurodegenerative applications (ClinicalTrials.gov, n.d.; Santos, Ambrósio, & Léger, 2024).\n\nMechanism of Action:  \nThe central mechanism of nilotinib is its inhibition of the aberrantly activated c-Abl tyrosine kinase. Under normal conditions, c-Abl regulates various cellular processes, including cell-cycle control, DNA repair, and stress responses. However, in pathological settings such as CML and certain neurodegenerative diseases, c-Abl becomes hyperactivated, leading to detrimental downstream effects including the activation of the tumor suppressor p53 via phosphorylation (Karim et al., 2020). In neurodegenerative models, c-Abl activation has been shown to interfere with autophagy, a critical intracellular degradation process, by upregulating p53 and inhibiting key autophagy initiators such as ULK1 and Beclin1 (Karim et al., 2020). Mechanistic studies in α-synucleinopathy models have demonstrated that nilotinib’s inhibition of c-Abl reduces the phosphorylation of p53 and decreases downstream mTORC1 signaling, thereby releasing autophagic blockades (Karim et al., 2020). Specifically, nilotinib treatment has been shown to enhance autophagic flux through increased conversion of LC3-I to LC3-II and reduced accumulation of the autophagy adaptor p62, indicating improved autophagosome formation and lysosomal clearance (Karim et al., 2020). Moreover, by inhibiting c-Abl, nilotinib alleviates the phosphorylation of ULK1 and enables its activation in an AMPK-dependent manner, which is critical for the initiation of autophagy; there is also emerging evidence that this inhibition may drive the formation or activation of the Beclin1 complex, further promoting autophagosome nucleation (Karim et al., 2020). Thus, nilotinib exerts a dual effect: it directly impedes the kinase activity of c-Abl while indirectly reactivating autophagic pathways that are otherwise suppressed by c-Abl’s pathological signaling via p53 and mTOR (Karim et al., 2020).\n\nExpected Effect:  \nBased on the hypothesized role of c-Abl in retinal pigment epithelium (RPE) dysfunction, it is anticipated that nilotinib will have several beneficial effects in the context of dry AMD. In RPE cells, chronic oxidative stress and drusen-associated stressors are known to activate c-Abl, leading to the phosphorylation and inhibition of key autophagy regulators such as ULK1 and Beclin1. This interruption of autophagic flux is believed to contribute to lipofuscin accumulation, particularly of A2E, a toxic by-product implicated in the pathogenesis of dry AMD (Kim, Hwang, & Kwon, 2020; Karim et al., 2020). By inhibiting c-Abl, nilotinib should theoretically reverse this block, restore ULK1/Beclin1 activity, and re-establish effective autophagic clearance. In in vitro RPE cell assays that employ stresses such as A2E challenge and oxidative insults, nilotinib is expected to decrease the accumulation of lipofuscin and A2E, increase markers of autophagic flux such as LC3-II, and reduce p62 levels, thereby indicating enhanced lysosomal degradation (Kim, Hwang, & Kwon, 2020; Santos, Ambrósio, & Léger, 2024). With improved autophagic processing, the cellular homeostasis within RPE cells should be restored, thereby preventing the degenerative changes that contribute to drusen formation and the overall progression of dry AMD. Furthermore, animal studies in neurodegenerative models have shown that nilotinib can lead to delayed onset of clinical symptoms and improved cell survival, lending support to the potential translational value of these mechanisms in the retinal environment (Karim et al., 2020). It is important to note that while supportive mechanistic evidence exists from neurodegeneration research, direct experimental validation of nilotinib’s impact on RPE autophagy and lipofuscin clearance in dry AMD-specific models remains to be performed (ClinicalTrials.gov, n.d.; Santos, Ambrósio, & Léger, 2024).\n\nOverall Evaluation:  \nNilotinib represents a compelling candidate for repurposing in dry age-related macular degeneration due to its well-characterized pharmacological profile, established safety through its use in CML, and promising mechanistic insights from neurodegeneration studies. One of the primary strengths of this candidate is its clear molecular mechanism: by inhibiting c-Abl, nilotinib has the potential to reverse the autophagy blockade mediated by pathological p53 activation and mTOR signaling, a mechanism that is plausibly relevant to the pathology observed in RPE cells under oxidative and drusen stress (Karim et al., 2020). The existing literature strongly supports the notion that c-Abl plays a pivotal role in autophagy regulation, with multiple studies demonstrating that its inhibition leads to enhanced autophagic clearance of toxic protein aggregates in neuronal models (Karim et al., 2020; Kim, Hwang, & Kwon, 2020). This mechanistic similarity is particularly encouraging given that autophagic dysfunction and accumulation of cellular debris such as lipofuscin (and its A2E component) are central to the progression of dry AMD (Kim, Hwang, & Kwon, 2020; Karim et al., 2020).\n\nAnother strength is the translational potential based on nilotinib’s pharmacokinetic profile. Despite challenges often associated with drug delivery to the central nervous system and ocular tissues, nilotinib has demonstrated the ability to cross the blood–brain barrier at pharmacologically relevant doses, suggesting that similar (albeit low-dose) penetration of the blood–retina barrier might be achievable. This is supported by the documented systemic administration protocols in preclinical neurodegeneration models where nilotinib exhibited biological activity in brain tissues (Karim et al., 2020), and by extension, such dosing strategies may be adapted for ocular tissues. The fact that nilotinib is already FDA-approved means that its safety profile, dosing parameters, and potential side effects are well understood, which significantly reduces the risk and accelerates the timeline for repurposing in a new indication (ClinicalTrials.gov, n.d.; Santos, Ambrósio, & Léger, 2024).\n\nHowever, there are several weaknesses and challenges that must be acknowledged. First, despite the promising mechanistic data in neurodegenerative models, direct evidence for nilotinib’s efficacy in RPE cells and in models of dry AMD is currently lacking. A systematic search of clinical trial databases has revealed no registered trials for nilotinib in the context of AMD, which suggests that while preclinical data in other systems is robust, the translational leap to retinal applications remains uncharted (ClinicalTrials.gov, n.d.). Moreover, the molecular environment in the retina, particularly within the RPE, may differ in significant ways from neuronal tissues; factors such as differential expression patterns of autophagy regulators, variations in stress response signaling, and the unique barrier properties of the retina may influence nilotinib’s ultimate efficacy (Santos, Ambrósio, & Léger, 2024; Kim, Hwang, & Kwon, 2020).\n\nAnother potential concern is the specificity of nilotinib’s activity in the ocular environment. While its primary mechanism is through c-Abl inhibition, nilotinib has been documented to interact with other kinases (such as DDR1/DDR2) at low nanomolar concentrations (Fowler et al., 2019), which could lead to off-target effects that may be undesirable in the delicate architecture of the retina. These off-target interactions could potentially disrupt normal cellular processes within the retina, potentially exacerbating rather than ameliorating retinal degeneration if not carefully controlled (Fowler et al., 2019; Hussain et al., 2019). Additionally, while nilotinib’s safety profile has been demonstrated in systemic oncology settings, the safety and tolerability of chronic nilotinib administration directly affecting ocular tissues have yet to be thoroughly evaluated. Intraocular injections or other targeted delivery methods might be required to achieve therapeutic concentrations in the retina, and these routes carry their own risks of complications, including infection and retinal detachment (Santos, Ambrósio, & Léger, 2024).\n\nIn summary, nilotinib offers a conceptually appealing avenue for the treatment of dry AMD by targeting a clear molecular driver—c-Abl mediated autophagy dysfunction—that is implicated in the accumulation of toxic aggregates in RPE cells. The extensive preclinical data from neurodegenerative models provides a strong foundation that supports the hypothesis that nilotinib can restore autophagic flux by reactivating ULK1/Beclin1 function and reducing p53-mediated inhibition (Karim et al., 2020). The fact that nilotinib is already approved for human use and has well-characterized pharmacokinetics and safety data further enhances its attractiveness for repurposing. Nonetheless, significant hurdles remain, most notably the absence of direct evidence in retinal models, potential differences in drug permeability and target engagement in RPE cells, and the risk of off-target effects in ocular tissues. These challenges underscore the need for rigorous preclinical validation in RPE culture systems (e.g., using A2E challenge assays) and well-designed dry AMD animal models before advancing to clinical trials (ClinicalTrials.gov, n.d.; Santos, Ambrósio, & Léger, 2024).\n\nOverall, given its mechanistic rationale, previous efficacy in related neurodegenerative contexts, and favorable safety profile in oncology, nilotinib stands out as a promising candidate for further exploration as a treatment for dry AMD. Its repurposing offers a high translational value with the potential to address a major unmet medical need, provided that future studies can confirm its ability to cross the blood–retina barrier, restore autophagic processing in RPE cells, and ultimately prevent RPE degeneration without incurring significant ocular toxicity (Fowler et al., 2019; Karim et al., 2020). Continued interdisciplinary research involving detailed biochemical studies, targeted delivery assessments, and in vivo pharmacodynamic evaluations will be critical to fully validate nilotinib’s therapeutic potential in the context of dry AMD.\n\nReferences  \nClinicalTrials.gov. (n.d.). Nilotinib and age-related macular degeneration or retinal degeneration or retinal pigment epithelium or autophagy [Search results]. Retrieved April 1, 2024, from https://clinicaltrials.gov  \nFowler, A. J., Hebron, M., Missner, A. A., Wang, R., Gao, X., Kurd-Misto, B. T., Liu, X., & Moussa, C. E.-H. (2019). Multikinase abl/ddr/src inhibition produces optimal effects for tyrosine kinase inhibition in neurodegeneration. Drugs in R&D, 19, 149–166. https://doi.org/10.1007/s40268-019-0266-z  \nHussain, T., Zhao, D., Shah, S. Z. A., Sabir, N., Wang, J., Liao, Y., Song, Y., Dong, H., Mangi, M. H., Ni, J., Yang, L., & Zhou, X. (2019). Nilotinib: A tyrosine kinase inhibitor mediates resistance to intracellular mycobacterium via regulating autophagy. Cells, 8, 506. https://doi.org/10.3390/cells8050506  \nKarim, M. R., Liao, E. E., Kim, J., Meints, J., Martell Martinez, H., Pletnikova, O., Troncoso, J. C., & Lee, M. K. (2020). α-Synucleinopathy associated c-Abl activation causes p53-dependent autophagy impairment. Molecular Neurodegeneration. https://doi.org/10.1186/s13024-020-00364-w  \nKim, D., Hwang, H.-Y., & Kwon, H. J. (2020). Targeting autophagy in disease: Recent advances in drug discovery. Expert Opinion on Drug Discovery, 15, 1045–1063. https://doi.org/10.1080/17460441.2020.1773429  \nSantos, P. F., Ambrósio, A. F., & Léger, H. (2024). The importance of kinases in retinal degenerative diseases. Kinases and Phosphatases, 2, 93–109. https://doi.org/10.3390/kinasesphosphatases2010006\n\nFull trajectory link: https://platform.futurehouse.org/trajectories/\n', 'index': '3'}"
"(MSL-7, 1)","(Tubastatin A, 2)","Both candidates aim to rescue autophagic–lysosomal dysfunction in RPE cells, a core pathology of dry AMD. Candidate 1 (MSL-7) directly activates TFEB via the calcium–calcineurin axis, driving lysosomal biogenesis and autophagic flux upstream of aggregate clearance. This MoA ties into published RPE studies (Falcão et al. 2024) showing that TFEB activation reduces lipofuscin-like deposits, and the broader TFEB literature in neurodegeneration and lysosomal storage disorders provides additional preclinical validation. The specificity for Ca2+-calcineurin minimizes mTOR-related off-target kinase effects, though ocular delivery and chronic calcium elevation must be tested for local toxicity. PK and tolerability have been reported in murine models but require ocular biodistribution studies. Candidate 2 (Tubastatin A) is a highly selective HDAC6 inhibitor that increases α-tubulin acetylation, thus improving autophagosome transport to lysosomes. It benefits from robust in vivo data in neurodegenerative and oncology models with a favorable safety and ADME profile, yet lacks direct evidence in RPE or AMD models. Its MoA is more distal to lysosomal biogenesis and depends on adequate ocular penetration. Off-target retinal effects and barrier crossing remain open questions. Experimental plans for both would use iPSC-derived RPE under oxidative stress, measuring LC3 flux, lipofuscin/A2E clearance, and functional readouts, but MSL-7 targets a more upstream, disease-relevant pathway with existing RPE evidence.","MSL-7 (Candidate 1) is superior because it directly addresses the central lysosomal dysfunction in dry AMD by activating TFEB, with supporting data in RPE models (Falcão et al. 2024) and a clear, disease-relevant MoA. Its specificity for calcium–calcineurin–TFEB limits broad metabolic effects, and the autophagy enhancement strategy is validated in related systems. In contrast, Tubastatin A (Candidate 2) works more indirectly via tubulin acetylation to improve autophagosome transport, lacks direct AMD or RPE evidence, and faces uncertainty over ocular penetration and potential off-target retinal liabilities. While Tubastatin A is well characterized in CNS models, its translational gap for dry AMD is larger than for MSL-7.",7,"(1, 2)","{'hypothesis': 'MSL-7 (Cayman Chemical catalog #14818), a potent small-molecule TFEB activator via calcium–calcineurin signaling.', 'answer': 'Proposal for MSL-7 (Cayman Chemical catalog #14818), a potent small-molecule TFEB activator via calcium–calcineurin signaling.\n\nOverview of Therapeutic Candidate:  \nMSL-7 is a potent, synthetic small‐molecule activator of transcription factor EB (TFEB) that was discovered through high‐content screening methodologies and is commercially available (Cayman Chemical catalog #14818). This candidate belongs to a novel class of autophagy enhancers that exploit the calcium–calcineurin signaling pathway rather than the classical mTOR inhibition mechanism to induce nuclear translocation of TFEB (Lim et al., 2018). Unlike many mTOR inhibitors that produce a broader range of kinase and metabolic inhibition with considerable off‐target effects, MSL-7 is designed to selectively elevate cytosolic calcium in target cells, leading to the activation of the phosphatase calcineurin and subsequent dephosphorylation of TFEB (Lim et al., 2018). Subsequently, dephosphorylated TFEB translocates to the nucleus, where it binds to coordinated lysosomal expression and regulation (CLEAR) motifs and activates the transcription of genes involved in lysosomal biogenesis and autophagy (Abokyi & Tse, 2025; Chen et al., 2021). As a member of the small-molecule TFEB activators, MSL-7 represents a targeted therapeutic approach that has been primarily studied for metabolic disorders and neurodegenerative conditions and now is being considered for repurposing in dry age-related macular degeneration (AMD) due to the critical role of lysosomal dysfunction in retinal pigment epithelium (RPE) pathology (Lim et al., 2018; Abokyi & Tse, 2025).\n\nTherapeutic History:  \nThe therapeutic history of molecules that modulate TFEB activity spans multiple disease areas, including metabolic syndrome, neurodegeneration, and lysosomal storage disorders. MSL-7 itself has been evaluated in preclinical models for metabolic syndrome, showing promising metabolic improvements via its activation of the calcium–calcineurin–TFEB axis (Lim et al., 2018). In these studies, MSL-7 reversed metabolic changes through enhanced autophagic flux and improved lysosomal clearance, setting a precedent for its application in diseases where accumulation of toxic aggregates is central to pathology (Lim et al., 2018). Although MSL-7 has not been directly used for the treatment of dry AMD in clinical studies, considerable evidence from biochemical and cellular studies supports the concept that activation of TFEB can ameliorate age-dependent RPE dysfunction by promoting the clearance of lipofuscin and other toxic aggregates (Abokyi & Tse, 2025; Falcão et al., 2025). Prior studies of other TFEB activators—such as trehalose, which has been shown to enhance autophagic clearance in RPE cells—provide a robust rationale for the application of MSL-7 in retinal degenerative models (Abokyi & Tse, 2025). Moreover, the involvement of the autophagy–lysosomal network in maintaining retinal health and its impairment in AMD have been well documented, suggesting that strategies to enhance autophagic clearance via TFEB activation are both mechanistically sound and therapeutically appealing (Abokyi & Tse, 2025; Falcão et al., 2024).\n\nMechanism of Action:  \nThe molecular mechanism of MSL-7 centers on its ability to modulate intracellular calcium dynamics, which is critical for the activation of the phosphatase calcineurin. Under physiological conditions, TFEB remains phosphorylated and sequestered in the cytoplasm by the action of mTORC1 and possibly other kinases; however, when MSL-7 is applied, it elevates cytosolic calcium levels specifically in RPE cells, thereby leading to the activation of calcineurin via calcium–calmodulin interactions (Lim et al., 2018; Xu et al., 2020). Activated calcineurin then dephosphorylates TFEB at key serine residues, resulting in its release from cytoplasmic retention complexes and enabling its translocation to the nucleus (Lim et al., 2018; Xu et al., 2020). Once in the nucleus, TFEB binds to CLEAR network promoters, initiating the transcription of a suite of genes that are essential for lysosomal biogenesis, catabolic enzyme production, and enhanced autophagic flux (Abokyi & Tse, 2025; Chen et al., 2021). This transcriptional upregulation leads to an increased lysosomal capacity, improved degradation of intracellular aggregates, and enhanced recycling of damaged organelles, which is particularly beneficial in the context of RPE cells that are burdened with the accumulation of lipofuscin and A2E—byproducts of photoreceptor outer segment degradation (Abokyi & Tse, 2025; Falcão et al., 2024). The specificity of MSL-7 for the calcium–calcineurin pathway is a significant advantage, as it circumvents typical mTOR-dependent pathways and thereby minimizes the risk of widespread metabolic disruption, offering a focused therapeutic effect on the autophagy–lysosomal system (Lim et al., 2018). In addition, the robustness of the mechanism is enhanced by the fact that TFEB activation has been shown to be beneficial in a number of models related to protein aggregation and cellular clearance, including neuronal and hepatic systems, thus providing a biochemical blueprint for its potential utility in RPE repair and dry AMD intervention (Abokyi & Tse, 2025).\n\nExpected Effect:  \nWhen applied to human iPSC-derived RPE models of dry AMD that exhibit lipofuscin accumulation, MSL-7 is hypothesized to restore cellular homeostasis by robustly enhancing autophagic flux and lysosomal biogenesis. The expected cellular effects include an elevated clearance of lipofuscin-like granules and A2E, which are hallmark toxic deposits in RPE cells and are directly implicated in the pathogenesis of dry AMD (Abokyi & Tse, 2025; Falcão et al., 2025). By upregulating CLEAR network genes via the nuclear activity of TFEB, MSL-7 is anticipated to increase the number and functional capacity of lysosomes, thereby accelerating the degradation of damaged cellular components and misfolded proteins that contribute to RPE atrophy (Falcão et al., 2024; Abokyi & Tse, 2025). This enhanced clearance mechanism is particularly relevant given that the accumulation of oxidized biomolecules and damaged organelles in RPE cells is a critical factor that underlies aging-associated retinal degeneration, as evidenced by multiple studies linking TFEB activity to neuroprotection in the retina (Abokyi & Tse, 2025). Moreover, the augmentation of autophagic capacity is expected not only to mitigate the deleterious buildup of cellular waste but also to reduce pro-inflammatory signaling and oxidative stress—a dual mechanism that could slow disease progression and preserve visual acuity in patients with dry AMD (Abokyi & Tse, 2025; Falcão et al., 2025). In vitro assays using human iPSC-derived RPE cells will offer a rigorous platform to measure these effects, including assessments of lysosomal marker expression, autophagy flux (as evidenced by LC3-II conversion), and quantification of lipofuscin reduction (Falcão et al., 2024; Abokyi & Tse, 2025). Additionally, the selective reactivation of lysosomal degradation pathways through TFEB translocation is expected to help “reset” the metabolic and catabolic balance in aged RPE cells, thereby contributing to cellular rejuvenation and neuroprotection in the retinal environment (Abokyi & Tse, 2025).\n\nOverall Evaluation:  \nThe overall evaluation of MSL-7 as a potential therapeutic candidate for dry AMD is highly encouraging, primarily based on its mechanistic precision, preclinical dosing feasibility, and the strong theoretical framework underpinning TFEB activation in cellular clearance. One of the key strengths of MSL-7 lies in its ability to selectively manipulate the calcium–calcineurin–TFEB axis without broadly affecting other kinase-driven pathways such as mTOR. This specificity offers the promise of minimizing off-target effects and systemic toxicity, an important consideration particularly in treatments aimed at chronic conditions like dry AMD where long-term administration is likely (Lim et al., 2018). The established efficacy of similar TFEB activators in metabolic and neurodegenerative paradigms further supports the translational potential of MSL-7; studies have demonstrated that enhancing autophagic flux via TFEB leads to dramatic improvements in lysosomal function and aggregate clearance, outcomes that are directly translatable to the pathological features observed in AMD (Abokyi & Tse, 2025). Moreover, the experimental paradigm of using human iPSC-derived RPE models represents a state-of-the-art strategy, enabling direct observation of the drug’s effect on human retinal cells that model the disease pathology, thereby increasing the relevance of preclinical findings to clinical outcomes (Abokyi & Tse, 2025).\n\nDespite these strengths, several challenges and weaknesses must be acknowledged. First, while the mechanism of action of MSL-7 is well elucidated in non-ocular systems, direct evidence for its efficacy and safety in retinal models is still emerging; specifically, there remains a gap in data demonstrating effective delivery, sustained bioavailability, and long-term safety in ocular tissues (Lim et al., 2018; Abokyi & Tse, 2025). It is also critical to rigorously assess whether the elevation of cytosolic calcium, while sufficient to activate calcineurin, might inadvertently trigger other calcium-dependent pathways that could lead to cytotoxicity or dysregulation of normal RPE function over extended periods (Lim et al., 2018; Xu et al., 2020). Additionally, although the preclinical pharmacokinetic profiles in murine studies have been reported to be favorable, ocular pharmacokinetic and biodistribution assessments are essential given the unique anatomical and physiological barriers presented by the eye (Lim et al., 2018; Abokyi & Tse, 2025). Another potential limitation is related to the scalability of the therapeutic effect in the complex environment of the human retina, where multiple pathways contribute to disease progression, and it is conceivable that combination therapies may be required to achieve substantial clinical improvement in dry AMD patients (Abokyi & Tse, 2025; Falcão et al., 2024). Moreover, while the calcineurin–TFEB pathway is a promising target, its modulation must be finely balanced to avoid excessive autophagic activation, which in some contexts has been associated with detrimental cellular outcomes or even oncogenesis (Abokyi & Tse, 2025; Benedetti, 2020).\n\nIn summary, the evidence supporting MSL-7 as a repurposed candidate for dry AMD is compelling based on its mechanistic action that directly addresses the pathological accumulation of toxic cellular debris in RPE cells. The ability of MSL-7 to selectively induce TFEB activation via a calcium–calcineurin-mediated pathway distinguishes it from less specific autophagy enhancers and offers the dual benefit of enhanced lysosomal capacity along with improved autophagic flux (Lim et al., 2018). The accumulated literature describing the role of TFEB in neuroprotection and autophagy in the retina, coupled with the favorable pharmacological profile observed in other disease models, provides a strong foundation for the potential translation of MSL-7 into a viable therapeutic option for dry AMD (Abokyi & Tse, 2025; Falcão et al., 2025).\n\nGiven these considerations, further investigations into MSL-7 should include comprehensive in vitro assays using human iPSC-derived RPE cells to quantify improvements in autophagic flux and the clearance of lipofuscin and A2E aggregates, as well as detailed in vivo studies employing animal models that recapitulate features of dry AMD (Abokyi & Tse, 2025). Parallel efforts should also focus on optimizing drug delivery techniques to the retina to ensure adequate ocular distribution while minimizing systemic exposure. Detailed toxicological assessments will be necessary to determine the long-term safety profile of MSL-7 in retinal tissues, particularly given the chronic nature of AMD treatment regimens (Lim et al., 2018).\n\nIn conclusion, while there are clear hurdles that must be overcome before MSL-7 can be considered for clinical trials in dry AMD patients, the mechanistic rationale and preclinical promise of this candidate justify continued research and development. The specificity of MSL-7’s action via the calcium–calcineurin–TFEB pathway provides a targeted approach to enhance the autophagy–lysosomal network in RPE cells, thereby addressing one of the core pathological processes in dry AMD. Continued corroborative data, robust preclinical studies, and strategic formulation approaches will ultimately determine whether MSL-7 can fulfill its promise as a novel therapeutic avenue for this currently unmet clinical need (Lim et al., 2018; Abokyi & Tse, 2025; Abokyi & Tse, 2025).\n\nReferences  \nAbokyi, S., & Tse, D. Y.-Y. (2025). Age-related driving mechanisms of retinal diseases and neuroprotection by transcription factor EB-targeted therapy. Neural Regeneration Research, 20, 366–377. https://doi.org/10.4103/nrr.nrr-d-23-02033\n\nBenedetti, V. (2020). Analysis of TFEB nucleo-cytoplasmic shuttling dynamics in response to nutrients availability. arXiv. https://doi.org/10.13130/benedetti-valerio_phd2020-01-28\n\nChen, M., Dai, Y., Liu, S., Fan, Y., Ding, Z., & Li, D. (2021). TFEB biology and agonists at a glance. Cells, 10(2), 333. https://doi.org/10.3390/cells10020333\n\nFalcão, A. S., Lopes-da-Silva, M., Antas, P., Escrevente, C., Pedro, M., Coelho, R., Ferreira, I. S., Santos, I. P., Ciossek, T., Nicklin, P., Tenreiro, S., & Seabra, M. C. (2024). Enhancing lysosome function via mTOR/TFEB activation reduces lipofuscin-like granules in early age-related macular degeneration. bioRxiv. https://doi.org/10.1101/2024.09.17.613413\n\nFalcão, A. S., Pedro, M. L., Tenreiro, S., & Seabra, M. C. (2025). Targeting lysosomal dysfunction and oxidative stress in age-related macular degeneration. Antioxidants, 14(5), 596. https://doi.org/10.3390/antiox14050596\n\nLim, H., Lim, Y.-M., Kim, K. H., Jeon, Y. E., Park, K., Kim, J., Hwang, H.-Y., Lee, D. J., Pagire, H., Kwon, H. J., Ahn, J. H., & Lee, M.-S. (2018). A novel autophagy enhancer as a therapeutic agent against metabolic syndrome and diabetes. Nature Communications, 9, Article 3939. https://doi.org/10.1038/s41467-018-03939-w\n\nXu, J., Zhang, X.-Q., & Zhang, Z. (2020). Transcription factor EB agonists from natural products for treating human diseases with impaired autophagy-lysosome pathway. Chinese Medicine. https://doi.org/10.1186/s13020-020-00402-1\n\nFull trajectory link: https://platform.futurehouse.org/trajectories/\n', 'index': '1'}","{'hypothesis': 'Tubastatin A (Sigma-Aldrich catalog #SML0044), a selective HDAC6 inhibitor.', 'answer': ""Proposal for Tubastatin A (Sigma-Aldrich catalog #SML0044), a selective HDAC6 inhibitor.\n\nOverview of Therapeutic Candidate: Tubastatin A is a fully synthetic, selective inhibitor of histone deacetylase 6 (HDAC6) that belongs to the hydroxamate-based class of HDAC inhibitors and is also classified among diarylamine-based derivatives. Originally inspired by the structure of tubacin, Tubastatin A was conceived through rational, structure-based drug design employing modern medicinal chemistry approaches that take advantage of the unique dimensions and catalytic zinc‐dependent active site of HDAC6 (Simões-Pires, Bertrand, & Cuendet, 2017; Wang, Wan, & Liu, 2018). Its chemical synthesis is characterized by straightforward methodologies involving less than five linear steps, which not only streamlines the production process but also facilitates the rapid derivation of analog series for further preclinical development (Simões-Pires, Bertrand, & Cuendet, 2017; Batchu, Brijmohan, & Advani, 2016). In addition to the common hydroxamate zinc-binding motif, structural modifications such as the incorporation of a rigid, selectively tuned carbazole cap have contributed to Tubastatin A’s high selectivity for HDAC6 over other isoforms (Butler et al., 2010; Shen & Kozikowski, 2020a). As a member of a growing portfolio of HDAC6 inhibitors that originated from oncology and neurodegenerative research, Tubastatin A offers a well-documented chemical scaffold that has been optimized for both potency—with an IC₅₀ of approximately 15 nM—and favorable pharmacological properties including significant selectivity and in vivo tolerability (Wang, Wan, & Liu, 2018; Butler et al., 2010). Its synthetic origin and evolution from earlier molecules exemplify current trends in epigenetic drug discovery, where the focus is on generating compounds with high specificity toward individual HDAC family members to mitigate off-target effects while maintaining anticancer or neuroprotective efficacy (Batchu, Brijmohan, & Advani, 2016; Cosenza & Pozzi, 2018).\n\nTherapeutic History: Tubastatin A has been extensively evaluated in preclinical studies within oncology and neurodegenerative disease frameworks, where HDAC6 has been implicated as a pivotal regulatory enzyme in both cancer cell survival and neuronal homeostasis (Simões-Pires, Bertrand, & Cuendet, 2017; Kalin & Bergman, 2013). In cancer research, Tubastatin A and its diarylamine- and hydroxamate-based analogs have been leveraged for their ability to selectively inhibit HDAC6-mediated deacetylation, thereby restoring acetylation of α-tubulin and counteracting aberrant cellular processes that are characteristic of malignant transformation. For instance, studies in multiple myeloma models have shown that selective inhibition of HDAC6 can create a therapeutic window that minimizes the collateral effects frequently observed with broad-spectrum HDAC inhibitors (Simões-Pires, Bertrand, & Cuendet, 2017). Parallel to its oncology applications, Tubastatin A has been assessed in a number of neuroprotective paradigms, where its action in increasing tubulin acetylation has been linked to the restoration of axonal transport mechanisms, mitochondrial dynamics, and overall neuronal integrity (Wang, Wan, & Liu, 2018; Butler et al., 2010). In rodent models of tauopathy and other neurodegenerative conditions, inhibition of HDAC6 with Tubastatin A has resulted in improvements in behavioral outcomes and the reduction of toxic protein aggregates, thereby lending credence to its molecular mechanism of action and efficacy in improving cellular autophagy (Kalin & Bergman, 2013; Selenica et al., 2014). Despite these promising preclinical results, there is as yet limited direct evidence of Tubastatin A being applied in models of dry age-related macular degeneration (AMD) or in vivo studies specifically addressing retinal pigment epithelium (RPE) cell dysfunction; however, several reports have highlighted the potential of HDAC6 inhibitors to modulate cellular processes, such as autophagosome–lysosome trafficking, that are directly relevant to the pathophysiology of dry AMD (Kalin & Bergman, 2013; Buniello et al., 2025). Moreover, the favorable ADME profiles and established tolerability demonstrated by Tubastatin A in central nervous system (CNS) models suggest that repurposing this drug for ocular applications, while innovative, would build on a robust preclinical framework documented in other therapeutic areas (Shen et al., 2020b; Cosenza & Pozzi, 2018). Thus, from a therapeutic history perspective, Tubastatin A’s well-characterized profile in non-ocular systems and its mechanistic implications on autophagy present a compelling rationale for its evaluation as a candidate for dry AMD, while also noting that direct studies in retinal models remain a gap to be addressed in future investigations (Kalin & Bergman, 2013; Selenica et al., 2014).\n\nMechanism of Action: At the molecular level, Tubastatin A exerts its pharmacological effects by selectively inhibiting HDAC6, a cytoplasmic enzyme that is uniquely involved in the deacetylation of non-histone proteins. The principal substrate of HDAC6 is α-tubulin, a major component of the microtubule network, whose acetylation status is critical for maintaining microtubule stability and facilitating intracellular transport events (Wang, Wan, & Liu, 2018; Butler et al., 2010). By binding to the active site of HDAC6 through its hydroxamate zinc-binding group, Tubastatin A chelates the catalytic zinc ion and thereby blocks the deacetylation reaction, leading to an accumulation of acetylated α-tubulin (Butler et al., 2010; Shen & Kozikowski, 2020a). This increase in tubulin acetylation enhances the binding affinity of motor proteins—such as dynein—which are essential for driving the microtubule-dependent movement of vesicles and organelles (Shen & Kozikowski, 2020a; Shen et al., 2020b). In particular, the microtubule network plays a critical role in the movement of autophagosomes towards lysosomes, a process that is necessary for the maturation of autophagic vesicles and the subsequent degradation of cellular waste such as misfolded proteins and toxic lipid aggregates (Curcio et al., 2024; Shen & Kozikowski, 2020a). In neurodegenerative models, enhanced acetylation of microtubules by Tubastatin A has been shown to restore axonal transport as well as improve the clearance of abnormal tau proteins, thereby mitigating neurotoxicity (Kalin & Bergman, 2013; Selenica et al., 2014). This mechanism is of particular interest with respect to retinal pigment epithelium function in dry AMD because RPE cells are known to accumulate lipofuscin and A2E as a result of impaired autophagic flux under oxidative stress conditions (Kalin & Bergman, 2013; Buniello et al., 2025). The working hypothesis posits that HDAC6-mediated deacetylation of α-tubulin and autophagy-related proteins hampers the effective transport and fusion of autophagosomes with lysosomes; thus, by inhibiting HDAC6 with Tubastatin A, one can restore the acetylation status of these key proteins, enhance the motility of autophagosomes via improved dynein engagement, and ultimately promote the degradation of accumulated toxic substances (Shen & Kozikowski, 2020a; Olaoye et al., 2021). Furthermore, by selectively targeting HDAC6 without broadly inhibiting other histone deacetylases, Tubastatin A limits potential off-target effects that have historically been associated with non-selective HDAC inhibitors, thereby improving its safety margin and therapeutic index (Wang, Wan, & Liu, 2018; Butler et al., 2010). These molecular interactions collectively provide a plausible biochemical explanation for the observed neuroprotective and autophagy-enhancing effects of Tubastatin A in preclinical studies (Shen & Kozikowski, 2020a; Selenica et al., 2014).\n\nExpected Effect: In the context of the proposed in vitro assays using induced pluripotent stem cell (iPSC)-derived retinal pigment epithelium (RPE) cells, it is expected that treatment with Tubastatin A will lead to a measurable increase in the acetylation of α-tubulin and autophagy-related proteins such as LC3. This pharmacodynamic response is anticipated to facilitate improved recruitment and binding of the dynein motor complex to microtubules, thereby enhancing autophagosome transport toward lysosomes (Wang, Wan, & Liu, 2018; Kalin & Bergman, 2013). Under conditions of oxidative stress—a known contributory factor in dry AMD pathogenesis—RPE cells typically exhibit impaired autophagic flux, leading to the accumulation of lipofuscin and A2E, which are cytotoxic by-products of incomplete degradation pathways (Kalin & Bergman, 2013; Buniello et al., 2025). The hypothesis guiding the proposed studies is that by inhibiting HDAC6, Tubastatin A will “rescue” the autophagic pathway; increased microtubule acetylation is expected to enhance the velocity and efficiency of autophagosomal movement across the cytoskeletal network, promoting more efficient fusion with lysosomes and subsequent degradation of cellular debris (Shen & Kozikowski, 2020a). This effect can be quantitatively assessed by monitoring changes in LC3-II levels, the clearance of accumulated lipofuscin and A2E, and overall improvements in RPE cell viability and function in stressed cultures (Olaoye et al., 2021; Curcio et al., 2024). Moreover, given that HDAC6 is expressed in RPE cells, as evidenced by reports linking HDAC6 activity to both neural and epithelial pathologies, a targeted inhibition is hypothesized to directly ameliorate the intracellular trafficking bottlenecks that lead to the pathogenic buildup of waste products (Kalin & Bergman, 2013; Shen et al., 2020b). The expected cellular outcomes include restoration of autophagic flux, increased clearance of detrimental aggregates, reduction in oxidative stress markers, and the preservation or improvement of RPE cellular integrity, all of which are critical for maintaining retinal homeostasis and mitigating progression in dry AMD (Buniello et al., 2025; Shen & Kozikowski, 2020a). The compound’s documented in vivo tolerability and CNS penetration further support the notion that Tubastatin A, if capable of traversing ocular barriers, may exert similar beneficial effects within the retinal microenvironment (Wang, Wan, & Liu, 2018; Cosenza & Pozzi, 2018).\n\nOverall Evaluation: In summary, Tubastatin A emerges as a promising repurposed therapeutic candidate for dry age-related macular degeneration based on its well-established activity as a selective HDAC6 inhibitor, its robust synthetic accessibility, and its capacity to modulate autophagy-related processes. Strengths of Tubastatin A include its high potency (nanomolar IC₅₀), remarkable selectivity against other HDAC isoforms—which minimizes adverse off-target effects—and its documented ability to enhance acetylation of α-tubulin, thereby restoring microtubule stability and facilitating the transport of autophagic vesicles (Wang, Wan, & Liu, 2018; Butler et al., 2010). Its proven efficacy in models of neurodegeneration—in which similar cellular impairments of autophagosome trafficking and protein clearance are observed—adds further weight to the rationale for its application in RPE dysfunction associated with dry AMD (Kalin & Bergman, 2013; Selenica et al., 2014). The mechanistic hypothesis that HDAC6 inhibition can restore autophagosome–lysosome fusion and thereby accelerate the clearance of lipofuscin and A2E under oxidative conditions is supported by analogous findings in neuronal systems and emerging evidence from cellular assays (Kalin & Bergman, 2013; Shen & Kozikowski, 2020a). Additionally, Tubastatin A’s synthetic route, which permits rapid analog generation, its favorable ADME profiles, and the availability of preclinical safety data contribute significantly to its feasibility as a candidate for repurposing in ophthalmic applications (Shen & Kozikowski, 2020a; Cosenza & Pozzi, 2018).\n\nNevertheless, there remain some concerns and challenges that warrant attention. One of the primary weaknesses lies in the current paucity of direct evidence supporting Tubastatin A’s efficacy in ocular models or its ability to effectively penetrate the blood–retina barrier (Buniello et al., 2025; Kalin & Bergman, 2013). Furthermore, while the mechanistic data from neurodegenerative and oncological studies are compelling, translating these effects to the context of dry AMD will require careful verification in retinal-specific in vitro and in vivo systems. There is also the potential for unforeseen off-target effects in the unique microenvironment of the retina, where chronic oxidative stress and inflammatory cues may alter drug distribution or action (Shen & Kozikowski, 2020a). Additionally, although Tubastatin A’s selectivity minimizes inhibition of other HDAC isoforms, the role of non-HDAC6 deacetylation in maintaining retinal homeostasis is not fully elucidated; thus, comprehensive studies are needed to ensure that selective HDAC6 inhibition does not inadvertently disrupt other critical regulatory pathways within the RPE (Selenica et al., 2014; Butler et al., 2010).\n\nIn conclusion, Tubastatin A’s established profile as a potent, selective HDAC6 inhibitor—with its inherent ability to boost α-tubulin acetylation and thereby enhance autophagic trafficking—provides a strong scientific rationale for its further evaluation as a therapeutic candidate for dry AMD. The candidate’s chemical and pharmacological attributes, which have been validated in parts through oncology and neurodegenerative research, align well with the proposed mechanism of action whereby impaired autophagosome–lysosome fusion contributes to RPE dysfunction in dry AMD. While pre-existing data primarily focus on its anti-tumor and neuroprotective roles, the mechanistic similarities shared between neuronal autophagic deficits and RPE deficits under oxidative stress conditions support the hypothesis that Tubastatin A may improve autophagic clearance of lipofuscin and A2E, thereby preserving RPE integrity (Kalin & Bergman, 2013; Buniello et al., 2025; Shen & Kozikowski, 2020a).\n\nMoving forward, it will be critical to design rigorous preclinical studies using iPSC-derived RPE cells and appropriate animal models to evaluate the pharmacokinetics, ocular bioavailability, and long-term safety of Tubastatin A in the retinal setting. Such studies should incorporate detailed analyses of autophagy markers, lysosomal function, and the clearance kinetics of toxic aggregates under oxidative conditions. Additionally, investigations addressing potential off-target impacts and the capacity of Tubastatin A to penetrate ocular barriers will be essential to fully validate its repurposing for dry AMD. On balance, despite the current gaps in direct evidence for ocular applications, the strengths—including its targeted mechanism, robust safety profile in non-ocular systems, and ease of synthesis—position Tubastatin A as an attractive candidate for repurposing. It represents a scientifically sound and strategically promising approach to address the autophagic dysfunction underlying dry AMD, thereby meriting further investigation as part of an innovative therapeutic strategy (Wang, Wan, & Liu, 2018; Butler et al., 2010; Shen & Kozikowski, 2020a; Shen et al., 2020b).\n\nReferences\n\nBatchu, S. N., Brijmohan, A. S., & Advani, A. (2016). The therapeutic hope for HDAC6 inhibitors in malignancy and chronic disease. Clinical Science, 130(12), 987–1003. https://doi.org/10.1042/cs20160084\n\nBuniello, A., et al. (2025). Open Targets Platform: Facilitating therapeutic hypotheses building in drug discovery. Nucleic Acids Research\n\nButler, K. V., Kalin, J., Brochier, C., Vistoli, G., Langley, B., & Kozikowski, A. P. (2010). Rational design and simple chemistry yield a superior, neuroprotective HDAC6 inhibitor, tubastatin A. Journal of the American Chemical Society, 132(31), 10842–10846. https://doi.org/10.1021/ja102758v\n\nCosenza, M., & Pozzi, S. (2018). The therapeutic strategy of HDAC6 inhibitors in lymphoproliferative disease. International Journal of Molecular Sciences, 19(8), 2337. https://doi.org/10.3390/ijms19082337\n\nCurcio, A., Rocca, R., Alcaro, S., & Artese, A. (2024). The histone deacetylase family: structural features and application of combined computational methods. Pharmaceuticals, 17(5), 620. https://doi.org/10.3390/ph17050620\n\nKalin, J. H., & Bergman, J. A. (2013). Development and therapeutic implications of selective histone deacetylase 6 inhibitors. Journal of Medicinal Chemistry, 56(16), 6297–6313. https://doi.org/10.1021/jm4001659\n\nOlaoye, O. O., Watson, P. R., Nawar, N., Geletu, M., Sedighi, A., Bukhari, S., Raouf, Y. S., Manaswiyoungkul, P., Erdogan, F., Abdeldayem, A., Cabral, A. D., Hassan, M. M., Toutah, K., Shouksmith, A. E., Gawel, J. M., Israelian, J., Radu, T. B., Kachhiyapatel, N., … Gunning, P. T. (2021). Unique molecular interaction with the histone deacetylase 6 catalytic tunnel: crystallographic and biological characterization of a model chemotype. Journal of Medicinal Chemistry, 64, 2691–2704. https://doi.org/10.1021/acs.jmedchem.0c01922\n\nSelenica, M.-L., Benner, L., Housley, S. B., Manchec, B., Lee, D. C., Nash, K. R., Kalin, J., Bergman, J. A., Kozikowski, A., Gordon, M. N., & Morgan, D. (2014). Histone deacetylase 6 inhibition improves memory and reduces total tau levels in a mouse model of tau deposition. Alzheimer's Research & Therapy, 6, 12. https://doi.org/10.1186/alzrt241\n\nShen, S., & Kozikowski, A. P. (2020a). A patent review of histone deacetylase 6 inhibitors in neurodegenerative diseases (2014–2019). Expert Opinion on Therapeutic Patents, 30, 121–136. https://doi.org/10.1080/13543776.2019.1708901\n\nShen, S., Svoboda, M., Zhang, G., Cavasin, M. A., Motlova, L., McKinsey, T. A., Eubanks, J. H., Bařinka, C., & Kozikowski, A. P. (2020b). Structural and in vivo characterization of tubastatin A, a widely used histone deacetylase 6 inhibitor. ACS Medicinal Chemistry Letters, 11(5), 706–712. https://doi.org/10.1021/acsmedchemlett.9b00560\n\nSimões-Pires, C. A., Bertrand, P., & Cuendet, M. (2017). Novel histone deacetylase 6 (HDAC6) selective inhibitors: A patent evaluation (WO2014181137). Expert Opinion on Therapeutic Patents, 27, 229–236. https://doi.org/10.1080/13543776.2017.1282945\n\nWang, X.-X., Wan, R.-Z., & Liu, Z.-P. (2018). Recent advances in the discovery of potent and selective HDAC6 inhibitors. European Journal of Medicinal Chemistry, 143, 1406–1418. https://doi.org/10.1016/j.ejmech.2017.10.040\n\nFull trajectory link: https://platform.futurehouse.org/trajectories/\n"", 'index': '2'}"
"(MSL-7, 1)","(MK-2206, 0)","Candidate 0 (MK-2206) offers a wealth of clinical and preclinical oncology data and a clearly defined allosteric AKT inhibition mechanism. The repurposing hypothesis—AKT2 inhibition to restore TFEB‐driven lysosomal biogenesis—addresses a relevant AMD pathology, but remains indirect and unproven in RPE models. Critical gaps include ocular PK/BLOOD–RETINA barrier penetration, risk of global AKT suppression in healthy retinal cells, and systemic toxicities (skin rash, GI) problematic for chronic AMD therapy. Candidate 1 (MSL-7) directly activates TFEB via calcium–calcineurin, targeting the core lysosomal/autophagy defect in RPE cells. While lacking human safety data, MSL-7 has robust in vitro and in vivo evidence in metabolic and neurodegenerative models demonstrating enhanced autophagic flux, improved lysosomal clearance, and aggregate removal—outcomes directly translatable to lipofuscin/A2E accumulation in dry AMD. Its mechanism is more specific and proximal to disease pathology, reducing reliance on upstream kinase modulation. The main uncertainties for MSL-7 are ocular delivery, chronic calcium‐dependent off-target effects, and lack of clinical PK, but these can be addressed in focused preclinical ocular PK/tox studies. By contrast, MK-2206’s systemic liabilities and indirect MoA pose higher translational risk.","MSL-7 is the superior candidate because it directly engages TFEB—the master regulator of lysosomal biogenesis and autophagy—through a well-characterized calcium–calcineurin mechanism, offering a more specific, disease-relevant intervention in RPE cells. Its preclinical proof-of-concept in related models and avoidance of broad kinase inhibition favor clearer target engagement readouts and lower risk of disrupting critical survival pathways. MK-2206, although backed by clinical oncology experience, carries significant uncertainties around ocular distribution, global AKT inhibition toxicity, and the indirect nature of its MoA in AMD, making translation more challenging.",8,"(0, 1)","{'hypothesis': 'MK-2206 (Selleckchem catalog #S1078), an allosteric pan-AKT inhibitor with high potency against AKT2.\n\nI.', 'answer': 'Proposal for MK-2206 (Selleckchem catalog #S1078), an allosteric pan-AKT inhibitor with high potency against AKT2.\n\nI. Overview of Therapeutic Candidate  \nMK-2206 is a small‐molecule, allosteric inhibitor that belongs to the class of pan‐AKT inhibitors, originally developed as an oncology therapeutic to target the PI3K/AKT/mTOR signaling pathway. It was discovered through iterative medicinal chemistry efforts employing high‐throughput screening and structure‐based drug design to optimize for potency, selectivity, and oral bioavailability. Unlike ATP‐competitive inhibitors, MK-2206 binds to an allosteric site on AKT isoforms, thereby altering their conformation and attenuating kinase activity without directly competing with ATP. This class of compounds has a well‐documented history in oncology due to the central role of AKT in promoting cell proliferation, survival, and resistance to apoptotic signals, and MK-2206 has been extensively characterized in both in vitro and in vivo models of cancer (Coleman et al., 2021; Rehan et al., 2014). Its chemical synthesis and subsequent optimization yielded an orally bioavailable compound with a favorable ADME (absorption, distribution, metabolism, and excretion) profile and a defined maximum tolerated dose (MTD) in phase I clinical trials, making it a strong candidate for potential repurposing (Sangai et al., 2012).\n\nII. Therapeutic History  \nHistorically, MK-2206 has been the subject of a wide range of preclinical and clinical investigations in the field of oncology. In early clinical studies, MK-2206 was evaluated as a monotherapy in advanced solid tumors and in combination with other agents—such as paclitaxel in metastatic breast cancer and with gefitinib in non-small cell lung cancer—in order to exploit its ability to abrogate AKT-mediated resistance mechanisms (Coleman et al., 2021). The compound has demonstrated its capacity to decrease levels of phosphorylated AKT at Threonine 308 and Serine 473 in treated cell lines and xenograft models, thereby diminishing downstream signaling cascades that promote tumor cell survival (Sangai et al., 2012). Despite these advances in oncology, the application of MK-2206 has not been previously reported in ocular conditions, including dry age-related macular degeneration (AMD). However, recent genetic and functional studies have implicated hyperactive AKT2 signaling in the retinal pigment epithelium (RPE) as a driver of lysosomal dysfunction in dry AMD (Buniello et al., 2025). This emerging evidence, coupled with the wealth of preclinical and clinical data on MK-2206, provides a compelling rationale for repurposing the compound to target dry AMD, particularly in cases associated with CFH variants and other genetic risk factors influencing lysosomal/autophagy pathways.\n\nIII. Mechanism of Action  \nThe molecular mechanism of MK-2206 centers on its ability to bind allosterically to AKT isoforms, including AKT1 and AKT2, and induce conformational changes that inhibit the enzyme’s catalytic function. This binding event results in a dose-dependent reduction in the phosphorylation of AKT targets, thereby curtailing the downstream signaling that is critical for cell survival and proliferation (Rehan et al., 2014; Sangai et al., 2012). In the context of cancer, these changes translate to a reduction in markers of tumor proliferation and, in combination studies, enhanced cytotoxic effects when paired with chemotherapeutic agents (Coleman et al., 2021; Sangai et al., 2012).\n\nFor dry AMD, the mechanistic interest lies in the role of AKT2 in the pathology of the disease. Recent literature indicates that hyperactivation of AKT2 in RPE cells leads to phosphorylation of transcription factor EB (TFEB), a master regulator of the Coordinated Lysosomal Expression and Regulation (CLEAR) network (Buniello et al., 2025). Phosphorylated TFEB is sequestered in the cytosol, thereby preventing its nuclear translocation and the induction of genes required for lysosomal biogenesis and autophagy. Under conditions of chronic oxidative stress and extracellular deposit accumulation—hallmarks of dry AMD—impaired TFEB function leads to lysosomal insufficiency, accumulation of toxic waste such as lipofuscin and A2E, and ultimately RPE dysfunction. MK-2206, by inhibiting hyperactive AKT2, is hypothesized to relieve the phosphorylation blockade on TFEB. This would allow TFEB to translocate to the nucleus, activate the expression of the CLEAR network, and restore lysosomal biogenesis and autophagic flux in RPE cells (Buniello et al., 2025).\n\nNumerous computational and molecular docking studies have further characterized the interaction between MK-2206 and its targets. These studies have pinpointed the key residues within the AKT kinase domain that interact with MK-2206, thereby delineating a molecular basis for the observed decrease in p-AKT levels upon treatment (Rehan et al., 2014; Pal et al., 2010). The specificity of MK-2206 for AKT isoforms is crucial given that complete ablation of all AKT signaling could be deleterious; the goal is instead to selectively dampen the hyperactive AKT2 signaling that is deleterious in RPE cells while avoiding disruption of essential survival pathways in other tissues (Song et al., 2019; Buniello et al., 2025).\n\nIV. Expected Effect  \nIn the proposed translational paradigm for dry AMD, MK-2206 is expected to exert a beneficial effect on RPE cell physiology by reversing the lysosomal and autophagic defects that underpin the disease pathology. In vitro assays using induced pluripotent stem cell (iPSC)–derived RPE cells—cells that recapitulate many aspects of native RPE function—have shown that aberrant AKT2 activity correlates with decreased CLEAR network expression, accumulation of extracellular waste deposition, and compromised mitochondrial function (Buniello et al., 2025). MK-2206 is hypothesized to counteract these pathological changes via its inhibition of AKT2. By reducing AKT2-mediated phosphorylation of TFEB, the compound is expected to facilitate TFEB nuclear translocation, thereby restoring transcriptional activation of lysosomal and autophagy genes. The net effect of this intervention would include enhanced lysosomal biogenesis, improved autophagic flux, and accelerated clearance of deleterious lipofuscin aggregates and A2E deposits—a key pathological substrate in dry AMD.\n\nIn practical terms, in an iPSC-derived RPE assay, treatment with MK-2206 would likely be monitored through several molecular and functional endpoints. First, a reduction in phosphorylated AKT (particularly at sites indicative of AKT2 activity) would be assessed using Western blot analysis with phospho-specific antibodies (Sangai et al., 2012). Concurrently, the nuclear versus cytosolic localization of TFEB could be evaluated via immunocytochemistry or subcellular fractionation, with an expected increase in nuclear TFEB following treatment. Downstream, transcriptional profiling of CLEAR network genes (which are known to be critical for lysosomal function) would be performed, with anticipated upregulation indicating restored lysosomal biogenesis. Furthermore, functional assays to evaluate autophagy, such as monitoring LC3-II accumulation and p62 degradation kinetics, would provide additional supportive evidence that MK-2206 improves autophagic flux in RPE cells. These cellular changes should correlate with a reduction in extracellular waste deposits and improved RPE mitochondrial function, as observed in analogous preclinical studies using genetic and pharmacological modulation of the AKT2/TFEB axis (Buniello et al., 2025; Pal et al., 2010).\n\nPreclinical validation in animal models, such as those employing genetically modified mice that replicate the CFH Y402H variant or those with AKT2 hyperactivation, would be crucial to further confirm these mechanistic insights. In such models, MK-2206 administration is expected to result in measurable improvements in retinal structure and function, as assessed by techniques like electroretinography (ERG), optical coherence tomography (OCT), and histological analysis of the RPE. The translational attractiveness of MK-2206 is augmented by its well-documented pharmacokinetic safety profile from oncology trials, which provides confidence that repurposing the drug for ocular indications will have a decreased barrier to clinical testing (Coleman et al., 2021; ClinicalTrials.gov, 2008).\n\nV. Overall Evaluation  \nWhen considering MK-2206 as a candidate for repurposing in the treatment of dry AMD, several strengths and weaknesses emerge from the comprehensive literature review.\n\nStrengths:  \nOne of the principal advantages of MK-2206 lies in its well-characterized profile in oncology. The robust clinical and preclinical data demonstrate its efficacy in reducing p-AKT levels and inhibiting downstream signaling pathways that contribute to pathological cell proliferation and survival (Coleman et al., 2021; Rehan et al., 2014). This same mechanism of action is directly relevant to the pathogenesis of dry AMD, where hyperactive AKT2 disrupts the normal function of TFEB and the CLEAR network, leading to lysosomal dysfunction (Buniello et al., 2025). The fact that MK-2206 is orally bioavailable and has undergone extensive evaluation in phase I and II clinical studies provides a clear translational pathway, as pharmacokinetics, dosing regimens, and safety profiles are already established. This reduces the time and cost associated with early drug development phases, a considerable advantage when repurposing a drug for a new indication. In addition, the specificity of an allosteric inhibitor like MK-2206 offers a mechanism to modulate AKT activity in a context-dependent manner that is less likely to completely ablate signaling and cause systemic toxicity, which is particularly important in a chronic condition such as dry AMD (Sangai et al., 2012). Moreover, the hypothesis that MK-2206 will restore TFEB nuclear translocation provides a mechanistically coherent explanation for how targeting AKT2 can lead to improved lysosomal biogenesis and autophagy in RPE cells—a critical unmet need in dry AMD. This therapeutic intervention targets the core defect in lysosomal/autophagy dysfunction, which is supported by contemporary genetic studies linking AKT2 hyperactivation to accumulation of drusen-associated materials and cellular stress in the RPE (Buniello et al., 2025).\n\nWeaknesses:  \nDespite these promising attributes, several potential challenges must be considered in repurposing MK-2206 for dry AMD. First, while extensive oncology data exist, the therapeutic context of dry AMD poses unique challenges related to the ocular environment. The pharmacokinetic behavior of MK-2206 in retinal tissues and its ability to effectively penetrate the blood-retina barrier remain largely uncharacterized. The biodistribution in ocular tissues may differ significantly from that in solid tumors, necessitating additional preclinical studies to confirm effective tissue concentrations and minimize off-target effects in the eye. Second, although MK-2206 inhibits pan-AKT activity, a complete inhibition of AKT signaling might interfere with normal cellular functions in the RPE and other retinal cells. It will be crucial to achieve a balance where hyperactive AKT2 is specifically modulated without precipitating a global disruption of AKT-dependent survival pathways, which could potentially lead to adverse effects, including impaired cellular viability or unintended retinal toxicity (Song et al., 2019; Pal et al., 2010). Third, in oncology studies, a range of dose-limiting toxicities were reported, such as a dose-dependent skin rash and gastrointestinal disturbances; while these may be less critical in an ocular formulation, systemic exposure remains a concern when repurposing for a chronic, non-life-threatening condition like dry AMD (Coleman et al., 2021; Nitulescu et al., 2018). Furthermore, the existing clinical data on MK-2206 have focused on acute dosing regimens in cancer patients, and long-term safety data in the context of chronic administration for ocular indications are lacking. Finally, it is important to recognize that the majority of evidence linking hyperactive AKT2 and TFEB dysregulation to dry AMD originates from genetic and preclinical models, and the translation of these findings to human disease will require rigorous validation in relevant animal models and early-phase clinical trials (Buniello et al., 2025).\n\nVI. Detailed Discussion and Future Directions  \nThe rationale for targeting the AKT2/TFEB axis in dry AMD is rooted in a deeper understanding of the molecular pathology of the disease. In normal RPE cells, TFEB plays a central role in orchestrating the expression of lysosomal genes and maintaining autophagic flux—a process essential for clearing the daily photoreceptor outer segment shedding and other intracellular waste products. In dry AMD, chronic oxidative stress, compounded by genetic predispositions such as the CFH Y402H variant, results in hyperactivation of AKT2. This hyperactivation leads to aberrant phosphorylation of TFEB, effectively sequestering it in the cytosol and thereby impairing the transcriptional activation of the CLEAR network (Buniello et al., 2025). Such dysregulation results in a cascade of pathological events, including impaired lysosomal function, accumulation of lipofuscin and A2E, and ultimately RPE cell degeneration.\n\nMK-2206 is uniquely positioned to counteract this process because its primary mode of action is to inhibit the hyperactive kinase activity of the AKT isoforms, including AKT2, thereby reducing the inhibitory phosphorylation on TFEB. An effective restoration of TFEB nuclear translocation would, in theory, reinitiate the transcription of genes required for lysosomal biogenesis and autophagy. This molecular intervention has the potential to not only clear accumulated waste products but also to restore mitochondrial function in the RPE—an effect observed in preclinical studies involving other modulators of the AKT2 pathway in genetically modified mouse models and iPSC-derived RPE cells (Buniello et al., 2025).\n\nRecent computational insights into the binding dynamics of MK-2206 further bolster the candidate’s credibility. Molecular docking studies have pinpointed the specific interactions between MK-2206 and the ATP-noncompetitive binding site of AKT, describing how its interaction with critical residues reduces the phosphorylation of downstream targets (Rehan et al., 2014). Such studies provide not only confirmatory evidence for the mechanism of action but also suggest that further optimization or modification of the inhibitor could potentially enhance its selectivity for AKT2 versus other isoforms if needed—an area that would be particularly beneficial for minimizing side effects in the sensitive retinal environment.\n\nPreclinical efforts utilizing iPSC-derived RPE models are particularly informative because they closely mimic the cellular architecture and function of native RPE cells. In these models, pharmacological inhibition of AKT2 using MK-2206 is expected to reverse the phenotype associated with lysosomal dysfunction—namely, the accumulation of intracellular debris, reduced autophagic flux, and compromised mitochondrial activity. In studies that have investigated lysosomal clearance in the context of AMD, an intervention that restores TFEB nuclear localization has been associated with improvements in cell viability and an enhanced capacity to manage oxidative stress (Buniello et al., 2025). Moreover, if MK-2206 treatment results in measurable upregulation of CLEAR network genes, this molecular signature would serve as a robust biomarker for effective target engagement in the RPE.\n\nThe translational pathway for MK-2206 can leverage the extensive clinical data accrued in oncology. Phase I clinical trials in cancer patients have established a dosing regimen and safety profile that, while optimized for tumor suppression, may need to be re-evaluated in the context of ocular drug delivery. The repurposing strategy could involve localized drug delivery systems, such as intravitreal injections or sustained-release ocular implants, to achieve effective drug concentrations in the retina while minimizing systemic exposure and potential adverse effects. Alternatively, the oral bioavailability of MK-2206 is an advantage in that it offers a non-invasive route of administration, though achieving therapeutic concentrations in the eye via systemic administration will require careful pharmacokinetic studies to elucidate its ability to cross the blood-retina barrier (Coleman et al., 2021).\n\nOne critical parameter that remains to be fully addressed in the context of dry AMD is the selectivity of MK-2206 for AKT2. While many studies have characterized MK-2206 as a pan-AKT inhibitor, preclinical data suggest that its inhibition kinetics may favor certain isoforms under specific conditions (Sangai et al., 2012; Song et al., 2019). The hypothesis posits that selective inhibition of hyperactive AKT2 in the RPE is sufficient to restore TFEB function without completely abolishing all AKT signaling. This nuanced approach is essential because basal AKT activity is required for normal cell survival and metabolism. Future studies should therefore include detailed isoform-specific assays to ensure that the dosing of MK-2206 can be calibrated to achieve the desired reduction in AKT2 activity while preserving the necessary cellular functions mediated by other isoforms.\n\nIn addition to these mechanistic considerations, the broader context of dry AMD as a multifactorial disease cannot be overlooked. Dry AMD involves not only lysosomal dysfunction but also chronic inflammation, alterations in extracellular matrix remodeling, and changes in immune cell behavior in the retina. Therefore, while restoring lysosomal biogenesis and autophagic clearance via AKT2 inhibition is a compelling therapeutic strategy, it is likely to need integration with a broader treatment plan that addresses these additional pathogenic components. Combination therapy—where MK-2206 is used together with agents targeting oxidative stress or anti-inflammatory compounds—might yield synergistic benefits and should be a focus of subsequent preclinical investigation.\n\nVII. Conclusion  \nIn summary, the repurposing of MK-2206 for dry age-related macular degeneration is supported by a strong mechanistic rationale and an extensive body of preclinical and clinical evidence from oncology. Its well-validated mechanism as an allosteric pan-AKT inhibitor, combined with emerging data implicating hyperactive AKT2 in the lysosomal dysfunction observed in RPE cells, positions MK-2206 as a promising therapeutic candidate for dry AMD (Buniello et al., 2025). The expected benefits are manifold: by inhibiting AKT2, MK-2206 is anticipated to relieve the inhibitory phosphorylation of TFEB, enabling its nuclear translocation, which in turn should activate the CLEAR gene network responsible for maintaining lysosomal biogenesis and autophagic flux. These molecular events are expected to facilitate the clearance of toxic deposits such as lipofuscin and A2E, ultimately protecting the RPE from oxidative stress and drusen-associated damage.\n\nThe strengths of MK-2206 include its established clinical safety, oral bioavailability, and detailed pharmacodynamic profile obtained from oncology studies, which together streamline its potential repurposing process. However, several challenges remain, including the need to validate its ocular pharmacokinetics, ensure isoform selectivity in the complex retinal environment, and optimize dosing regimens to prevent potential adverse effects associated with global AKT inhibition. Moreover, long-term safety and efficacy studies in appropriate preclinical models of dry AMD are essential to bridge the gap between preclinical promise and clinical application.\n\nOverall, MK-2206 represents an attractive candidate for repurposing in dry AMD based on a robust molecular hypothesis, favorable pharmacological properties, and supportive preclinical data suggesting that modulation of the AKT2/TFEB axis can reverse key pathological features of the disease. Continued investigation, including targeted in vitro studies using iPSC-derived RPE cells and relevant animal models, is warranted to further define the therapeutic window and to establish whether the promising benefits observed in preclinical settings translate into meaningful clinical outcomes in patients with dry AMD (Buniello et al., 2025; Coleman et al., 2021; Rehan et al., 2014).\n\nThis comprehensive evaluation underscores the potential for MK-2206 to be repurposed as a novel therapeutic for dry AMD, addressing an unmet clinical need by directly targeting the lysosomal/autophagy defect at its molecular root. The combination of prior clinical validation in oncology, mechanistic clarity regarding TFEB-mediated lysosomal biogenesis, and the emerging role of AKT2 in the pathogenesis of dry AMD makes MK-2206 a promising candidate in the evolving landscape of AMD therapy. Further research is essential to determine its efficacy within the unique microenvironment of the retina and to optimize treatment parameters that maximize therapeutic benefits while minimizing adverse effects, thereby providing a strong foundation for subsequent clinical trials in patients with dry AMD (Buniello et al., 2025; Sangai et al., 2012).\n\nReferences  \nBuniello, A., et al. (2025). Open Targets Platform: facilitating therapeutic hypotheses building in drug discovery. Nucleic Acids Research.\n\nColeman, N., Moyers, J. T., Harbery, A., Vivanco, I., & Yap, T. A. (2021). Clinical development of Akt inhibitors and associated predictive biomarkers to guide patient treatment in cancer medicine. Pharmacogenomics and Personalized Medicine, 14, 1517–1535. https://doi.org/10.2147/pgpm.s305068\n\nMerck Sharp & Dohme LLC. (2008). Dose escalation study with MK-2206 in patients with locally advanced or metastatic solid tumors (MK-2206-002) [Clinical trial registration]. ClinicalTrials.gov. https://clinicaltrials.gov/ct2/show/NCT00670488\n\nNitulescu, G., Van De Venter, M., Nitulescu, G., Ungurianu, A., Juzenas, P., Peng, Q., Olaru, O., Grădinaru, D., Tsatsakis, A., Tsoukalas, D., Spandidos, D., & Margina, D. (2018). The Akt pathway in oncology therapy and beyond. International Journal of Oncology, 53, 2319–2331. https://doi.org/10.3892/ijo.2018.4597\n\nPal, S. K., Reckamp, K., Yu, H., & Figlin, R. A. (2010). Akt inhibitors in clinical development for the treatment of cancer. Expert Opinion on Investigational Drugs, 19, 1355–1366. https://doi.org/10.1517/13543784.2010.520701\n\nRehan, M., Beg, M. A., Parveen, S., Damanhouri, G. A., & Zaher, G. F. (2014). Computational insights into the inhibitory mechanism of human Akt1 by an orally active inhibitor, MK-2206. PLoS ONE, 9, e109705. https://doi.org/10.1371/journal.pone.0109705\n\nSangai, T., Akcakanat, A., Chen, H., Tarco, E., Wu, Y., Do, K.-A., Miller, T. W., Arteaga, C. L., Mills, G. B., Gonzalez-Angulo, A. M., & Meric-Bernstam, F. (2012). Biomarkers of response to Akt inhibitor MK-2206 in breast cancer. Clinical Cancer Research, 18, 5816–5828. https://doi.org/10.1158/1078-0432.CCR-12-1141\n\nSong, M., Bode, A. M., Dong, Z., & Lee, M.-H. (2019). Akt as a therapeutic target for cancer. Cancer Research, 79(6), 1019–1031. https://doi.org/10.1158/0008-5472.CAN-18-2738\n\nFull trajectory link: https://platform.futurehouse.org/trajectories/\n', 'index': '0'}","{'hypothesis': 'MSL-7 (Cayman Chemical catalog #14818), a potent small-molecule TFEB activator via calcium–calcineurin signaling.', 'answer': 'Proposal for MSL-7 (Cayman Chemical catalog #14818), a potent small-molecule TFEB activator via calcium–calcineurin signaling.\n\nOverview of Therapeutic Candidate:  \nMSL-7 is a potent, synthetic small‐molecule activator of transcription factor EB (TFEB) that was discovered through high‐content screening methodologies and is commercially available (Cayman Chemical catalog #14818). This candidate belongs to a novel class of autophagy enhancers that exploit the calcium–calcineurin signaling pathway rather than the classical mTOR inhibition mechanism to induce nuclear translocation of TFEB (Lim et al., 2018). Unlike many mTOR inhibitors that produce a broader range of kinase and metabolic inhibition with considerable off‐target effects, MSL-7 is designed to selectively elevate cytosolic calcium in target cells, leading to the activation of the phosphatase calcineurin and subsequent dephosphorylation of TFEB (Lim et al., 2018). Subsequently, dephosphorylated TFEB translocates to the nucleus, where it binds to coordinated lysosomal expression and regulation (CLEAR) motifs and activates the transcription of genes involved in lysosomal biogenesis and autophagy (Abokyi & Tse, 2025; Chen et al., 2021). As a member of the small-molecule TFEB activators, MSL-7 represents a targeted therapeutic approach that has been primarily studied for metabolic disorders and neurodegenerative conditions and now is being considered for repurposing in dry age-related macular degeneration (AMD) due to the critical role of lysosomal dysfunction in retinal pigment epithelium (RPE) pathology (Lim et al., 2018; Abokyi & Tse, 2025).\n\nTherapeutic History:  \nThe therapeutic history of molecules that modulate TFEB activity spans multiple disease areas, including metabolic syndrome, neurodegeneration, and lysosomal storage disorders. MSL-7 itself has been evaluated in preclinical models for metabolic syndrome, showing promising metabolic improvements via its activation of the calcium–calcineurin–TFEB axis (Lim et al., 2018). In these studies, MSL-7 reversed metabolic changes through enhanced autophagic flux and improved lysosomal clearance, setting a precedent for its application in diseases where accumulation of toxic aggregates is central to pathology (Lim et al., 2018). Although MSL-7 has not been directly used for the treatment of dry AMD in clinical studies, considerable evidence from biochemical and cellular studies supports the concept that activation of TFEB can ameliorate age-dependent RPE dysfunction by promoting the clearance of lipofuscin and other toxic aggregates (Abokyi & Tse, 2025; Falcão et al., 2025). Prior studies of other TFEB activators—such as trehalose, which has been shown to enhance autophagic clearance in RPE cells—provide a robust rationale for the application of MSL-7 in retinal degenerative models (Abokyi & Tse, 2025). Moreover, the involvement of the autophagy–lysosomal network in maintaining retinal health and its impairment in AMD have been well documented, suggesting that strategies to enhance autophagic clearance via TFEB activation are both mechanistically sound and therapeutically appealing (Abokyi & Tse, 2025; Falcão et al., 2024).\n\nMechanism of Action:  \nThe molecular mechanism of MSL-7 centers on its ability to modulate intracellular calcium dynamics, which is critical for the activation of the phosphatase calcineurin. Under physiological conditions, TFEB remains phosphorylated and sequestered in the cytoplasm by the action of mTORC1 and possibly other kinases; however, when MSL-7 is applied, it elevates cytosolic calcium levels specifically in RPE cells, thereby leading to the activation of calcineurin via calcium–calmodulin interactions (Lim et al., 2018; Xu et al., 2020). Activated calcineurin then dephosphorylates TFEB at key serine residues, resulting in its release from cytoplasmic retention complexes and enabling its translocation to the nucleus (Lim et al., 2018; Xu et al., 2020). Once in the nucleus, TFEB binds to CLEAR network promoters, initiating the transcription of a suite of genes that are essential for lysosomal biogenesis, catabolic enzyme production, and enhanced autophagic flux (Abokyi & Tse, 2025; Chen et al., 2021). This transcriptional upregulation leads to an increased lysosomal capacity, improved degradation of intracellular aggregates, and enhanced recycling of damaged organelles, which is particularly beneficial in the context of RPE cells that are burdened with the accumulation of lipofuscin and A2E—byproducts of photoreceptor outer segment degradation (Abokyi & Tse, 2025; Falcão et al., 2024). The specificity of MSL-7 for the calcium–calcineurin pathway is a significant advantage, as it circumvents typical mTOR-dependent pathways and thereby minimizes the risk of widespread metabolic disruption, offering a focused therapeutic effect on the autophagy–lysosomal system (Lim et al., 2018). In addition, the robustness of the mechanism is enhanced by the fact that TFEB activation has been shown to be beneficial in a number of models related to protein aggregation and cellular clearance, including neuronal and hepatic systems, thus providing a biochemical blueprint for its potential utility in RPE repair and dry AMD intervention (Abokyi & Tse, 2025).\n\nExpected Effect:  \nWhen applied to human iPSC-derived RPE models of dry AMD that exhibit lipofuscin accumulation, MSL-7 is hypothesized to restore cellular homeostasis by robustly enhancing autophagic flux and lysosomal biogenesis. The expected cellular effects include an elevated clearance of lipofuscin-like granules and A2E, which are hallmark toxic deposits in RPE cells and are directly implicated in the pathogenesis of dry AMD (Abokyi & Tse, 2025; Falcão et al., 2025). By upregulating CLEAR network genes via the nuclear activity of TFEB, MSL-7 is anticipated to increase the number and functional capacity of lysosomes, thereby accelerating the degradation of damaged cellular components and misfolded proteins that contribute to RPE atrophy (Falcão et al., 2024; Abokyi & Tse, 2025). This enhanced clearance mechanism is particularly relevant given that the accumulation of oxidized biomolecules and damaged organelles in RPE cells is a critical factor that underlies aging-associated retinal degeneration, as evidenced by multiple studies linking TFEB activity to neuroprotection in the retina (Abokyi & Tse, 2025). Moreover, the augmentation of autophagic capacity is expected not only to mitigate the deleterious buildup of cellular waste but also to reduce pro-inflammatory signaling and oxidative stress—a dual mechanism that could slow disease progression and preserve visual acuity in patients with dry AMD (Abokyi & Tse, 2025; Falcão et al., 2025). In vitro assays using human iPSC-derived RPE cells will offer a rigorous platform to measure these effects, including assessments of lysosomal marker expression, autophagy flux (as evidenced by LC3-II conversion), and quantification of lipofuscin reduction (Falcão et al., 2024; Abokyi & Tse, 2025). Additionally, the selective reactivation of lysosomal degradation pathways through TFEB translocation is expected to help “reset” the metabolic and catabolic balance in aged RPE cells, thereby contributing to cellular rejuvenation and neuroprotection in the retinal environment (Abokyi & Tse, 2025).\n\nOverall Evaluation:  \nThe overall evaluation of MSL-7 as a potential therapeutic candidate for dry AMD is highly encouraging, primarily based on its mechanistic precision, preclinical dosing feasibility, and the strong theoretical framework underpinning TFEB activation in cellular clearance. One of the key strengths of MSL-7 lies in its ability to selectively manipulate the calcium–calcineurin–TFEB axis without broadly affecting other kinase-driven pathways such as mTOR. This specificity offers the promise of minimizing off-target effects and systemic toxicity, an important consideration particularly in treatments aimed at chronic conditions like dry AMD where long-term administration is likely (Lim et al., 2018). The established efficacy of similar TFEB activators in metabolic and neurodegenerative paradigms further supports the translational potential of MSL-7; studies have demonstrated that enhancing autophagic flux via TFEB leads to dramatic improvements in lysosomal function and aggregate clearance, outcomes that are directly translatable to the pathological features observed in AMD (Abokyi & Tse, 2025). Moreover, the experimental paradigm of using human iPSC-derived RPE models represents a state-of-the-art strategy, enabling direct observation of the drug’s effect on human retinal cells that model the disease pathology, thereby increasing the relevance of preclinical findings to clinical outcomes (Abokyi & Tse, 2025).\n\nDespite these strengths, several challenges and weaknesses must be acknowledged. First, while the mechanism of action of MSL-7 is well elucidated in non-ocular systems, direct evidence for its efficacy and safety in retinal models is still emerging; specifically, there remains a gap in data demonstrating effective delivery, sustained bioavailability, and long-term safety in ocular tissues (Lim et al., 2018; Abokyi & Tse, 2025). It is also critical to rigorously assess whether the elevation of cytosolic calcium, while sufficient to activate calcineurin, might inadvertently trigger other calcium-dependent pathways that could lead to cytotoxicity or dysregulation of normal RPE function over extended periods (Lim et al., 2018; Xu et al., 2020). Additionally, although the preclinical pharmacokinetic profiles in murine studies have been reported to be favorable, ocular pharmacokinetic and biodistribution assessments are essential given the unique anatomical and physiological barriers presented by the eye (Lim et al., 2018; Abokyi & Tse, 2025). Another potential limitation is related to the scalability of the therapeutic effect in the complex environment of the human retina, where multiple pathways contribute to disease progression, and it is conceivable that combination therapies may be required to achieve substantial clinical improvement in dry AMD patients (Abokyi & Tse, 2025; Falcão et al., 2024). Moreover, while the calcineurin–TFEB pathway is a promising target, its modulation must be finely balanced to avoid excessive autophagic activation, which in some contexts has been associated with detrimental cellular outcomes or even oncogenesis (Abokyi & Tse, 2025; Benedetti, 2020).\n\nIn summary, the evidence supporting MSL-7 as a repurposed candidate for dry AMD is compelling based on its mechanistic action that directly addresses the pathological accumulation of toxic cellular debris in RPE cells. The ability of MSL-7 to selectively induce TFEB activation via a calcium–calcineurin-mediated pathway distinguishes it from less specific autophagy enhancers and offers the dual benefit of enhanced lysosomal capacity along with improved autophagic flux (Lim et al., 2018). The accumulated literature describing the role of TFEB in neuroprotection and autophagy in the retina, coupled with the favorable pharmacological profile observed in other disease models, provides a strong foundation for the potential translation of MSL-7 into a viable therapeutic option for dry AMD (Abokyi & Tse, 2025; Falcão et al., 2025).\n\nGiven these considerations, further investigations into MSL-7 should include comprehensive in vitro assays using human iPSC-derived RPE cells to quantify improvements in autophagic flux and the clearance of lipofuscin and A2E aggregates, as well as detailed in vivo studies employing animal models that recapitulate features of dry AMD (Abokyi & Tse, 2025). Parallel efforts should also focus on optimizing drug delivery techniques to the retina to ensure adequate ocular distribution while minimizing systemic exposure. Detailed toxicological assessments will be necessary to determine the long-term safety profile of MSL-7 in retinal tissues, particularly given the chronic nature of AMD treatment regimens (Lim et al., 2018).\n\nIn conclusion, while there are clear hurdles that must be overcome before MSL-7 can be considered for clinical trials in dry AMD patients, the mechanistic rationale and preclinical promise of this candidate justify continued research and development. The specificity of MSL-7’s action via the calcium–calcineurin–TFEB pathway provides a targeted approach to enhance the autophagy–lysosomal network in RPE cells, thereby addressing one of the core pathological processes in dry AMD. Continued corroborative data, robust preclinical studies, and strategic formulation approaches will ultimately determine whether MSL-7 can fulfill its promise as a novel therapeutic avenue for this currently unmet clinical need (Lim et al., 2018; Abokyi & Tse, 2025; Abokyi & Tse, 2025).\n\nReferences  \nAbokyi, S., & Tse, D. Y.-Y. (2025). Age-related driving mechanisms of retinal diseases and neuroprotection by transcription factor EB-targeted therapy. Neural Regeneration Research, 20, 366–377. https://doi.org/10.4103/nrr.nrr-d-23-02033\n\nBenedetti, V. (2020). Analysis of TFEB nucleo-cytoplasmic shuttling dynamics in response to nutrients availability. arXiv. https://doi.org/10.13130/benedetti-valerio_phd2020-01-28\n\nChen, M., Dai, Y., Liu, S., Fan, Y., Ding, Z., & Li, D. (2021). TFEB biology and agonists at a glance. Cells, 10(2), 333. https://doi.org/10.3390/cells10020333\n\nFalcão, A. S., Lopes-da-Silva, M., Antas, P., Escrevente, C., Pedro, M., Coelho, R., Ferreira, I. S., Santos, I. P., Ciossek, T., Nicklin, P., Tenreiro, S., & Seabra, M. C. (2024). Enhancing lysosome function via mTOR/TFEB activation reduces lipofuscin-like granules in early age-related macular degeneration. bioRxiv. https://doi.org/10.1101/2024.09.17.613413\n\nFalcão, A. S., Pedro, M. L., Tenreiro, S., & Seabra, M. C. (2025). Targeting lysosomal dysfunction and oxidative stress in age-related macular degeneration. Antioxidants, 14(5), 596. https://doi.org/10.3390/antiox14050596\n\nLim, H., Lim, Y.-M., Kim, K. H., Jeon, Y. E., Park, K., Kim, J., Hwang, H.-Y., Lee, D. J., Pagire, H., Kwon, H. J., Ahn, J. H., & Lee, M.-S. (2018). A novel autophagy enhancer as a therapeutic agent against metabolic syndrome and diabetes. Nature Communications, 9, Article 3939. https://doi.org/10.1038/s41467-018-03939-w\n\nXu, J., Zhang, X.-Q., & Zhang, Z. (2020). Transcription factor EB agonists from natural products for treating human diseases with impaired autophagy-lysosome pathway. Chinese Medicine. https://doi.org/10.1186/s13020-020-00402-1\n\nFull trajectory link: https://platform.futurehouse.org/trajectories/\n', 'index': '1'}"
"(MK-2206, 0)","(Tubastatin A, 2)","Both candidates propose to rescue autophagic/lysosomal dysfunction in RPE cells—a core pathology in dry AMD—but differ in directness of mechanism, supporting evidence, and repurposing risk. Candidate 1 (MK-2206) directly targets hyperactive AKT2/TFEB axis, with recent genetic and functional studies in RPE cells linking AKT2 hyperactivation to lysosomal insufficiency in dry AMD. It offers a clear upstream intervention to restore TFEB nuclear translocation and CLEAR network activation. Its extensive oncology clinical data provide known PK/safety parameters and an established translational pathway, albeit with unresolved ocular PK and potential systemic toxicity. Candidate 2 (Tubastatin A) selectively inhibits HDAC6 to increase α-tubulin acetylation and improve autophagosome–lysosome trafficking. Preclinical data in neurodegeneration demonstrate autophagy enhancement, but there is no direct evidence in RPE or dry AMD models, and its ocular bioavailability is uncharacterized. While HDAC6 selectivity reduces off-target risk and supports safety, the mechanism is more distal to the primary lysosomal gene network defect and lacks disease-specific validation. Both face delivery challenges across the blood–retina barrier and require RPE/animal model proof of concept, but MK-2206 benefits from robust, disease-relevant rationale and existing human safety data.","MK-2206 (Candidate 0) is superior due to direct mechanistic targeting of a validated AKT2/TFEB pathway implicated in RPE lysosomal dysfunction in dry AMD, supported by genetic and functional evidence. Its clinical characterization accelerates repurposing and reduces uncertainty in dosing and safety, despite the need for ocular PK studies. Tubastatin A (Candidate 2) has a plausible autophagy-enhancing mechanism with favorable preclinical tolerability, but lacks direct evidence in RPE or AMD models and addresses the pathology more indirectly, making its translational risk higher.",9,"(0, 2)","{'hypothesis': 'MK-2206 (Selleckchem catalog #S1078), an allosteric pan-AKT inhibitor with high potency against AKT2.\n\nI.', 'answer': 'Proposal for MK-2206 (Selleckchem catalog #S1078), an allosteric pan-AKT inhibitor with high potency against AKT2.\n\nI. Overview of Therapeutic Candidate  \nMK-2206 is a small‐molecule, allosteric inhibitor that belongs to the class of pan‐AKT inhibitors, originally developed as an oncology therapeutic to target the PI3K/AKT/mTOR signaling pathway. It was discovered through iterative medicinal chemistry efforts employing high‐throughput screening and structure‐based drug design to optimize for potency, selectivity, and oral bioavailability. Unlike ATP‐competitive inhibitors, MK-2206 binds to an allosteric site on AKT isoforms, thereby altering their conformation and attenuating kinase activity without directly competing with ATP. This class of compounds has a well‐documented history in oncology due to the central role of AKT in promoting cell proliferation, survival, and resistance to apoptotic signals, and MK-2206 has been extensively characterized in both in vitro and in vivo models of cancer (Coleman et al., 2021; Rehan et al., 2014). Its chemical synthesis and subsequent optimization yielded an orally bioavailable compound with a favorable ADME (absorption, distribution, metabolism, and excretion) profile and a defined maximum tolerated dose (MTD) in phase I clinical trials, making it a strong candidate for potential repurposing (Sangai et al., 2012).\n\nII. Therapeutic History  \nHistorically, MK-2206 has been the subject of a wide range of preclinical and clinical investigations in the field of oncology. In early clinical studies, MK-2206 was evaluated as a monotherapy in advanced solid tumors and in combination with other agents—such as paclitaxel in metastatic breast cancer and with gefitinib in non-small cell lung cancer—in order to exploit its ability to abrogate AKT-mediated resistance mechanisms (Coleman et al., 2021). The compound has demonstrated its capacity to decrease levels of phosphorylated AKT at Threonine 308 and Serine 473 in treated cell lines and xenograft models, thereby diminishing downstream signaling cascades that promote tumor cell survival (Sangai et al., 2012). Despite these advances in oncology, the application of MK-2206 has not been previously reported in ocular conditions, including dry age-related macular degeneration (AMD). However, recent genetic and functional studies have implicated hyperactive AKT2 signaling in the retinal pigment epithelium (RPE) as a driver of lysosomal dysfunction in dry AMD (Buniello et al., 2025). This emerging evidence, coupled with the wealth of preclinical and clinical data on MK-2206, provides a compelling rationale for repurposing the compound to target dry AMD, particularly in cases associated with CFH variants and other genetic risk factors influencing lysosomal/autophagy pathways.\n\nIII. Mechanism of Action  \nThe molecular mechanism of MK-2206 centers on its ability to bind allosterically to AKT isoforms, including AKT1 and AKT2, and induce conformational changes that inhibit the enzyme’s catalytic function. This binding event results in a dose-dependent reduction in the phosphorylation of AKT targets, thereby curtailing the downstream signaling that is critical for cell survival and proliferation (Rehan et al., 2014; Sangai et al., 2012). In the context of cancer, these changes translate to a reduction in markers of tumor proliferation and, in combination studies, enhanced cytotoxic effects when paired with chemotherapeutic agents (Coleman et al., 2021; Sangai et al., 2012).\n\nFor dry AMD, the mechanistic interest lies in the role of AKT2 in the pathology of the disease. Recent literature indicates that hyperactivation of AKT2 in RPE cells leads to phosphorylation of transcription factor EB (TFEB), a master regulator of the Coordinated Lysosomal Expression and Regulation (CLEAR) network (Buniello et al., 2025). Phosphorylated TFEB is sequestered in the cytosol, thereby preventing its nuclear translocation and the induction of genes required for lysosomal biogenesis and autophagy. Under conditions of chronic oxidative stress and extracellular deposit accumulation—hallmarks of dry AMD—impaired TFEB function leads to lysosomal insufficiency, accumulation of toxic waste such as lipofuscin and A2E, and ultimately RPE dysfunction. MK-2206, by inhibiting hyperactive AKT2, is hypothesized to relieve the phosphorylation blockade on TFEB. This would allow TFEB to translocate to the nucleus, activate the expression of the CLEAR network, and restore lysosomal biogenesis and autophagic flux in RPE cells (Buniello et al., 2025).\n\nNumerous computational and molecular docking studies have further characterized the interaction between MK-2206 and its targets. These studies have pinpointed the key residues within the AKT kinase domain that interact with MK-2206, thereby delineating a molecular basis for the observed decrease in p-AKT levels upon treatment (Rehan et al., 2014; Pal et al., 2010). The specificity of MK-2206 for AKT isoforms is crucial given that complete ablation of all AKT signaling could be deleterious; the goal is instead to selectively dampen the hyperactive AKT2 signaling that is deleterious in RPE cells while avoiding disruption of essential survival pathways in other tissues (Song et al., 2019; Buniello et al., 2025).\n\nIV. Expected Effect  \nIn the proposed translational paradigm for dry AMD, MK-2206 is expected to exert a beneficial effect on RPE cell physiology by reversing the lysosomal and autophagic defects that underpin the disease pathology. In vitro assays using induced pluripotent stem cell (iPSC)–derived RPE cells—cells that recapitulate many aspects of native RPE function—have shown that aberrant AKT2 activity correlates with decreased CLEAR network expression, accumulation of extracellular waste deposition, and compromised mitochondrial function (Buniello et al., 2025). MK-2206 is hypothesized to counteract these pathological changes via its inhibition of AKT2. By reducing AKT2-mediated phosphorylation of TFEB, the compound is expected to facilitate TFEB nuclear translocation, thereby restoring transcriptional activation of lysosomal and autophagy genes. The net effect of this intervention would include enhanced lysosomal biogenesis, improved autophagic flux, and accelerated clearance of deleterious lipofuscin aggregates and A2E deposits—a key pathological substrate in dry AMD.\n\nIn practical terms, in an iPSC-derived RPE assay, treatment with MK-2206 would likely be monitored through several molecular and functional endpoints. First, a reduction in phosphorylated AKT (particularly at sites indicative of AKT2 activity) would be assessed using Western blot analysis with phospho-specific antibodies (Sangai et al., 2012). Concurrently, the nuclear versus cytosolic localization of TFEB could be evaluated via immunocytochemistry or subcellular fractionation, with an expected increase in nuclear TFEB following treatment. Downstream, transcriptional profiling of CLEAR network genes (which are known to be critical for lysosomal function) would be performed, with anticipated upregulation indicating restored lysosomal biogenesis. Furthermore, functional assays to evaluate autophagy, such as monitoring LC3-II accumulation and p62 degradation kinetics, would provide additional supportive evidence that MK-2206 improves autophagic flux in RPE cells. These cellular changes should correlate with a reduction in extracellular waste deposits and improved RPE mitochondrial function, as observed in analogous preclinical studies using genetic and pharmacological modulation of the AKT2/TFEB axis (Buniello et al., 2025; Pal et al., 2010).\n\nPreclinical validation in animal models, such as those employing genetically modified mice that replicate the CFH Y402H variant or those with AKT2 hyperactivation, would be crucial to further confirm these mechanistic insights. In such models, MK-2206 administration is expected to result in measurable improvements in retinal structure and function, as assessed by techniques like electroretinography (ERG), optical coherence tomography (OCT), and histological analysis of the RPE. The translational attractiveness of MK-2206 is augmented by its well-documented pharmacokinetic safety profile from oncology trials, which provides confidence that repurposing the drug for ocular indications will have a decreased barrier to clinical testing (Coleman et al., 2021; ClinicalTrials.gov, 2008).\n\nV. Overall Evaluation  \nWhen considering MK-2206 as a candidate for repurposing in the treatment of dry AMD, several strengths and weaknesses emerge from the comprehensive literature review.\n\nStrengths:  \nOne of the principal advantages of MK-2206 lies in its well-characterized profile in oncology. The robust clinical and preclinical data demonstrate its efficacy in reducing p-AKT levels and inhibiting downstream signaling pathways that contribute to pathological cell proliferation and survival (Coleman et al., 2021; Rehan et al., 2014). This same mechanism of action is directly relevant to the pathogenesis of dry AMD, where hyperactive AKT2 disrupts the normal function of TFEB and the CLEAR network, leading to lysosomal dysfunction (Buniello et al., 2025). The fact that MK-2206 is orally bioavailable and has undergone extensive evaluation in phase I and II clinical studies provides a clear translational pathway, as pharmacokinetics, dosing regimens, and safety profiles are already established. This reduces the time and cost associated with early drug development phases, a considerable advantage when repurposing a drug for a new indication. In addition, the specificity of an allosteric inhibitor like MK-2206 offers a mechanism to modulate AKT activity in a context-dependent manner that is less likely to completely ablate signaling and cause systemic toxicity, which is particularly important in a chronic condition such as dry AMD (Sangai et al., 2012). Moreover, the hypothesis that MK-2206 will restore TFEB nuclear translocation provides a mechanistically coherent explanation for how targeting AKT2 can lead to improved lysosomal biogenesis and autophagy in RPE cells—a critical unmet need in dry AMD. This therapeutic intervention targets the core defect in lysosomal/autophagy dysfunction, which is supported by contemporary genetic studies linking AKT2 hyperactivation to accumulation of drusen-associated materials and cellular stress in the RPE (Buniello et al., 2025).\n\nWeaknesses:  \nDespite these promising attributes, several potential challenges must be considered in repurposing MK-2206 for dry AMD. First, while extensive oncology data exist, the therapeutic context of dry AMD poses unique challenges related to the ocular environment. The pharmacokinetic behavior of MK-2206 in retinal tissues and its ability to effectively penetrate the blood-retina barrier remain largely uncharacterized. The biodistribution in ocular tissues may differ significantly from that in solid tumors, necessitating additional preclinical studies to confirm effective tissue concentrations and minimize off-target effects in the eye. Second, although MK-2206 inhibits pan-AKT activity, a complete inhibition of AKT signaling might interfere with normal cellular functions in the RPE and other retinal cells. It will be crucial to achieve a balance where hyperactive AKT2 is specifically modulated without precipitating a global disruption of AKT-dependent survival pathways, which could potentially lead to adverse effects, including impaired cellular viability or unintended retinal toxicity (Song et al., 2019; Pal et al., 2010). Third, in oncology studies, a range of dose-limiting toxicities were reported, such as a dose-dependent skin rash and gastrointestinal disturbances; while these may be less critical in an ocular formulation, systemic exposure remains a concern when repurposing for a chronic, non-life-threatening condition like dry AMD (Coleman et al., 2021; Nitulescu et al., 2018). Furthermore, the existing clinical data on MK-2206 have focused on acute dosing regimens in cancer patients, and long-term safety data in the context of chronic administration for ocular indications are lacking. Finally, it is important to recognize that the majority of evidence linking hyperactive AKT2 and TFEB dysregulation to dry AMD originates from genetic and preclinical models, and the translation of these findings to human disease will require rigorous validation in relevant animal models and early-phase clinical trials (Buniello et al., 2025).\n\nVI. Detailed Discussion and Future Directions  \nThe rationale for targeting the AKT2/TFEB axis in dry AMD is rooted in a deeper understanding of the molecular pathology of the disease. In normal RPE cells, TFEB plays a central role in orchestrating the expression of lysosomal genes and maintaining autophagic flux—a process essential for clearing the daily photoreceptor outer segment shedding and other intracellular waste products. In dry AMD, chronic oxidative stress, compounded by genetic predispositions such as the CFH Y402H variant, results in hyperactivation of AKT2. This hyperactivation leads to aberrant phosphorylation of TFEB, effectively sequestering it in the cytosol and thereby impairing the transcriptional activation of the CLEAR network (Buniello et al., 2025). Such dysregulation results in a cascade of pathological events, including impaired lysosomal function, accumulation of lipofuscin and A2E, and ultimately RPE cell degeneration.\n\nMK-2206 is uniquely positioned to counteract this process because its primary mode of action is to inhibit the hyperactive kinase activity of the AKT isoforms, including AKT2, thereby reducing the inhibitory phosphorylation on TFEB. An effective restoration of TFEB nuclear translocation would, in theory, reinitiate the transcription of genes required for lysosomal biogenesis and autophagy. This molecular intervention has the potential to not only clear accumulated waste products but also to restore mitochondrial function in the RPE—an effect observed in preclinical studies involving other modulators of the AKT2 pathway in genetically modified mouse models and iPSC-derived RPE cells (Buniello et al., 2025).\n\nRecent computational insights into the binding dynamics of MK-2206 further bolster the candidate’s credibility. Molecular docking studies have pinpointed the specific interactions between MK-2206 and the ATP-noncompetitive binding site of AKT, describing how its interaction with critical residues reduces the phosphorylation of downstream targets (Rehan et al., 2014). Such studies provide not only confirmatory evidence for the mechanism of action but also suggest that further optimization or modification of the inhibitor could potentially enhance its selectivity for AKT2 versus other isoforms if needed—an area that would be particularly beneficial for minimizing side effects in the sensitive retinal environment.\n\nPreclinical efforts utilizing iPSC-derived RPE models are particularly informative because they closely mimic the cellular architecture and function of native RPE cells. In these models, pharmacological inhibition of AKT2 using MK-2206 is expected to reverse the phenotype associated with lysosomal dysfunction—namely, the accumulation of intracellular debris, reduced autophagic flux, and compromised mitochondrial activity. In studies that have investigated lysosomal clearance in the context of AMD, an intervention that restores TFEB nuclear localization has been associated with improvements in cell viability and an enhanced capacity to manage oxidative stress (Buniello et al., 2025). Moreover, if MK-2206 treatment results in measurable upregulation of CLEAR network genes, this molecular signature would serve as a robust biomarker for effective target engagement in the RPE.\n\nThe translational pathway for MK-2206 can leverage the extensive clinical data accrued in oncology. Phase I clinical trials in cancer patients have established a dosing regimen and safety profile that, while optimized for tumor suppression, may need to be re-evaluated in the context of ocular drug delivery. The repurposing strategy could involve localized drug delivery systems, such as intravitreal injections or sustained-release ocular implants, to achieve effective drug concentrations in the retina while minimizing systemic exposure and potential adverse effects. Alternatively, the oral bioavailability of MK-2206 is an advantage in that it offers a non-invasive route of administration, though achieving therapeutic concentrations in the eye via systemic administration will require careful pharmacokinetic studies to elucidate its ability to cross the blood-retina barrier (Coleman et al., 2021).\n\nOne critical parameter that remains to be fully addressed in the context of dry AMD is the selectivity of MK-2206 for AKT2. While many studies have characterized MK-2206 as a pan-AKT inhibitor, preclinical data suggest that its inhibition kinetics may favor certain isoforms under specific conditions (Sangai et al., 2012; Song et al., 2019). The hypothesis posits that selective inhibition of hyperactive AKT2 in the RPE is sufficient to restore TFEB function without completely abolishing all AKT signaling. This nuanced approach is essential because basal AKT activity is required for normal cell survival and metabolism. Future studies should therefore include detailed isoform-specific assays to ensure that the dosing of MK-2206 can be calibrated to achieve the desired reduction in AKT2 activity while preserving the necessary cellular functions mediated by other isoforms.\n\nIn addition to these mechanistic considerations, the broader context of dry AMD as a multifactorial disease cannot be overlooked. Dry AMD involves not only lysosomal dysfunction but also chronic inflammation, alterations in extracellular matrix remodeling, and changes in immune cell behavior in the retina. Therefore, while restoring lysosomal biogenesis and autophagic clearance via AKT2 inhibition is a compelling therapeutic strategy, it is likely to need integration with a broader treatment plan that addresses these additional pathogenic components. Combination therapy—where MK-2206 is used together with agents targeting oxidative stress or anti-inflammatory compounds—might yield synergistic benefits and should be a focus of subsequent preclinical investigation.\n\nVII. Conclusion  \nIn summary, the repurposing of MK-2206 for dry age-related macular degeneration is supported by a strong mechanistic rationale and an extensive body of preclinical and clinical evidence from oncology. Its well-validated mechanism as an allosteric pan-AKT inhibitor, combined with emerging data implicating hyperactive AKT2 in the lysosomal dysfunction observed in RPE cells, positions MK-2206 as a promising therapeutic candidate for dry AMD (Buniello et al., 2025). The expected benefits are manifold: by inhibiting AKT2, MK-2206 is anticipated to relieve the inhibitory phosphorylation of TFEB, enabling its nuclear translocation, which in turn should activate the CLEAR gene network responsible for maintaining lysosomal biogenesis and autophagic flux. These molecular events are expected to facilitate the clearance of toxic deposits such as lipofuscin and A2E, ultimately protecting the RPE from oxidative stress and drusen-associated damage.\n\nThe strengths of MK-2206 include its established clinical safety, oral bioavailability, and detailed pharmacodynamic profile obtained from oncology studies, which together streamline its potential repurposing process. However, several challenges remain, including the need to validate its ocular pharmacokinetics, ensure isoform selectivity in the complex retinal environment, and optimize dosing regimens to prevent potential adverse effects associated with global AKT inhibition. Moreover, long-term safety and efficacy studies in appropriate preclinical models of dry AMD are essential to bridge the gap between preclinical promise and clinical application.\n\nOverall, MK-2206 represents an attractive candidate for repurposing in dry AMD based on a robust molecular hypothesis, favorable pharmacological properties, and supportive preclinical data suggesting that modulation of the AKT2/TFEB axis can reverse key pathological features of the disease. Continued investigation, including targeted in vitro studies using iPSC-derived RPE cells and relevant animal models, is warranted to further define the therapeutic window and to establish whether the promising benefits observed in preclinical settings translate into meaningful clinical outcomes in patients with dry AMD (Buniello et al., 2025; Coleman et al., 2021; Rehan et al., 2014).\n\nThis comprehensive evaluation underscores the potential for MK-2206 to be repurposed as a novel therapeutic for dry AMD, addressing an unmet clinical need by directly targeting the lysosomal/autophagy defect at its molecular root. The combination of prior clinical validation in oncology, mechanistic clarity regarding TFEB-mediated lysosomal biogenesis, and the emerging role of AKT2 in the pathogenesis of dry AMD makes MK-2206 a promising candidate in the evolving landscape of AMD therapy. Further research is essential to determine its efficacy within the unique microenvironment of the retina and to optimize treatment parameters that maximize therapeutic benefits while minimizing adverse effects, thereby providing a strong foundation for subsequent clinical trials in patients with dry AMD (Buniello et al., 2025; Sangai et al., 2012).\n\nReferences  \nBuniello, A., et al. (2025). Open Targets Platform: facilitating therapeutic hypotheses building in drug discovery. Nucleic Acids Research.\n\nColeman, N., Moyers, J. T., Harbery, A., Vivanco, I., & Yap, T. A. (2021). Clinical development of Akt inhibitors and associated predictive biomarkers to guide patient treatment in cancer medicine. Pharmacogenomics and Personalized Medicine, 14, 1517–1535. https://doi.org/10.2147/pgpm.s305068\n\nMerck Sharp & Dohme LLC. (2008). Dose escalation study with MK-2206 in patients with locally advanced or metastatic solid tumors (MK-2206-002) [Clinical trial registration]. ClinicalTrials.gov. https://clinicaltrials.gov/ct2/show/NCT00670488\n\nNitulescu, G., Van De Venter, M., Nitulescu, G., Ungurianu, A., Juzenas, P., Peng, Q., Olaru, O., Grădinaru, D., Tsatsakis, A., Tsoukalas, D., Spandidos, D., & Margina, D. (2018). The Akt pathway in oncology therapy and beyond. International Journal of Oncology, 53, 2319–2331. https://doi.org/10.3892/ijo.2018.4597\n\nPal, S. K., Reckamp, K., Yu, H., & Figlin, R. A. (2010). Akt inhibitors in clinical development for the treatment of cancer. Expert Opinion on Investigational Drugs, 19, 1355–1366. https://doi.org/10.1517/13543784.2010.520701\n\nRehan, M., Beg, M. A., Parveen, S., Damanhouri, G. A., & Zaher, G. F. (2014). Computational insights into the inhibitory mechanism of human Akt1 by an orally active inhibitor, MK-2206. PLoS ONE, 9, e109705. https://doi.org/10.1371/journal.pone.0109705\n\nSangai, T., Akcakanat, A., Chen, H., Tarco, E., Wu, Y., Do, K.-A., Miller, T. W., Arteaga, C. L., Mills, G. B., Gonzalez-Angulo, A. M., & Meric-Bernstam, F. (2012). Biomarkers of response to Akt inhibitor MK-2206 in breast cancer. Clinical Cancer Research, 18, 5816–5828. https://doi.org/10.1158/1078-0432.CCR-12-1141\n\nSong, M., Bode, A. M., Dong, Z., & Lee, M.-H. (2019). Akt as a therapeutic target for cancer. Cancer Research, 79(6), 1019–1031. https://doi.org/10.1158/0008-5472.CAN-18-2738\n\nFull trajectory link: https://platform.futurehouse.org/trajectories/\n', 'index': '0'}","{'hypothesis': 'Tubastatin A (Sigma-Aldrich catalog #SML0044), a selective HDAC6 inhibitor.', 'answer': ""Proposal for Tubastatin A (Sigma-Aldrich catalog #SML0044), a selective HDAC6 inhibitor.\n\nOverview of Therapeutic Candidate: Tubastatin A is a fully synthetic, selective inhibitor of histone deacetylase 6 (HDAC6) that belongs to the hydroxamate-based class of HDAC inhibitors and is also classified among diarylamine-based derivatives. Originally inspired by the structure of tubacin, Tubastatin A was conceived through rational, structure-based drug design employing modern medicinal chemistry approaches that take advantage of the unique dimensions and catalytic zinc‐dependent active site of HDAC6 (Simões-Pires, Bertrand, & Cuendet, 2017; Wang, Wan, & Liu, 2018). Its chemical synthesis is characterized by straightforward methodologies involving less than five linear steps, which not only streamlines the production process but also facilitates the rapid derivation of analog series for further preclinical development (Simões-Pires, Bertrand, & Cuendet, 2017; Batchu, Brijmohan, & Advani, 2016). In addition to the common hydroxamate zinc-binding motif, structural modifications such as the incorporation of a rigid, selectively tuned carbazole cap have contributed to Tubastatin A’s high selectivity for HDAC6 over other isoforms (Butler et al., 2010; Shen & Kozikowski, 2020a). As a member of a growing portfolio of HDAC6 inhibitors that originated from oncology and neurodegenerative research, Tubastatin A offers a well-documented chemical scaffold that has been optimized for both potency—with an IC₅₀ of approximately 15 nM—and favorable pharmacological properties including significant selectivity and in vivo tolerability (Wang, Wan, & Liu, 2018; Butler et al., 2010). Its synthetic origin and evolution from earlier molecules exemplify current trends in epigenetic drug discovery, where the focus is on generating compounds with high specificity toward individual HDAC family members to mitigate off-target effects while maintaining anticancer or neuroprotective efficacy (Batchu, Brijmohan, & Advani, 2016; Cosenza & Pozzi, 2018).\n\nTherapeutic History: Tubastatin A has been extensively evaluated in preclinical studies within oncology and neurodegenerative disease frameworks, where HDAC6 has been implicated as a pivotal regulatory enzyme in both cancer cell survival and neuronal homeostasis (Simões-Pires, Bertrand, & Cuendet, 2017; Kalin & Bergman, 2013). In cancer research, Tubastatin A and its diarylamine- and hydroxamate-based analogs have been leveraged for their ability to selectively inhibit HDAC6-mediated deacetylation, thereby restoring acetylation of α-tubulin and counteracting aberrant cellular processes that are characteristic of malignant transformation. For instance, studies in multiple myeloma models have shown that selective inhibition of HDAC6 can create a therapeutic window that minimizes the collateral effects frequently observed with broad-spectrum HDAC inhibitors (Simões-Pires, Bertrand, & Cuendet, 2017). Parallel to its oncology applications, Tubastatin A has been assessed in a number of neuroprotective paradigms, where its action in increasing tubulin acetylation has been linked to the restoration of axonal transport mechanisms, mitochondrial dynamics, and overall neuronal integrity (Wang, Wan, & Liu, 2018; Butler et al., 2010). In rodent models of tauopathy and other neurodegenerative conditions, inhibition of HDAC6 with Tubastatin A has resulted in improvements in behavioral outcomes and the reduction of toxic protein aggregates, thereby lending credence to its molecular mechanism of action and efficacy in improving cellular autophagy (Kalin & Bergman, 2013; Selenica et al., 2014). Despite these promising preclinical results, there is as yet limited direct evidence of Tubastatin A being applied in models of dry age-related macular degeneration (AMD) or in vivo studies specifically addressing retinal pigment epithelium (RPE) cell dysfunction; however, several reports have highlighted the potential of HDAC6 inhibitors to modulate cellular processes, such as autophagosome–lysosome trafficking, that are directly relevant to the pathophysiology of dry AMD (Kalin & Bergman, 2013; Buniello et al., 2025). Moreover, the favorable ADME profiles and established tolerability demonstrated by Tubastatin A in central nervous system (CNS) models suggest that repurposing this drug for ocular applications, while innovative, would build on a robust preclinical framework documented in other therapeutic areas (Shen et al., 2020b; Cosenza & Pozzi, 2018). Thus, from a therapeutic history perspective, Tubastatin A’s well-characterized profile in non-ocular systems and its mechanistic implications on autophagy present a compelling rationale for its evaluation as a candidate for dry AMD, while also noting that direct studies in retinal models remain a gap to be addressed in future investigations (Kalin & Bergman, 2013; Selenica et al., 2014).\n\nMechanism of Action: At the molecular level, Tubastatin A exerts its pharmacological effects by selectively inhibiting HDAC6, a cytoplasmic enzyme that is uniquely involved in the deacetylation of non-histone proteins. The principal substrate of HDAC6 is α-tubulin, a major component of the microtubule network, whose acetylation status is critical for maintaining microtubule stability and facilitating intracellular transport events (Wang, Wan, & Liu, 2018; Butler et al., 2010). By binding to the active site of HDAC6 through its hydroxamate zinc-binding group, Tubastatin A chelates the catalytic zinc ion and thereby blocks the deacetylation reaction, leading to an accumulation of acetylated α-tubulin (Butler et al., 2010; Shen & Kozikowski, 2020a). This increase in tubulin acetylation enhances the binding affinity of motor proteins—such as dynein—which are essential for driving the microtubule-dependent movement of vesicles and organelles (Shen & Kozikowski, 2020a; Shen et al., 2020b). In particular, the microtubule network plays a critical role in the movement of autophagosomes towards lysosomes, a process that is necessary for the maturation of autophagic vesicles and the subsequent degradation of cellular waste such as misfolded proteins and toxic lipid aggregates (Curcio et al., 2024; Shen & Kozikowski, 2020a). In neurodegenerative models, enhanced acetylation of microtubules by Tubastatin A has been shown to restore axonal transport as well as improve the clearance of abnormal tau proteins, thereby mitigating neurotoxicity (Kalin & Bergman, 2013; Selenica et al., 2014). This mechanism is of particular interest with respect to retinal pigment epithelium function in dry AMD because RPE cells are known to accumulate lipofuscin and A2E as a result of impaired autophagic flux under oxidative stress conditions (Kalin & Bergman, 2013; Buniello et al., 2025). The working hypothesis posits that HDAC6-mediated deacetylation of α-tubulin and autophagy-related proteins hampers the effective transport and fusion of autophagosomes with lysosomes; thus, by inhibiting HDAC6 with Tubastatin A, one can restore the acetylation status of these key proteins, enhance the motility of autophagosomes via improved dynein engagement, and ultimately promote the degradation of accumulated toxic substances (Shen & Kozikowski, 2020a; Olaoye et al., 2021). Furthermore, by selectively targeting HDAC6 without broadly inhibiting other histone deacetylases, Tubastatin A limits potential off-target effects that have historically been associated with non-selective HDAC inhibitors, thereby improving its safety margin and therapeutic index (Wang, Wan, & Liu, 2018; Butler et al., 2010). These molecular interactions collectively provide a plausible biochemical explanation for the observed neuroprotective and autophagy-enhancing effects of Tubastatin A in preclinical studies (Shen & Kozikowski, 2020a; Selenica et al., 2014).\n\nExpected Effect: In the context of the proposed in vitro assays using induced pluripotent stem cell (iPSC)-derived retinal pigment epithelium (RPE) cells, it is expected that treatment with Tubastatin A will lead to a measurable increase in the acetylation of α-tubulin and autophagy-related proteins such as LC3. This pharmacodynamic response is anticipated to facilitate improved recruitment and binding of the dynein motor complex to microtubules, thereby enhancing autophagosome transport toward lysosomes (Wang, Wan, & Liu, 2018; Kalin & Bergman, 2013). Under conditions of oxidative stress—a known contributory factor in dry AMD pathogenesis—RPE cells typically exhibit impaired autophagic flux, leading to the accumulation of lipofuscin and A2E, which are cytotoxic by-products of incomplete degradation pathways (Kalin & Bergman, 2013; Buniello et al., 2025). The hypothesis guiding the proposed studies is that by inhibiting HDAC6, Tubastatin A will “rescue” the autophagic pathway; increased microtubule acetylation is expected to enhance the velocity and efficiency of autophagosomal movement across the cytoskeletal network, promoting more efficient fusion with lysosomes and subsequent degradation of cellular debris (Shen & Kozikowski, 2020a). This effect can be quantitatively assessed by monitoring changes in LC3-II levels, the clearance of accumulated lipofuscin and A2E, and overall improvements in RPE cell viability and function in stressed cultures (Olaoye et al., 2021; Curcio et al., 2024). Moreover, given that HDAC6 is expressed in RPE cells, as evidenced by reports linking HDAC6 activity to both neural and epithelial pathologies, a targeted inhibition is hypothesized to directly ameliorate the intracellular trafficking bottlenecks that lead to the pathogenic buildup of waste products (Kalin & Bergman, 2013; Shen et al., 2020b). The expected cellular outcomes include restoration of autophagic flux, increased clearance of detrimental aggregates, reduction in oxidative stress markers, and the preservation or improvement of RPE cellular integrity, all of which are critical for maintaining retinal homeostasis and mitigating progression in dry AMD (Buniello et al., 2025; Shen & Kozikowski, 2020a). The compound’s documented in vivo tolerability and CNS penetration further support the notion that Tubastatin A, if capable of traversing ocular barriers, may exert similar beneficial effects within the retinal microenvironment (Wang, Wan, & Liu, 2018; Cosenza & Pozzi, 2018).\n\nOverall Evaluation: In summary, Tubastatin A emerges as a promising repurposed therapeutic candidate for dry age-related macular degeneration based on its well-established activity as a selective HDAC6 inhibitor, its robust synthetic accessibility, and its capacity to modulate autophagy-related processes. Strengths of Tubastatin A include its high potency (nanomolar IC₅₀), remarkable selectivity against other HDAC isoforms—which minimizes adverse off-target effects—and its documented ability to enhance acetylation of α-tubulin, thereby restoring microtubule stability and facilitating the transport of autophagic vesicles (Wang, Wan, & Liu, 2018; Butler et al., 2010). Its proven efficacy in models of neurodegeneration—in which similar cellular impairments of autophagosome trafficking and protein clearance are observed—adds further weight to the rationale for its application in RPE dysfunction associated with dry AMD (Kalin & Bergman, 2013; Selenica et al., 2014). The mechanistic hypothesis that HDAC6 inhibition can restore autophagosome–lysosome fusion and thereby accelerate the clearance of lipofuscin and A2E under oxidative conditions is supported by analogous findings in neuronal systems and emerging evidence from cellular assays (Kalin & Bergman, 2013; Shen & Kozikowski, 2020a). Additionally, Tubastatin A’s synthetic route, which permits rapid analog generation, its favorable ADME profiles, and the availability of preclinical safety data contribute significantly to its feasibility as a candidate for repurposing in ophthalmic applications (Shen & Kozikowski, 2020a; Cosenza & Pozzi, 2018).\n\nNevertheless, there remain some concerns and challenges that warrant attention. One of the primary weaknesses lies in the current paucity of direct evidence supporting Tubastatin A’s efficacy in ocular models or its ability to effectively penetrate the blood–retina barrier (Buniello et al., 2025; Kalin & Bergman, 2013). Furthermore, while the mechanistic data from neurodegenerative and oncological studies are compelling, translating these effects to the context of dry AMD will require careful verification in retinal-specific in vitro and in vivo systems. There is also the potential for unforeseen off-target effects in the unique microenvironment of the retina, where chronic oxidative stress and inflammatory cues may alter drug distribution or action (Shen & Kozikowski, 2020a). Additionally, although Tubastatin A’s selectivity minimizes inhibition of other HDAC isoforms, the role of non-HDAC6 deacetylation in maintaining retinal homeostasis is not fully elucidated; thus, comprehensive studies are needed to ensure that selective HDAC6 inhibition does not inadvertently disrupt other critical regulatory pathways within the RPE (Selenica et al., 2014; Butler et al., 2010).\n\nIn conclusion, Tubastatin A’s established profile as a potent, selective HDAC6 inhibitor—with its inherent ability to boost α-tubulin acetylation and thereby enhance autophagic trafficking—provides a strong scientific rationale for its further evaluation as a therapeutic candidate for dry AMD. The candidate’s chemical and pharmacological attributes, which have been validated in parts through oncology and neurodegenerative research, align well with the proposed mechanism of action whereby impaired autophagosome–lysosome fusion contributes to RPE dysfunction in dry AMD. While pre-existing data primarily focus on its anti-tumor and neuroprotective roles, the mechanistic similarities shared between neuronal autophagic deficits and RPE deficits under oxidative stress conditions support the hypothesis that Tubastatin A may improve autophagic clearance of lipofuscin and A2E, thereby preserving RPE integrity (Kalin & Bergman, 2013; Buniello et al., 2025; Shen & Kozikowski, 2020a).\n\nMoving forward, it will be critical to design rigorous preclinical studies using iPSC-derived RPE cells and appropriate animal models to evaluate the pharmacokinetics, ocular bioavailability, and long-term safety of Tubastatin A in the retinal setting. Such studies should incorporate detailed analyses of autophagy markers, lysosomal function, and the clearance kinetics of toxic aggregates under oxidative conditions. Additionally, investigations addressing potential off-target impacts and the capacity of Tubastatin A to penetrate ocular barriers will be essential to fully validate its repurposing for dry AMD. On balance, despite the current gaps in direct evidence for ocular applications, the strengths—including its targeted mechanism, robust safety profile in non-ocular systems, and ease of synthesis—position Tubastatin A as an attractive candidate for repurposing. It represents a scientifically sound and strategically promising approach to address the autophagic dysfunction underlying dry AMD, thereby meriting further investigation as part of an innovative therapeutic strategy (Wang, Wan, & Liu, 2018; Butler et al., 2010; Shen & Kozikowski, 2020a; Shen et al., 2020b).\n\nReferences\n\nBatchu, S. N., Brijmohan, A. S., & Advani, A. (2016). The therapeutic hope for HDAC6 inhibitors in malignancy and chronic disease. Clinical Science, 130(12), 987–1003. https://doi.org/10.1042/cs20160084\n\nBuniello, A., et al. (2025). Open Targets Platform: Facilitating therapeutic hypotheses building in drug discovery. Nucleic Acids Research\n\nButler, K. V., Kalin, J., Brochier, C., Vistoli, G., Langley, B., & Kozikowski, A. P. (2010). Rational design and simple chemistry yield a superior, neuroprotective HDAC6 inhibitor, tubastatin A. Journal of the American Chemical Society, 132(31), 10842–10846. https://doi.org/10.1021/ja102758v\n\nCosenza, M., & Pozzi, S. (2018). The therapeutic strategy of HDAC6 inhibitors in lymphoproliferative disease. International Journal of Molecular Sciences, 19(8), 2337. https://doi.org/10.3390/ijms19082337\n\nCurcio, A., Rocca, R., Alcaro, S., & Artese, A. (2024). The histone deacetylase family: structural features and application of combined computational methods. Pharmaceuticals, 17(5), 620. https://doi.org/10.3390/ph17050620\n\nKalin, J. H., & Bergman, J. A. (2013). Development and therapeutic implications of selective histone deacetylase 6 inhibitors. Journal of Medicinal Chemistry, 56(16), 6297–6313. https://doi.org/10.1021/jm4001659\n\nOlaoye, O. O., Watson, P. R., Nawar, N., Geletu, M., Sedighi, A., Bukhari, S., Raouf, Y. S., Manaswiyoungkul, P., Erdogan, F., Abdeldayem, A., Cabral, A. D., Hassan, M. M., Toutah, K., Shouksmith, A. E., Gawel, J. M., Israelian, J., Radu, T. B., Kachhiyapatel, N., … Gunning, P. T. (2021). Unique molecular interaction with the histone deacetylase 6 catalytic tunnel: crystallographic and biological characterization of a model chemotype. Journal of Medicinal Chemistry, 64, 2691–2704. https://doi.org/10.1021/acs.jmedchem.0c01922\n\nSelenica, M.-L., Benner, L., Housley, S. B., Manchec, B., Lee, D. C., Nash, K. R., Kalin, J., Bergman, J. A., Kozikowski, A., Gordon, M. N., & Morgan, D. (2014). Histone deacetylase 6 inhibition improves memory and reduces total tau levels in a mouse model of tau deposition. Alzheimer's Research & Therapy, 6, 12. https://doi.org/10.1186/alzrt241\n\nShen, S., & Kozikowski, A. P. (2020a). A patent review of histone deacetylase 6 inhibitors in neurodegenerative diseases (2014–2019). Expert Opinion on Therapeutic Patents, 30, 121–136. https://doi.org/10.1080/13543776.2019.1708901\n\nShen, S., Svoboda, M., Zhang, G., Cavasin, M. A., Motlova, L., McKinsey, T. A., Eubanks, J. H., Bařinka, C., & Kozikowski, A. P. (2020b). Structural and in vivo characterization of tubastatin A, a widely used histone deacetylase 6 inhibitor. ACS Medicinal Chemistry Letters, 11(5), 706–712. https://doi.org/10.1021/acsmedchemlett.9b00560\n\nSimões-Pires, C. A., Bertrand, P., & Cuendet, M. (2017). Novel histone deacetylase 6 (HDAC6) selective inhibitors: A patent evaluation (WO2014181137). Expert Opinion on Therapeutic Patents, 27, 229–236. https://doi.org/10.1080/13543776.2017.1282945\n\nWang, X.-X., Wan, R.-Z., & Liu, Z.-P. (2018). Recent advances in the discovery of potent and selective HDAC6 inhibitors. European Journal of Medicinal Chemistry, 143, 1406–1418. https://doi.org/10.1016/j.ejmech.2017.10.040\n\nFull trajectory link: https://platform.futurehouse.org/trajectories/\n"", 'index': '2'}"
