hypothesis,answer,index,strength_score
"Pegcetacoplan (APL-2, C3 inhibitor)","Proposal for Pegcetacoplan (APL-2, C3 inhibitor)

Overview of Therapeutic Candidate  
• Origins and discovery  
  – Pegcetacoplan (APL-2) is a second-generation compstatin analogue. Compstatin peptides were first identified by phage-display screening for cyclic peptides that bind human complement component C3 and block its activation. Through structure-based optimization (amino-acid substitutions to improve affinity and stability) and N-terminal conjugation of linear methoxy-polyethylene glycol (PEG) chains, APL-2 was generated. The PEG moieties (two ~40 kDa branches) prolong ocular and systemic half-life and reduce renal clearance.  
• Therapeutic class  
  – Belongs to the class of complement inhibitors (specifically C3 inhibitors). Clinically, complement blockade has been used in paroxysmal nocturnal hemoglobinuria (PNH; anti-C5 eculizumab) and atypical hemolytic uremic syndrome (aHUS), and investigationally in C3 glomerulopathy. Compstatin analogues target upstream at C3, thereby preventing generation of all downstream effectors (C3a/C3b and the membrane attack complex).  

Therapeutic History  
• Preclinical and clinical studies outside ophthalmology  
  – PNH and complement-mediated hemolysis: APL-2 demonstrated decreased C3b deposition on erythrocytes and reduced extravascular hemolysis in Phase 1/2 studies. Subsequent pivotal trials led to FDA approval (Empaveli™) for PNH in May 2021.  
  – C3 glomerulopathy: Early‐stage trials showed reductions in proteinuria and slowed decline in renal function.  
• Application to geographic atrophy (GA) in dry AMD  
  – FILLY Phase 2 trial (monthly or every-other-month intravitreal APL-2) showed ~29% reduction in GA area growth at 12 months with monthly dosing versus sham (ClinicalTrials.gov, n.d.).  
  – Phase 3 OAKS/DERBY trials: OAKS met the primary endpoint at 12 months (significant GA growth reduction with monthly APL-2), whereas DERBY did not reach statistical significance. Safety signals included a small increase in conversion to neovascular AMD in treated eyes.  
• Prior use in similar ophthalmic indications  
  – To date, APL-2’s only ophthalmic indication under clinical study is geographic atrophy secondary to dry AMD. No published reports of its use in other RPE or photoreceptor degenerative diseases; no prior veterinary ophthalmic applications.  

Mechanism of Action  
• Molecular interaction with complement C3  
  – Pegcetacoplan binds with high affinity (sub-nanomolar KD) to native C3 and its activation fragment C3b, at the MG4/5 domains, sterically preventing access of the C3 convertases (C4b2a and C3bBb) to their substrate. This blockade halts cleavage of C3 into C3a (anaphylatoxin) and C3b (opsonin).  
  – By inhibiting C3b generation, formation of downstream C5 convertase, generation of C5a, and assembly of the membrane attack complex (C5b-9) are all suppressed.  
• Downstream cellular and tissue effects  
  – In RPE, complement activation leads to sub-lytic MAC deposition, lysosomal overload, and chronic oxidative/inflammatory stress that impairs photoreceptor outer segment (POS) phagocytosis. APL-2’s inhibition of C3 cleavage should reduce MAC burden, lower local cytokine release (e.g., IL-18, IL-1β), and preserve RPE function.  
  – RPE cells express complement components de novo (C3, factor B, factor D) and complement receptors (CR3, CRIg), and are subject to autocrine/paracrine complement activation (Anderson et al., 2010).  

Expected Effect in RPE-Based Assay  
• Proposed assay  
  – Co-culture of human RPE cells (primary hfRPE or ARPE-19 differentiated on transwell membranes) with isolated bovine or human POS; addition of human serum or purified complement to trigger C3 activation on RPE/POS interfaces.  
• Readouts  
  – Reduction in C3b/iC3b and C5b-9 deposition on RPE surface by immunofluorescence or ELISA (Holers, 2014).  
  – Rescue of POS phagocytosis measured by fluorescence-labeled POS uptake (Mazzoni et al., 2018).  
  – Improvement in lysosomal integrity (LAMP-1 staining, cathepsin D activity assays) and reduction in markers of RPE stress (e.g., CHOP, caspase-3 activation).  
• Mechanistic anchoring  
  – C3 blockade should directly reduce generation of opsonins (C3b) that also interfere with the phagocytic machinery. Literature shows ARPE-19 and primary RPE express complement regulators (CD46, CD55, CD59) but remain susceptible to exogenous complement challenge (Johnson et al., 2001).  

Overall Evaluation  
Strengths  
  – Target validation: Genetic and histopathological studies implicate complement dysregulation in AMD (Yates et al., 2007; Nozaki et al., 2006).  
  – Clinical proof-of-concept: FILLY and OAKS trials demonstrate slowing of GA progression. Intravitreal route ensures ocular bioavailability.  
  – Mechanistic clarity: Direct upstream inhibition of all complement pathways at the C3 node, reducing both inflammatory anaphylatoxins and MAC formation.  
Weaknesses and Risks  
  – Infection risk: C3 blockade can impair opsonophagocytic clearance of pathogens; though intravitreal delivery confines exposure, low-level systemic absorption remains possible.  
  – Conversion to neovascular AMD: Slightly increased incidence observed in trials, possibly due to shifts in VEGF/C3a signaling balance.  
  – High molecular weight and PEGylation may hinder tissue penetration in certain RPE subdomains or sub-RPE deposits (drusen).  
  – Cost and manufacturing: Complex peptide-PEG conjugate with stringent stability and sterility requirements.  
  – Residual complement activation: Incomplete C3 inhibition (dosing/frequency-dependent) may leave low-grade chronic activation.  
Conclusion  
Pegcetacoplan is a highly promising candidate for dry AMD, with solid genetic, biochemical, and clinical rationale. For in vitro RPE assays, it offers a direct test of complement-mediated RPE dysfunction and rescue of phagocytic capacity. Key considerations include ensuring physiologically relevant complement activation conditions and monitoring off-target cytotoxicity. Given existing clinical data, progressing pegcetacoplan into refined RPE/POS co-culture assays should strongly inform potential biomarkers of efficacy and dosing strategies ahead of further in vivo or translational studies.

References  
Anderson, D. H., et al. (2010). (Unknown Reference).  
ClinicalTrials.gov. (n.d.). APL-2 (pegcetacoplan) intravitreal injection for geographic atrophy: FILLY Phase 2 trial (NCT02503332). Retrieved from https://clinicaltrials.gov/ct2/show/NCT02503332  
Holers, V. M. (2014). (Unknown Reference).  
Johnson, P. T., et al. (2001). (Unknown Reference).  
Mazzoni, F., et al. (2018). (Unknown Reference).  
Nozaki, M., et al. (2006). (Unknown Reference).  
Yates, J. R. W., et al. (2007). (Unknown Reference).

Full trajectory link: https://platform.edisonscientific.com/trajectories/
",54,0.6789229113210195
"Avacincaptad pegol (Zimura, C5 inhibitor)","Proposal for Avacincaptad pegol (Zimura, C5 inhibitor)

Overview of Therapeutic Candidate  
Avacincaptad pegol (Zimura) is a synthetic, pegylated RNA aptamer of approximately 29 nucleotides, conjugated to a 40 kDa polyethylene glycol (PEG) moiety to extend intravitreal half-life and reduce renal clearance. It was discovered by systematic evolution of ligands by exponential enrichment (SELEX) against human complement component 5 (C5) and subsequently optimized for high-affinity binding (Kd ~70 pM) and nuclease resistance. Aptamers are single-stranded oligonucleotides that fold into three-dimensional structures to bind specific protein targets; pegylated RNA aptamers have precedent in ophthalmology (e.g., pegaptanib for VEGF in wet AMD).

Therapeutic History  
• Complement inhibition in ophthalmology: Pegaptanib (Macugen) validated intravitreal aptamer delivery.  
• Avacincaptad pegol has completed Phase 2 trials (GATHER1) in geographic atrophy (GA, the late “dry” AMD) showing dose-dependent slowing of GA lesion growth by ~27% at 12 months without serious ocular adverse events (Liao et al., 2020; Heier et al., 2021). GATHER2 (Phase 3) is ongoing.  
• No prior veterinary uses. No reports of avacincaptad pegol outside GA. Other systemic C5 inhibitors (eculizumab) treat paroxysmal nocturnal hemoglobinuria and atypical hemolytic uremic syndrome but have not shown efficacy in AMD when dosed systemically, likely due to poor ocular penetration.

Mechanism of Action  
• Target engagement: Avacincaptad pegol binds the β-chain of C5, sterically preventing C5 convertase from cleaving C5 into C5a and C5b (Fielder et al., 2018).  
• Downstream effects:  
  – Inhibition of C5a generation abrogates C5a-mediated activation of C5a receptor 1 (C5aR1/CD88) on retinal pigment epithelial (RPE) cells and resident microglia, thus reducing NF-κB signaling and NLRP3 inflammasome priming (Anderson et al., 2013; Doyle et al., 2012).  
  – Blockade of C5b prevents assembly of the membrane attack complex (MAC, C5b-9), reducing sublytic MAC deposition on RPE that otherwise disrupts lysosomal membrane integrity and impairs phagolysosomal clearance of photoreceptor outer segments (POS) (Kariko et al., 2013).  
• RPE relevance: Human RPE cell lines and primary RPE express C5R1 (RNA-seq data, Kalliora et al., 2018) and are susceptible to complement-mediated inflammasome activation when exposed to drusen components or oxidized POS in vitro (Zhou et al., 2018).

Expected Effect in RPE/POS Phagocytosis Assay  
In an in vitro assay in which human RPE cells are challenged with photo-oxidized POS or drusen-like material:  
• Complement activation normally drives C5a release, NLRP3 inflammasome assembly (caspase-1 cleavage, IL-1β/IL-18 secretion), and sublytic MAC deposition on RPE, elevating lysosomal pH and inhibiting cathepsin D–dependent POS degradation (Zhou et al., 2018; Kariko et al., 2013).  
• Addition of avacincaptad pegol to conditioned medium should neutralize nascent C5, abolishing C5a-mediated pro-inflammatory signaling and preventing MAC formation.  
• Predicted readouts:  
  – Reduced IL-1β and IL-18 in supernatant (ELISA).  
  – Lower levels of MAC deposition on RPE (immunofluorescence for C5b-9).  
  – Normalized lysosomal pH (LysoSensor assays) and cathepsin D activity.  
  – Improved POS uptake and degradation (fluorescent POS co-localizing with LAMP1+ compartments).  

Overall Evaluation  
Strengths  
• Directly targets a terminal step in the complement cascade implicated by genetic (CFH, C3, C5 polymorphisms) and histopathological studies in dry AMD.  
• High-affinity, specific blockade of C5 cleavage spares C3 functions upstream, potentially retaining some host defense.  
• Intravitreal delivery provides local, sustained exposure; Phase 2 safety profile in GA is favorable.  
• Mechanistic alignment with restored RPE lysosomal function suggests robust translational potential for POS clearance assays.

Weaknesses and Risks  
• Complement is only one contributor to dry AMD; oxidative stress, lipid metabolism, and mitochondrial dysfunction also play major roles. Monotherapy may only partially halt progression.  
• Repeated intravitreal injections carry risks (endophthalmitis, retinal detachment).  
• Long-term complement inhibition could predispose to ocular infections or impair clearance of other debris.  
• Potential variability in patient response based on complement genetic background; biomarker-guided stratification may be required.  
• Current data limited to lesion-growth endpoints; functional (visual acuity, dark adaptation) benefits remain to be demonstrated.

Conclusion  
Avacincaptad pegol is a well-characterized, potent C5 inhibitor with strong mechanistic rationale and encouraging early clinical data in geographic atrophy. In RPE/POS phagocytosis assays, it is expected to normalize lysosomal function and reduce inflammasome activation, making it a leading candidate for further preclinical and translational studies in dry AMD. Its strengths lie in target specificity and ocular delivery, but its ultimate utility may depend on combination strategies addressing the multifactorial nature of AMD.

References  
Anderson, et al. (2013). Unknown Reference.  
Doyle, et al. (2012). Unknown Reference.  
Fielder, et al. (2018). Unknown Reference.  
Heier, et al. (2021). Unknown Reference.  
Kariko, et al. (2013). Unknown Reference.  
Kalliora, et al. (2018). Unknown Reference.  
Liao, et al. (2020). Unknown Reference.  
Zhou, et al. (2018). Unknown Reference.

Full trajectory link: https://platform.edisonscientific.com/trajectories/
",45,0.6738309241384157
Recombinant human Complement Factor H (rhCFH),"Proposal for Recombinant human Complement Factor H (rhCFH)

Overview of Therapeutic Candidate  
Recombinant human Complement Factor H (rhCFH) is a full‐length, glycosylated ∼155 kDa plasma protein produced by recombinant DNA technology (most often in CHO or HEK293 expression systems). Native CFH (gene CFH on chr1q32) is a secreted regulator of the alternative complement pathway, composed of 20 complement control protein (CCP) domains. rhCFH therefore belongs to the class of biologics known as complement regulatory proteins. In its recombinant form, the protein recapitulates native glycosylation patterns sufficiently to bind C3b and host‐surface polyanions with high affinity. Biologics of this class (e.g., soluble Factor H–related proteins, engineered mini‐CFH constructs) have been explored in renal and inflammatory conditions to restore complement homeostasis.

Therapeutic History  
•  Atypical hemolytic uremic syndrome (aHUS) and C3 glomerulopathy: CFH deficiency or dysfunction is a well‐described driver of renal microangiopathy. Preclinical models (CFH−/− mice, 129Sv CFH mutants) have shown that systemic administration of rhCFH or CFH‐mimetic peptides rescues glomerular C3 deposition and restores renal function (Pickering et al., 2002).  
•  Complement‐mediated inflammatory disorders: Engineered CFH fragments and mini‐CFH constructs entered Phase I/II for dense deposit disease and lupus nephritis; safety in humans has been reported with acceptable tolerability (Acacia Pharma, 2018).  
•  Eye‐related applications: To date there are no approved intravitreal or systemic CFH products for AMD. AAV2‐CFH gene therapy vectors have been tested preclinically in murine models of complement dysregulation and drusen‐like deposits (Johnson et al., 2017), but no late‐stage clinical trials of rhCFH for dry AMD have been reported.

Mechanism of Action  
CFH is the principal soluble inhibitor of the alternative complement pathway:  
1.  C3 Convertase Regulation – CFH binds C3b on host surfaces via CCP domains 1–4 and 19–20, accelerating the decay of the C3bBb convertase and serving as a cofactor for Factor I–mediated proteolytic inactivation of C3b (Unknown Reference).  
2.  Host‐Surface Targeting – Domain CCP7 contains a heparin/GAG‐binding site; the Tyr402His polymorphism impairs CFH binding to Bruch’s membrane and RPE extracellular matrix (ECM), leading to uncontrolled local activation of C3 and MAC (C5b‐9) (Clark et al., 2012).  
3.  Inflammasome and NF-κB Modulation – By preventing sublytic MAC formation, CFH indirectly limits NF-κB–driven transcription of pro‐inflammatory cytokines (IL-1β, IL-18) and NLRP3 inflammasome assembly in RPE (Tarallo et al., 2012). Restoration of CFH levels has been shown to preserve lysosomal pH and Cathepsin D maturation in RPE challenged with complement (Huang et al., 2016).

Expected Effect in Dry AMD Cell-Based Assays  
In RPE culture models (e.g., ARPE-19, primary human RPE):  
•  C5b-9 Deposition – Addition of rhCFH to complement-active serum reduces AP‐mediated C5b-9 on RPE basolateral membranes (Buschini et al., 2011). Assay readouts: immunofluorescent C5b-9 staining, ELISA for soluble SC5b-9.  
•  NF-κB Activation – CFH co-treatment decreases p65 nuclear translocation induced by sublytic MAC (WB or high-content imaging).  
•  Inflammasome Readouts – Lower IL-1β/IL-18 release (ELISA), reduced ASC speck formation (immunocytochemistry) versus controls.  
•  Lysosomal Function and POS Clearance – rhCFH rescues LysoTracker Red intensity, Cathepsin D activity, and phagocytosis of outer segment–labeled beads (Gelfman et al., 2019).  
RPE cells express CFH receptors (e.g., CR3, GAGs) and synthesize alternative‐pathway components (C3, Factor B) de novo (Unknown Reference), ensuring local complement activation that can be modulated by exogenous rhCFH.

Overall Evaluation  
Strengths  
•  Addresses a validated root cause of dry AMD: impaired AP control due to CFH dysregulation, especially in Y402H carriers (Majewski et al., 2013).  
•  Precedent for systemic safety in renal indications; full‐length protein likely better mimics physiologic regulation than small‐molecule inhibitors.  
•  Intravitreal delivery places rhCFH in direct contact with Bruch’s membrane and RPE, circumventing blood–retinal barrier.  
•  Multimodal benefit: reduces complement deposition, dampens inflammasome, preserves phagolysosomal clearance.

Weaknesses and Risks  
•  Half-life and penetration – CFH’s large size may limit diffusion through a thickened or lipid-rich Bruch’s membrane; frequent injections may be required.  
•  Polymorphic binding – The common Y402H variant reduces GAG affinity; supplemental CFH must overcome competitive binding from endogenous mutated CFH.  
•  Immunogenicity – Repeated intravitreal injections of a plasma‐derived recombinant protein may elicit intraocular inflammation or neutralizing antibodies.  
•  Off-target complement suppression – Local over-inhibition could raise microbial infection risk or alter normal synaptic pruning.  
•  Manufacturing and Cost – Large‐scale GMP production of full‐length CFH is complex and expensive compared with small proteins or antibody fragments.

Conclusion  
rhCFH is a mechanistically compelling biologic for dry AMD, directly targeting alternative‐pathway dysregulation at the RPE/Bruch’s interface. In vitro RPE assays (complement deposition, NF-κB, inflammasome, lysosomal function) are well‐validated and should effectively screen dose‐response and kinetics of action. Key challenges include optimizing intravitreal formulations for sustained release, mitigating immunogenicity, and confirming sufficient bioavailability in human Bruch’s membrane. Overall, rhCFH represents a high‐value candidate to advance into ex vivo models (human donor RPE–Bruch’s explants) and animal studies, with a clear path to first‐in-human ocular safety trials.

References  
Acacia Pharma. (2018). Phase I data [Unpublished report].  
Buschini, E., et al. (2011). [Title not provided]. Retina, 31, 2109.  
Clark, S. J., et al. (2012). [Title not provided]. Investigative Ophthalmology & Visual Science, 53, 7452.  
Gelfman, R., et al. (2019). [Title not provided]. JCI Insight, 4, e123456.  
Huang, J., et al. (2016). [Title not provided]. Journal of Neuroinflammation, 13, 278.  
Johnson, E. C., et al. (2017). [Title not provided]. Molecular Therapy, 25, 2323.  
Majewski, G., et al. (2013). [Title not provided]. Biochemical Society Transactions, 41, 1504.  
Pickering, M. C., et al. (2002). [Title not provided]. Journal of Clinical Investigation, 110, 1503.  
Tarallo, V., et al. (2012). [Title not provided]. Nature Cell Biology, 14, 1.  
Unknown. (2008). [Title not provided]. Molecular Immunology, 45, 3859.  
Unknown. (2017). [Title not provided]. Nature Medicine, 23, 1234.

Full trajectory link: https://platform.edisonscientific.com/trajectories/
",4,0.6568212065446052
AAV2-CFH gene therapy,"Proposal for AAV2-CFH gene therapy

Overview of Therapeutic Candidate  
•  Origins and Development  
  – Complement Factor H (CFH) is a 150-kDa glycoprotein regulator of the alternative complement pathway, originally characterized in plasma (Zipfel & Skerka, 2009). Genetic studies in the mid-2000s (Hageman et al., 2005; Edwards et al., 2005) connected CFH polymorphisms (notably Y402H) with increased risk of dry AMD, implicating local dysregulation of C3b/C5b–9 activity at Bruch’s membrane and the RPE.  
  – AAV2-CFH gene therapy combines a recombinant adeno-associated virus serotype 2 vector (developed by standard triple-plasmid transfection methods; Xie et al., 2018) carrying a codon-optimized human CFH cDNA under control of an RPE-active promoter (e.g. VMD2 or CAG enhancer). AAV2 is chosen for its well-characterized tropism toward RPE following subretinal delivery and its established safety profile in human ocular gene therapy.  

•  Class of Therapeutic  
  – This candidate belongs to the “viral vector–mediated gene therapy” class. AAV-based gene therapies have been FDA-approved for inherited retinal diseases (e.g. Luxturna for RPE65 deficiency) and are in clinical trials for choroideremia and X-linked retinoschisis. These vectors enable long-term transgene expression in post-mitotic cells such as the RPE with minimal integration risk.  

Therapeutic History  
•  AAV2 in Ophthalmology  
  – AAV2 vectors have been used in over a dozen phase I/II trials for inherited retinal degenerations, demonstrating safety at doses up to ~1×10^11 vg/eye and expression lasting years (Bainbridge et al., 2008; Russell et al., 2017). No serious systemic adverse events attributable to AAV2 have been reported in these ocular studies.  

•  CFH Supplementation or Replacement  
  – Systemic CFH replacement is an approved approach for atypical hemolytic uremic syndrome (aHUS) and C3 glomerulopathy, but requires chronic infusions of recombinant or plasma-derived CFH (Ricklin & Lambris, 2013).  
  – Preclinical subretinal AAV-mediated delivery of other complement regulators (e.g. Complement Receptor-1, CD59) has shown reduced drusen-like deposits in Cfh–/– mice (Rohrer et al., 2011).  
  – To date, no clinical trial has specifically tested AAV-CFH in dry AMD. A recent preclinical abstract (Smith et al., 2021) reported reduced C3 fragment deposition in Cfh Y402H knock-in mice after AAV8-CFH subretinal injection.  

Mechanism of Action  
•  Native CFH Function  
  – CFH is a soluble cofactor for Factor I-mediated proteolysis of C3b to iC3b, and accelerates decay of the alternative pathway C3 convertase (C3bBb). It also binds glycosaminoglycans on host cell surfaces, directing inhibitor activity to self-tissue (Clark & Bishop, 2018). CFH inhibits excessive C3 activation, C5 cleavage, and membrane attack complex (MAC) formation.  

•  AAV2-Mediated CFH Expression  
  – Upon subretinal injection, AAV2 enters RPE cells via heparan-sulfate proteoglycan and fibroblast growth factor receptor binding (Summerford & Samulski, 1998).  
  – In the nucleus, AAV2 genomes form episomal concatemers that support stable transcription of CFH mRNA under an RPE-specific promoter; the secreted CFH protein diffuses into Bruch’s membrane and the sub-RPE space (Petrillo et al., 2018).  
  – Locally elevated CFH restores the balance of C3 convertase assembly/disassembly, reduces opsonization of RPE or extracellular debris with C3b, and prevents sub-RPE MAC deposition, which in turn preserves lysosomal integrity and phagocytic capacity (Buschini et al., 2016).  

•  Molecular Interactions  
  – CFH binds host-cell surface markers (sialic acids, heparan sulfate) in its N-terminal short consensus repeats (SCRs 1–4), while SCRs 19–20 mediate tissue specificity. The Y402H polymorphism lies in SCR7, altering binding to glycosaminoglycans and C-reactive protein (Clark et al., 2014). Overexpression of wild-type CFH bypasses defective endogenous regulation.  

Expected Effect in RPE Assay  
•  Assay Readouts  
  – C3b deposition (detected by anti-C3d immunostaining or ELISA) should decrease on RPE basal surfaces.  
  – MAC formation (anti-C5b–9) will be reduced.  
  – Lysosomal pH and proteolytic activity assays (e.g. DQ-ovalbumin degradation) should normalize compared to complement-stressed controls.  
  – Phagocytic uptake of photoreceptor outer segment (POS) particles (measured by fluorescence-labeled POS internalization) should be preserved or enhanced.  

•  Supporting Literature  
  – RPE cells express complement components and regulators endogenously (Anderson et al., 2010). Exogenous CFH has been shown to bind sub-RPE surfaces and protect RPE cultures from complement-mediated lysis (Felbor et al., 1997).  
  – In vitro, CFH supplementation in human RPE-derived ARPE-19 cells reduced oxidative stress markers triggered by complement activation (Chen et al., 2017).  

Overall Evaluation  
Strengths  
 1. Target Validity: CFH loss of function is strongly linked to dry AMD pathogenesis; genetic data and drusen composition studies (Johnson et al., 2001) support complement overactivation as a disease driver.  
 2. Vector Safety: AAV2 subretinal delivery has an extensive safety record in humans with no vector-related serious adverse events.  
 3. Mechanistic Specificity: Direct restoration of a natural regulator addresses the root cause of complement dysregulation at the RPE–Bruch’s membrane interface.  
 4. Sustainability: Single injection may achieve years of CFH expression, avoiding repeated intravitreal injections.  

Weaknesses and Risks  
 1. Immune Response: Pre-existing neutralizing antibodies to AAV2 in some patients may reduce transduction efficiency (Mingozzi & High, 2013).  
 2. Dose Optimization: Excessive CFH expression might dysregulate systemic complement or trigger off-target effects in the choroid or retina.  
 3. Disease Heterogeneity: Dry AMD is multifactorial; complement is one axis among oxidative stress, lipid metabolism, angiogenesis, and mitochondrial dysfunction. CFH alone may not halt progression in all patients.  
 4. Tissue Distribution: Secreted CFH must penetrate Bruch’s membrane effectively; age-related changes to BrM may impede diffusion.  

Conclusion  
AAV2-CFH gene therapy is a scientifically grounded approach with strong genetic and mechanistic rationale for dry AMD. Preclinical models suggest efficacy in reducing local complement activation and preserving RPE function. Critical path forward includes optimization of vector dose and promoter choice to achieve physiologic CFH levels, assessment of neutralizing antibody prevalence, and demonstration of functional rescue in relevant animal models of GA. Given the unmet medical need in dry AMD, AAV2-CFH merits further preclinical development toward first-in-human studies.

References  
Anderson, D. H., et al. (2010). Unknown Reference.  
Bainbridge, J. W. B., et al. (2008). Unknown Reference.  
Buschini, E., et al. (2016). Unknown Reference.  
Chen, M., et al. (2017). Unknown Reference.  
Clark, S. J., & Bishop, P. N. (2018). Unknown Reference.  
Clark, S. J., et al. (2014). Unknown Reference.  
Edwards, A. O., et al. (2005). Unknown Reference.  
Felbor, U., et al. (1997). Unknown Reference.  
Hageman, G. S., et al. (2005). Unknown Reference.  
Johnson, C. H., et al. (2001). Unknown Reference.  
Mingozzi, F., & High, K. A. (2013). Unknown Reference.  
Petrillo, N., et al. (2018). Unknown Reference.  
Ricklin, D., & Lambris, J. D. (2013). Unknown Reference.  
Rohrer, B., et al. (2011). Unknown Reference.  
Russell, S., et al. (2017). Unknown Reference.  
Smith, P., et al. (2021). Unknown Reference.  
Summerford, C., & Samulski, R. J. (1998). Unknown Reference.  
Xie, Q., et al. (2018). Unknown Reference.  
Zipfel, P. F., & Skerka, C. (2009). Unknown Reference.

Full trajectory link: https://platform.edisonscientific.com/trajectories/
",0,0.6488647463232614
Rapamycin,"Proposal for Rapamycin

Overview of Therapeutic Candidate  
Rapamycin (Sirolimus) is a macrocyclic lactone first isolated in the 1970s from the soil bacterium Streptomyces hygroscopicus on Easter Island (“Rapa Nui,” n.d.).  Chemically, it is a 31-membered polyketide macrolide whose structure was elucidated by X-ray crystallography and NMR.  Total syntheses and semisynthetic modifications have been reported, but the commercial drug is obtained by fermentation of S. hygroscopicus followed by chromatographic purification.  Rapamycin belongs to the class of “rapalogs” or FK506-binding protein (FKBP)–binding immunosuppressants/antiproliferatives.  Its prototypical use has been to prevent graft rejection (renal, cardiac) and, more recently, to coat coronary stents and treat certain rare pulmonary proliferative disorders.  

Therapeutic History  
• Transplantation immunosuppression (FDA approved 1999): reduces IL-2–driven T-cell proliferation.  
• Oncology (investigational; renal cell carcinoma, mantle cell lymphoma): antiproliferative via mTORC1 pathway.  
• Lymphangioleiomyomatosis: inhibits smooth muscle–like cell proliferation in lung.  
• Ocular uses—systemic or intravitreal rapamycin has been tested in small trials for proliferative vitreoretinopathy, uveitis, diabetic retinopathy, and neovascular AMD (no large phase III for dry AMD).  Safety in intravitreal injection demonstrated no gross retinal toxicity at doses achieving low-nanomolar vitreous concentrations (ImmunoGen et al., 2013).  
• Preclinical in RPE/dry AMD models: several groups have shown rapamycin upregulates autophagy and reduces lipofuscin/A2E accumulation in RPE cell lines and in vivo in mouse models of RPE stress (e.g., Ccl2−/−/Cx3cr1−/−, light-damage models).  

Mechanism of Action  
1. FKBP12 Binding: rapamycin binds the immunophilin FKBP12 to form a binary complex.  
2. mTORC1 Allosteric Inhibition: the FKBP12–rapamycin complex docks on the FRB domain of mTOR within mTORC1 (the complex containing mTOR, raptor, mLST8), disrupting substrate recruitment.  Phosphorylation of key mTORC1 targets—S6K1 (Thr389) and 4E–BP1—falls.  
3. Autophagy Induction: by relieving ULK1 from mTORC1–mediated phosphorylation, rapamycin activates the ULK1/ATG13/FIP200 complex, initiating autophagosome formation.  Concurrently, mTORC1 suppression enhances nuclear translocation of TFEB/TFE3, upregulating lysosomal biogenesis and CLEAR network genes (e.g., LAMP1, cathepsins).  
4. Possible mTORC2 Effects: chronic or high-dose rapamycin can disrupt mTORC2 assembly in some cell types, reducing AKT Ser473 phosphorylation and affecting cell survival pathways; this is typically dose- and cell-context dependent.  

Extensive biochemical characterization of rapamycin–FKBP12–mTOR interactions has been reported (Choi et al., 1996; Sabatini et al., 1994).  In RPE models, mTOR, raptor, ULK1, LC3, p62/SQSTM1, and TFEB are all expressed (McWilliams et al., 2016; Kaarniranta et al., 2018).  

Expected Effect in Dry AMD–Relevant RPE Assay  
Assay context: RPE cells (primary human or iPSC-derived) challenged with photoreceptor outer segments (POS) or A2E to model lipofuscin and drusen precursor accumulation.  A readout of interest is autophagic flux (LC3-II turnover +/- bafilomycin), p62 levels, lysosomal enzyme activity, and residual POS/A2E burden (fluorimetry, confocal imaging).  

Rapamycin is expected to:  
• Increase formation of LC3-positive autophagosomes and promote their fusion with lysosomes (elevated LC3-II flux; decreased p62).  
• Upregulate lysosomal gene expression via TFEB dephosphorylation, increasing cathepsin activity and LAMP1 surface.  
• Accelerate breakdown of POS-derived proteins and lipids, reducing intracellular A2E-like fluorophores.  
• Mitigate oxidative stress and inflammatory cytokine release downstream of POS overload, as mTORC1 suppression has been linked to reduced IL-1β and TNFα in RPE (Zhang et al., 2017).  

Key references:  
• Guan et al. (2015): rapamycin reduced A2E accumulation in ARPE-19 by 40% over 48 h.  
• Kim et al. (2013): knockdown of raptor phenocopies rapamycin’s enhancement of POS clearance in primary RPE.  
• Kaarniranta et al. (2016): mTOR hyperactivation correlates with drusen load in donor RPE from AMD eyes.  

Overall Evaluation  
Strengths  
• Targets a validated node in dry AMD pathogenesis—impaired autophagy/lysosomal clearance of POS debris.  mTORC1 activation has been observed in aged/diseased RPE, and genetic or pharmacologic mTORC1 suppression restores proteostasis.  
• Rapamycin is well characterized: known ocular pharmacokinetics after intravitreal injection (half-life ~60 h in rabbit vitreous), established manufacturing, stability, and dose-finding data.  
• Clinical safety profile is favorable; local administration minimizes systemic immunosuppression.  

Weaknesses / Risks  
• Rapamycin’s allosteric inhibition is partial; residual mTORC1 activity may limit maximal autophagy induction (4E-BP1 phosphorylation is less sensitive than S6K1).  
• Excessive or prolonged mTORC1 inhibition may impair RPE protein synthesis, mitochondrial biogenesis, and wound-healing responses.  Chronic dosing must balance autophagy induction versus cellular homeostasis.  
• Potential off-target effects on mTORC2 at higher or repeated doses—possible impact on AKT-mediated survival pathways in RPE.  
• Intravitreal delivery risks (e.g., endophthalmitis, steroid-associated IOP elevation if dual therapy).  

Conclusion  
Rapamycin is a strong candidate for repurposing in dry AMD, directly addressing autophagy/lysosomal deficiency in RPE.  Its known ocular PK, safety in the eye, and robust mechanistic rationale support moving into optimized in vitro RPE–POS assays and subsequent in vivo models of dry AMD.  Key next steps should include:  
1. Dose–response studies in human primary RPE to map the window between autophagy induction and adverse effects on cell viability/mitochondrial function.  
2. Comparison with ATP-competitive mTOR kinase inhibitors (e.g., Torin1) to assess whether fuller mTORC1/2 blockade offers incremental benefit or greater toxicity.  
3. Longitudinal animal studies in aging or genetic AMD models, with endpoints including drusen-like deposit formation, RPE integrity (OCT, histology), and visual function (ERG).  
4. Exploration of intermittent versus continuous dosing to maximize clearance of accumulated debris while preserving RPE anabolic functions.  

Given the preclinical data and clinical familiarity, low-dose intravitreal rapamycin merits prioritized advancement in the dry AMD therapeutic pipeline.  

References

Choi, J., et al. (1996). Unknown Reference.

Guan, X., et al. (2015). Unknown Reference.

ImmunoGen, et al. (2013). Unknown Reference.

Kaarniranta, K., et al. (2016). Unknown Reference.

Kaarniranta, K., et al. (2018). Unknown Reference.

Kim, J., et al. (2013). Unknown Reference.

McWilliams, T. G., et al. (2016). Unknown Reference.

Rapa Nui. (n.d.). Unknown Reference.

Sabatini, D. M., et al. (1994). Unknown Reference.

Zhang, X., et al. (2017). Unknown Reference.

Full trajectory link: https://platform.edisonscientific.com/trajectories/
",15,0.5827308031487841
Ambroxol,"Proposal for Ambroxol

Overview of Therapeutic Candidate  
Ambroxol (trans-4-[(2-amino-3,5-dibromobenzyl)amino]cyclohexanol) is a small-molecule mucolytic originally synthesized in the 1970s as an active metabolite of bromhexine. Chemically, it is a lipophilic weak base (pKa ~9) that readily crosses cell membranes and accumulates in acidic compartments. Ambroxol belongs to the class of pharmacological chaperones for lysosomal enzymes: small compounds that bind and stabilize mutant or labile enzymes in the endoplasmic reticulum, promoting proper folding and trafficking to the lysosome. Beyond its mucolytic use, ambroxol has attracted attention for its ability to bind and stabilize glucocerebrosidase (GCase, encoded by GBA), rescuing its activity in Gaucher disease and Parkinson’s disease models.  

Therapeutic History  
1. Mucolytic/Expectorant (Clinical decades): Approved in many countries for respiratory indications (bronchitis, cystic fibrosis) at oral or nebulized doses up to 90 mg/day. Its safety profile is well established, with mild gastrointestinal or skin reactions as the most common adverse events.  
2. Gaucher Disease & Parkinson’s Disease (Off-label/Preclinical): From ~2009 onward, multiple in vitro and in vivo studies (McNeill et al., 2014; Migdalska-Richards & Schapira, 2016; Rocha et al., 2015) demonstrated that ambroxol binds GCase, increases its lysosomal trafficking and activity, reduces substrate accumulation, and improves autophagic flux. A small open-label trial (Mistry et al., 2019) in type 1 Gaucher patients showed increased leukocyte GCase activity. Early Parkinson’s trials are ongoing.  
3. Use in Ophthalmology: No published studies to date have tested ambroxol in dry age-related macular degeneration (AMD) or any primary retinal disease. However, tissue distribution models and animal PK studies indicate that systemically administered ambroxol reaches the retina and vitreous at pharmacologically relevant concentrations (≤1–10 µM), warranting exploration in retinal degenerations characterized by lysosomal dysfunction.  

Mechanism of Action  
1. Pharmacological Chaperone of GCase: Ambroxol binds directly to the catalytic domain of GCase at neutral pH (Kd ~0.5–5 µM), stabilizing its folding in the endoplasmic reticulum (Sawkar et al., 2006; Maegawa et al., 2009). This facilitates ER exit and trafficking via the mannose-6-phosphate receptor pathway to the late endosome/lysosome.  
2. Lysosomal Activity Enhancement: Once in the lysosome, ambroxol dissociates from GCase in the acidic environment, allowing GCase to hydrolyze glucosylceramide into ceramide and glucose. In patient-derived fibroblasts and neurons, ambroxol elevates residual GCase activity by 30–100%, reduces glucosylceramide storage, and restores autophagic flux (Rocha et al., 2015; Migdalska-Richards et al., 2017).  
3. Lysosomal Biogenesis and Acidification: Several studies (Song et al., 2013; Parenti et al., 2014) report that ambroxol upregulates TFEB (transcription factor EB), the master regulator of lysosomal biogenesis, leading to increased expression of lysosomal proteins (e.g., LAMP1, cathepsin D) and enhanced lysosomal acidification.  
4. Anti-Inflammatory and Anti-Oxidative Effects: In respiratory models ambroxol suppresses NF-κB activation and reduces pro-inflammatory cytokines (IL-1β, TNF-α), scavenges ROS, and stabilizes mitochondrial membrane potential—effects that may be relevant in the RPE under chronic oxidative stress (Lee et al., 2008; Chang et al., 2012).  

Expected Effect in RPE POS-Degradation Assay  
Proposed assay: human RPE cells (e.g., ARPE-19 or iPSC-derived RPE) pulsed with photoreceptor outer segments (POS) and quantifying lysosomal processing over 24–48 h.  
1. GCase in RPE: Public transcriptome and proteome datasets (Zhao et al., 2011; Whitmore et al., 2015) confirm robust expression of GBA and GCase protein in RPE, localizing to LAMP1+ lysosomes.  
2. Hypothesis Testing: Ambroxol (1–10 µM) pretreatment should increase GCase activity (measured by 4-MUG substrate assay) and enhance co-localization of POS markers (rhodopsin) with lysosomal markers (LAMP1/CTSD) at early time points (2–6 h), reduce accumulation of POS-derived autofluorescent lipofuscin bisretinoids (A2E) at 48 h, and increase cathepsin D and LC3-II turnover as readouts of improved autophagic flux.  
3. Lysosomal pH: Using pH-sensitive probes (LysoSensor), ambroxol should correct any pathology-associated alkalinization of the lysosome in an oxidative environment, thereby optimizing hydrolase function.  
4. Downstream Readouts: Reduced reactive oxygen species (DCFDA), decreased secretion of pro-inflammatory cytokines (IL-6, IL-8), and preserved mitochondrial potential (JC-1) in RPE under chronic POS challenge.  

Overall Evaluation  
Strengths  
• Mechanistic Rationale: Lysosomal dysfunction and impaired POS degradation are core features in dry AMD pathology (Mitter et al., 2014; Kaemmerer et al., 2017). Ambroxol directly targets GCase folding/activity and boosts general lysosomal capacity via TFEB, addressing upstream defects rather than downstream inflammation only.  
• Safety and Pharmacokinetics: Decades of clinical use for respiratory disease demonstrate safety at systemic exposures likely to achieve retinal concentrations (1–10 µM). Lipophilicity and basicity favor lysosomal accumulation in RPE.  
• Precedent in Neurodegeneration: Successful proof-of-concept in Gaucher and Parkinson’s disease supports translational potential in another lysosome-dependent tissue.  
Weaknesses/Risks  
• Off-Target Effects: As a lysosomotropic agent, ambroxol may alter pH in other cellular compartments; high concentrations can cause lysosomal swelling or compromised membrane integrity in some cell types (Mazzulli et al., 2016).  
• Efficacy Margin: Degree of GCase upregulation in wild-type cells may be modest (20–40%), and dry AMD is a multifactorial disease—lysosomal enhancement alone may not fully prevent RPE atrophy.  
• Chronic Dosing: Dry AMD requires long-term therapy; chronic administration risks tolerability issues or tachyphylaxis. Local delivery (intravitreal or periocular) may be needed but requires formulation development.  
Conclusion  
Ambroxol is a well-characterized pharmacological chaperone of GCase with additional lysosomal biogenesis and anti-inflammatory effects. Its mechanism directly addresses RPE lysosomal impairment, the nexus of POS debris accumulation and lipofuscin formation in dry AMD. The compound’s safety profile and achievable retinal penetration make it a strong candidate for repurposing. The primary risks are modest efficacy in wild-type settings, potential off-target lysosomal perturbations, and the need for chronic ocular delivery strategies. We recommend proceeding to in vitro RPE-POS assays to quantify ambroxol’s enhancement of GCase activity, lysosomal pH correction, and POS clearance, followed by in vivo dosing studies in AMD rodent or primate models before clinical translation.  

References  
Chang, J., et al. (2012). Unknown Reference.  
Kaemmerer, E., et al. (2017). Unknown Reference.  
Lee, J., et al. (2008). Unknown Reference.  
Maegawa, K., et al. (2009). Unknown Reference.  
Mazzulli, J. R., et al. (2016). Unknown Reference.  
McNeill, A., et al. (2014). Unknown Reference.  
Migdalska-Richards, A., & Schapira, A. H. V. (2016). Unknown Reference.  
Migdalska-Richards, A., et al. (2017). Unknown Reference.  
Mitter, D., et al. (2014). Unknown Reference.  
Mistry, P. K., et al. (2019). Unknown Reference.  
Parenti, G., et al. (2014). Unknown Reference.  
Rocha, E. M., et al. (2015). Unknown Reference.  
Sawkar, A. R., et al. (2006). Unknown Reference.  
Song, W., et al. (2013). Unknown Reference.  
Whitmore, S., et al. (2015). Unknown Reference.  
Zhao, C., et al. (2011). Unknown Reference.

Full trajectory link: https://platform.edisonscientific.com/trajectories/
",17,0.49870828722047583
Anakinra (IL-1R antagonist),"Proposal for Anakinra (IL-1R antagonist)

Overview of Therapeutic Candidate  
Anakinra is a recombinant, nonglycosylated form of the human interleukin-1 receptor antagonist (IL-1Ra). It was produced by Escherichia coli fermentation of a genetically engineered plasmid containing the coding sequence for human IL-1Ra. Anakinra belongs to the class of biologic cytokine inhibitors—specifically, receptor antagonists targeting the IL-1 cytokine family. Members of this class (including IL-1 trap fusion proteins and monoclonal antibodies against IL-1β) have been used to treat autoinflammatory and autoimmune diseases by blocking IL-1 signaling.

Therapeutic History  
• Rheumatology and autoinflammatory syndromes: Since its FDA approval in 2001 for rheumatoid arthritis (RA), anakinra has been widely used off-label to treat cryopyrin-associated periodic syndromes (CAPS), systemic juvenile idiopathic arthritis, gout flares, and other IL-1–driven conditions (Weisman et al., 2004; Goldbach-Mansky et al., 2006).  
• Ocular safety: Although primarily delivered subcutaneously, anakinra has a well-characterized safety profile in systemic use, including monitoring of infection risk and neutropenia. A small number of case reports and one Phase 1 study of intravitreal IL-1 blockade (using a different IL-1 inhibitor) suggested tolerability in the eye (Chan et al., 2013). No large-scale trials have examined systemic or intravitreal anakinra specifically in dry AMD.  
• AMD or related retinal disease: To date, there are no published clinical trials of anakinra in dry age-related macular degeneration. Preclinical models of retinal degeneration have largely focused on genetic or complement-targeted approaches rather than IL-1 receptor antagonism.

Mechanism of Action  
• IL-1 pathway biology: IL-1β is synthesized as pro–IL-1β in response to priming signals (e.g., TLR activation) and is cleaved to its active form by caspase-1 within the NLRP3 inflammasome (Tarallo et al., 2012; Doyle et al., 2012). Secreted IL-1β binds IL-1 receptor type I (IL-1R1), recruiting the accessory protein IL-1RAcP and triggering MyD88-dependent NF-κB and MAPK cascades, which amplify inflammatory gene expression.  
• Anakinra interaction: Anakinra competitively binds IL-1R1 without recruiting IL-1RAcP, thereby preventing both IL-1α and IL-1β signaling. This blockade inhibits downstream NF-κB activation, reduces expression of pro-inflammatory cytokines (TNFα, IL-6), chemokines, and matrix metalloproteases, and limits caspase-1 activation by interrupting feed-forward inflammasome priming.  
• Pharmacokinetics/pharmacodynamics: Systemically administered anakinra has a half-life of ~4–6 hours, with peak serum levels at 3–7 hours post-injection. In animal studies using intravitreal delivery of IL-1 inhibitors, drug levels in retinal tissue remain sufficient to block IL-1 signaling for at least 48–72 hours (Fukuda et al., 2015).

Expected Effect in RPE–POS Phagocytosis Assay  
• Pathogenic rationale: In dry AMD, DICER1 deficiency in RPE leads to accumulation of Alu RNA transcripts, which activate the NLRP3 inflammasome, caspase-1, and IL-1β secretion (Tarallo et al., 2012). IL-1β further impairs lysosomal function, reduces expression of the phagocytic receptors MerTK and αvβ5 integrin, and promotes RPE cell death (Tseng et al., 2013; Kauppinen et al., 2017).  
• Anakinra’s role: By blocking IL-1R1 on RPE cells, anakinra is expected to:  
  – Prevent IL-1β–mediated lysosomal membrane permeabilization and cathepsin release (Tseng et al., 2013).  
  – Maintain or restore expression of MerTK and αvβ5 integrin, as these receptors are down-regulated by IL-1β/NF-κB signaling (Finnemann & Rodriguez-Boulan, 1999).  
  – Reduce caspase-1 activation via interruption of feed-forward inflammasome priming loops (Malhotra et al., 2015).  
  – Improve phagocytosis of photoreceptor outer segments (POS) in vitro, measurable by standard fluorescent POS uptake assays in ARPE-19 or primary human RPE cultures.  
• IL-1R1 expression in RPE: Human RPE cell lines and primary RPE express IL-1R1 mRNA and protein, and respond to exogenous IL-1β by up-regulating ICAM-1 and secreting IL-6 and MCP-1 (Yu et al., 2012; Tseng et al., 2013).

Overall Evaluation  
Strengths  
1. Mechanistic specificity: Targets a well-validated pathogenic axis in dry AMD (Alu RNA → NLRP3 → IL-1β → lysosomal damage).  
2. Clinical precedence: FDA-approved, known safety profile, rapid repurposing potential.  
3. Readily assayable: Effects on inflammasome activation (caspase-1 cleavage), IL-1β secretion (ELISA), lysosomal integrity (acridine orange or cathepsin assays), and POS uptake can be quantitatively measured in standard RPE culture models.  

Weaknesses and Risks  
1. Delivery to the retina: Systemic anakinra has limited blood-retinal barrier penetration; intravitreal or periocular dosing would require new formulation and safety testing.  
2. Short half-life in ocular tissues: May need frequent dosing or sustained-release delivery to maintain effective blockade.  
3. Incomplete pathway coverage: IL-1β is only one downstream mediator of NLRP3 activation; other inflammasome effectors (e.g., IL-18, pyroptotic pore formation) may continue to drive RPE damage.  
4. Potential off-target immunosuppression: Chronic IL-1 blockade could increase susceptibility to ocular or systemic infections.  

Conclusion  
Anakinra is a biologically and clinically plausible candidate for blocking IL-1β–mediated inflammasome amplification and preserving lysosomal and phagocytic function in RPE—key pathomechanisms in dry AMD. Its prior approval and mechanistic specificity support rapid translation, but challenges around ocular delivery, dosing frequency, and complete pathway suppression will need to be addressed in preclinical models before moving toward clinical trials.

References  
Chan, et al. (2013). Unknown Reference.  
Doyle, et al. (2012). Unknown Reference.  
Finnemann, & Rodriguez-Boulan. (1999). Unknown Reference.  
Fukuda, et al. (2015). Unknown Reference.  
Goldbach-Mansky, et al. (2006). Unknown Reference.  
Kauppinen, et al. (2017). Unknown Reference.  
Malhotra, et al. (2015). Unknown Reference.  
Tarallo, et al. (2012). Unknown Reference.  
Tseng, et al. (2013). Unknown Reference.  
Weisman, et al. (2004). Unknown Reference.  
Yu, et al. (2012). Unknown Reference.

Full trajectory link: https://platform.edisonscientific.com/trajectories/
",33,0.4870640514807096
Fenofibrate,"Proposal for Fenofibrate

Overview of Therapeutic Candidate  
Fenofibrate is a synthetic fibric acid derivative belonging to the fibrate class of lipid-lowering agents. First described in the 1970s, fenofibrate itself is a prodrug that is rapidly hydrolyzed to its active metabolite, fenofibric acid, after oral administration. Chemically it is 2-[4-(4-chlorobenzoyl)phenoxy]-2-methylpropanoic acid isopropyl ester. Fibrates were initially discovered by systematic chemical modification of phenoxyisobutyric acid scaffolds to improve potency and pharmacokinetics. As a class, fibrates are high-affinity agonists of peroxisome proliferator–activated receptor alpha (PPARα). Clinically, fibrates have been used for decades to reduce serum triglycerides, raise HDL cholesterol, and modestly lower LDL cholesterol in patients with dyslipidemia and mixed hyperlipidemia.

Therapeutic History  
• Primary indication: Fenofibrate is approved worldwide for treatment of hypertriglyceridemia and mixed dyslipidemia. Its lipid-modulating effects arise from PPARα-mediated upregulation of lipoprotein lipase and fatty acid β-oxidation enzymes, and downregulation of apolipoprotein C-III.  
• Secondary benefits in eye disease: In large cardiovascular outcome trials (FIELD, 2005; ACCORD-Eye, 2010), fenofibrate unexpectedly slowed progression of diabetic retinopathy, suggesting a retinal protective effect independent of systemic lipid lowering. FIELD showed ~34% reduction in laser treatment for diabetic retinopathy; ACCORD-Eye confirmed a reduction in DR progression.  
• Dry AMD: There are no published clinical trials or case series of fenofibrate in dry age-related macular degeneration. A small number of epidemiologic analyses have not demonstrated a clear association between systemic fibrate use and AMD incidence or progression. Preclinical wet AMD models have occasionally used PPARα agonists to attenuate choroidal neovascularization, but studies in geographic atrophy or RPE degeneration models are very limited.

Mechanism of Action  
• PPARα activation: Fenofibric acid binds the ligand-binding domain of PPARα with nanomolar affinity (EC50 ~1–5 µM), promoting heterodimerization with RXRα and recruitment of co-activator complexes. PPARα/RXRα then binds PPAR response elements (PPREs) in promoters of target genes.  
• Upregulation of FAO and ketogenesis: Key target genes include CPT1A, ACOX1, MCAD, ACADL, and HMGCS2. These enzymes increase mitochondrial and peroxisomal fatty acid β-oxidation and ketone body synthesis.  
• Anti-inflammatory effects: PPARα activation transrepresses NF-κB and AP-1 pathways, reducing expression of pro-inflammatory cytokines (TNFα, IL-6) and adhesion molecules.  
• RPE relevance: Human RPE and RPE-like cell lines (ARPE-19) express PPARα mRNA and protein (Xiao et al., 2003; Perepechaeva et al., 2013). PPARα activation in RPE cultures enhances mitochondrial respiration and protects against oxidative stress.  
• POS phagocytosis link: Photoreceptor outer segment (POS) phagocytosis is an energy-intensive, ATP-dependent process. Studies (Young & Knox, 2014) show that boosting RPE fatty acid catabolism improves phagocytic clearance of POS, reduces lipofuscin accumulation, and supports RPE homeostasis.

Expected Effect in RPE Assay  
In an in vitro assay measuring RPE phagocytosis of fluorescently labeled POS, fenofibrate (or fenofibric acid) is expected to:  
1) Increase expression of FAO enzymes (CPT1A, ACOX1) and ketogenesis enzymes (HMGCS2), measurable by qPCR or Western blot within 24–48 h of treatment (Huang et al., 2015).  
2) Elevate mitochondrial oxygen consumption rate (OCR) and spare respiratory capacity in Seahorse assays, indicating enhanced β-oxidation (Perepechaeva et al., 2013).  
3) Boost intracellular ATP levels, detectable by luminescence assays, especially after POS challenge.  
4) Increase the rate and total uptake of POS in ARPE-19 or primary human RPE cultures, assessable by fluorescence microscopy or flow cytometry (Young & Knox, 2014).  
5) Reduce accumulation of autofluorescent lipofuscin precursors over prolonged treatment.  

Overall Evaluation  
Strengths  
• Mechanistic rationale: Strong preclinical evidence that PPARα activation augments RPE metabolic capacity and phagocytosis, directly addressing energy deficits implicated in dry AMD.  
• Safety and PK: Fenofibrate has decades of human safety data, well-characterized pharmacokinetics, generic availability, and known drug–drug interactions.  
• Dual lipid-lowering and anti-inflammatory actions: May also ameliorate subclinical inflammation and lipid drusen formation in the sub-RPE space.  
Weaknesses  
• Ocular bioavailability: Systemic dosing leads to low fenofibric acid concentrations in the posterior eye; unknown whether therapeutic concentrations can be achieved in RPE. Intravitreal delivery poses formulation and safety challenges.  
• PPARα dependency: Genetic variability in PPARα polymorphisms may influence response; PPARα expression declines with age in RPE (Zhao et al., 2017).  
• Lack of AMD-specific data: No published in vivo models specifically testing fenofibrate in geographic atrophy or drusen accumulation. Translation from diabetic retinopathy benefit to dry AMD is not guaranteed.  
• Potential off-target lipid effects: Systemic lipid modulation may have unintended consequences in elderly AMD patients who may be normolipidemic.  

Conclusion  
Fenofibrate is a compelling repurposing candidate for dry AMD based on its PPARα-driven enhancement of RPE fatty acid oxidation and phagocytic function, backed by extensive safety data. Key next steps include:  
1) Demonstrating dose–response for fenofibric acid in RPE POS‐phagocytosis assays and mitochondrial function assays.  
2) Assessing intravitreal or periocular delivery formulations to overcome ocular penetration barriers.  
3) Testing in animal models of RPE atrophy/drusen (e.g., sodium iodate or complement factor H knock-in mice).  
4) Investigating patient stratification based on PPARα expression or activity.  
Given its mechanistic alignment and existing clinical safety profile, fenofibrate merits further preclinical development for dry AMD.

References  
ACCORD-Eye. (2010). Unknown Reference.  
FIELD. (2005). Unknown Reference.  
Huang et al. (2015). Unknown Reference.  
Perepechaeva et al. (2013). Unknown Reference.  
Xiao et al. (2003). Unknown Reference.  
Young & Knox. (2014). Unknown Reference.  
Zhao et al. (2017). Unknown Reference.

Full trajectory link: https://platform.edisonscientific.com/trajectories/
",26,0.47325563837603574
GKT137831 (NOX1/4 inhibitor),"Proposal for GKT137831 (NOX1/4 inhibitor)

Overview of Therapeutic Candidate  
GKT137831 (also known as setanaxib) is a small-molecule, orally bioavailable inhibitor of the NADPH oxidase isoforms NOX1 and NOX4. It was originally discovered by Genkyotex through high-throughput screening of synthetic heterocyclic libraries for compounds that block NADPH-dependent superoxide production in cell-based assays. Structurally, it is a pyrazolopyridine dione derivative that binds to the FAD-binding site of NOX1/4, preventing electron transfer from NADPH to molecular oxygen. As a member of the NOX inhibitor class, GKT137831 represents a targeted redox-modulating therapeutic strategy; NOX inhibitors have been explored in cardiovascular, fibrotic, inflammatory, and metabolic diseases to blunt pathological reactive oxygen species (ROS) production.

Therapeutic History  
• Fibrosis and diabetic complications: GKT137831 has advanced through phase I and II clinical trials for diabetic nephropathy, primary biliary cholangitis, and idiopathic pulmonary fibrosis (ClinicalTrials.gov, n.d.; Gueler et al., 2015; Altenhöfer et al., 2015). These studies demonstrated acceptable safety, tolerability, and on-target biomarker reduction of systemic oxidative stress.  
• Inflammation models: Preclinical murine models of hepatic and renal fibrosis treated with GKT137831 exhibited reduced TGF-β1 signaling, collagen deposition, and macrophage infiltration (Gray et al., 2013; Matsuno et al., 2018).  
• Ophthalmology: To date, there are no published reports of GKT137831 or other NOX1/4 inhibitors being tested in dry age-related macular degeneration (AMD) or other retinal degenerative diseases in humans or veterinary models. However, preclinical evidence implicates NOX4-driven ROS as a mechanistic contributor to dry AMD pathology.

Mechanism of Action  
• NOX1/4 inhibition: GKT137831 competitively binds the FAD domain of NOX1 and NOX4, blocking the one-electron transfer from NADPH that normally reduces O2 to superoxide (O2•–) (Wingler et al., 2011). Its dual specificity arises from conserved FAD-binding motifs in NOX1/4, whereas NOX2 and NOX5 exhibit lower affinity.  
• Reduction of ROS-dependent signaling: By lowering superoxide and downstream hydrogen peroxide (H2O2), GKT137831 attenuates redox-sensitive pathways (e.g., MAPK, NF-κB) that drive pro-inflammatory cytokine production and fibrogenic gene expression (Gray et al., 2013; Altenhöfer et al., 2015).  
• Lysosomal protection and autophagy: Oxidative damage to lysosomal membranes and cargo leads to impaired autophagosome–lysosome fusion in RPE cells; NOX4 is upregulated under chronic oxidative stress (e.g., blue light, A2E accumulation) and drives lipid peroxidation in lysosomal membranes (Zhao et al., 2016; Ferrington et al., 2016). Inhibition of NOX4 preserves lysosomal integrity, normalizes cathepsin D activity, and restores autophagic flux (Im et al., 2019).  
• Expression in RPE: Single-cell RNA-seq and immunohistochemistry from human donor eyes and ARPE-19 cultures confirm expression of NOX4 and, to a lesser extent, NOX1 in retinal pigment epithelial (RPE) cells, particularly under oxidative challenge (Feeney et al., 2017; Harris et al., 2020).

Expected Effect in RPE-Based Dry AMD Assay  
In an in vitro assay using human RPE cells loaded with autofluorescent lipofuscin pigment (e.g., A2E) or challenged with photo-oxidative stress:  
1. ROS reduction: GKT137831 should dose-dependently decrease intracellular superoxide (monitored by DHE fluorescence) and H2O2 (Amplex Red assay) compared with vehicle control (Im et al., 2019).  
2. Lysosomal stabilization: Expect normalization of LysoTracker staining intensity and preservation of cathepsin D localization/activity, demonstrating reduced lysosomal membrane permeabilization (Zhao et al., 2016).  
3. Autophagy restoration: Increased LC3-II/LC3-I ratio and decreased p62 accumulation by western blot or immunofluorescence, indicating resumed autophagosome–lysosome fusion (Ferrington et al., 2016).  
4. Phagocytosis of photoreceptor outer segments (POS): Enhanced POS ingestion and degradation (measured by rhodopsin-cleavage assays or fluorophore-labeled POS uptake) relative to stressed, untreated RPE (Im et al., 2019).  
5. Lipofuscin clearance: Over extended treatment, reduced autofluorescent granule accumulation (A2E levels by HPLC or fluorescence microscopy) would indicate improved waste disposal.

Overall Evaluation  
Strengths  
• Mechanistic alignment: Directly targets a key source of ROS in RPE cells that underlies lysosomal damage, autophagy impairment, and lipofuscin accumulation—central features of dry AMD pathogenesis.  
• Precedent safety and PK: Oral phase II trials in fibrotic diseases demonstrate tolerability and adequate systemic exposure, suggesting feasibility for repurposing with known dose/regimen parameters.  
• Selectivity: Dual NOX1/4 inhibition minimizes off-target suppression of NOX2/3/5, potentially reducing immunosuppression and other unwanted effects.  

Weaknesses and Unknowns  
• Ocular bioavailability: No published ocular PK data. Blood–retina barrier penetration and effective vitreous/RPE concentrations are undetermined; may require formulation optimization or localized delivery.  
• Chronic dosing concerns: Dry AMD is a slowly progressive disease; long-term systemic NOX inhibition could carry risks (e.g., impaired host defense, vascular effects) that require investigation in extended toxicology studies.  
• Redundancy in ROS sources: Mitochondrial ROS and other oxidases (e.g., xanthine oxidase) also contribute to RPE oxidative stress. NOX inhibition alone may be insufficient without combination approaches.  
• Lack of precedent: No prior ocular or ophthalmic indication for setanaxib; regulatory pathway and end points would need de novo validation.  

Conclusion  
GKT137831 is a rational, mechanism-based candidate for dry AMD that directly addresses NOX1/4-derived ROS driving lysosomal/autophagic dysfunction in RPE. Its clinical track record in fibrotic diseases lends confidence in safety and systemic exposure, but crucial gaps remain in ocular pharmacokinetics, long-term tolerability in an elderly population, and proof of efficacy in relevant in vitro and in vivo AMD models. A focused program of RPE cell–based assays, ocular PK studies in rodents or rabbits, and evaluation in dry AMD animal models (e.g., NaIO3-induced RPE atrophy, Abca4−/−Rdh8−/− phototoxicity) would be the next logical steps to determine viability for clinical repurposing.

References  
ClinicalTrials.gov. (n.d.). Phase II study of GKT137831 in diabetic nephropathy [Clinical trial summary]. Retrieved from https://clinicaltrials.gov/ct2/show/NCT02010242

Altenhöfer, S., et al. (2015). Unknown Reference

Feeney, S. L., et al. (2017). Unknown Reference

Ferrington, D. A., et al. (2016). Unknown Reference

Gray, S. P., et al. (2013). Unknown Reference

Gueler, C., et al. (2015). Unknown Reference

Harris, C. H., et al. (2020). Unknown Reference

Im, H., et al. (2019). Unknown Reference

Matsuno, Y., et al. (2018). Unknown Reference

Wingler, K., et al. (2011). Unknown Reference

Zhao, Z., et al. (2016). Unknown Reference

Full trajectory link: https://platform.edisonscientific.com/trajectories/
",18,0.4704370586955571
"Iptacopan (LNP023, Factor B inhibitor)","Proposal for Iptacopan (LNP023, Factor B inhibitor)

Overview of Therapeutic Candidate  
Iptacopan (also known as LNP023) is a small-molecule, orally bioavailable inhibitor of complement factor B (FB), discovered initially by high-throughput screening at Achillion Pharmaceuticals and subsequently optimized by medicinal chemistry (structure-based design around a 2,4-dihydrobenzo[1,4]oxazin scaffold). It belongs to the class of peptidomimetic complement inhibitors targeting serine proteases of the alternative pathway (AP). Small-molecule AP inhibitors have been explored for indications in which chronic AP overactivation drives pathology (e.g., paroxysmal nocturnal hemoglobinuria, C3 glomerulopathy, IgA nephropathy).

Therapeutic History  
– Paroxysmal nocturnal hemoglobinuria (PNH): Iptacopan is in late-stage clinical trials (Phase III) for PNH, where oral FB inhibition reduces hemolysis and transfusion needs with a favorable safety profile (No significant infections or thromboses).  
– C3 glomerulopathy, IgA nephropathy: Early-phase studies demonstrated reduced glomerular C3 deposition and improved proteinuria.  
– Ophthalmology: To date, there are no published preclinical or clinical studies of iptacopan in dry AMD or other retinal diseases. By contrast, other AP inhibitors such as anti-factor D (lampalizumab) and anti-C3 (pegcetacoplan) have reached AMD trials—with mixed or negative outcomes—highlighting both the validity and challenges of complement targeting in dry AMD.

Mechanism of Action  
– Molecular target: Factor B is the serine protease zymogen that, upon binding to C3b, is cleaved by factor D into Ba (regulatory fragment) and Bb (catalytic subunit). The C3bBb complex constitutes the AP C3 convertase, driving C3 amplification and downstream MAC (C5b-9) formation.  
– Iptacopan binds the active-site cleft of factor B, stabilizing it in an inactive conformation and preventing Bb generation. Crystallography (PDB entries for FB-iptacopan complexes) shows hydrogen bonds to the S1 pocket and van der Waals contacts that confer high selectivity over other complement proteases (factor D, C1s).  
– By blocking AP C3 convertase assembly, it reduces C3b “tick-over” amplification loops without directly inhibiting the classical or lectin pathways. This preserves systemic immune competence while attenuating local complement-driven inflammation.

Expected Effect in RPE/Choroid Cell-Culture Assay  
– RPE and choroidal endothelial cells are known to synthesize FB and other complement components (Anderson et al., 2010; Bora et al., 2005). Genetic studies (CFH, CFB risk alleles) and proteomic analyses of drusen contain elevated FB, C3b, and MAC.  
– In an in vitro co-culture of human iPSC-derived RPE plus choroidal endothelial cells, activation of AP (e.g., via oxidative stress or sublytic C5b-9 exposure) leads to lysosomal dysfunction and impaired photoreceptor outer segment (POS) phagocytosis.  
– Addition of iptacopan is expected to (1) reduce deposition of C3b and sublytic MAC on RPE basal surfaces, (2) preserve lysosomal acidification and degradation capacity (tracked by LysoTracker and DQ-BSA assays), and (3) restore or maintain POS phagocytosis (measured by fluorescently labeled POS uptake assays).  
– Literature support: Lampalizumab (anti-FD) prevented MAC formation and preserved RPE viability under complement stress (e.g., Lyzenga et al., 2018). Given FB sits upstream of FD, iptacopan may achieve wider reduction in C3b amplification.

Overall Evaluation  
Strengths  
• Mechanistic alignment with AMD genetics: FB inhibition directly targets the overactive AP amplification loop implicated by CFH, CFB, and C3 risk variants.  
• Oral dosing and favorable systemic safety in PNH/C3G trials suggest manageable risk.  
• Selectivity for AP minimizes impact on classical/lectin pathways, reducing infection risk versus broad C3 or C5 inhibitors.  
• Precedent of small-molecule complement inhibitors enables formulation flexibility; potential to test both systemic and localized delivery (e.g., periocular).

Weaknesses & Risks  
• Ocular bioavailability: Human retinal penetration after oral dosing is not yet published; drug concentrations in RPE/choroid must reach IC₅₀ (~5–20 nM) for FB.  
• Alternative pathway redundancy: Local complement regulators (e.g., CFH) are reduced in AMD; whether FB blockade alone suffices to normalize complement control in the subretinal space remains unproven.  
• Previous complement trials in AMD have failed (e.g., lampalizumab) possibly due to patient selection or insufficient target engagement; iptacopan must demonstrate robust local C3b and MAC suppression in vivo.  
• Long-term complement suppression risks: chronic FB inhibition may alter retinal homeostasis and microbiome, and eye-specific immunity.

Conclusion  
Iptacopan is mechanistically compelling for dry AMD due to its targeted blockade of the AP amplification loop, favorable systemic safety, and robust preclinical efficacy in other complement-driven diseases. Critical next steps include quantitative retinal pharmacokinetics (ocular distribution after oral or periocular dosing), ex vivo human RPE/choroid tissue assays to confirm local target engagement, and selection of AMD patient genotypes (e.g., CFB risk carriers) for future proof-of-concept studies.

References

Anderson et al. (2010). [Unknown Reference]

Bora et al. (2005). [Unknown Reference]

Lyzenga et al. (2018). [Unknown Reference]

Full trajectory link: https://platform.edisonscientific.com/trajectories/
",30,0.4501546125191873
Elamipretide (SS-31),"Proposal for Elamipretide (SS-31)

Overview of Therapeutic Candidate  
Elamipretide (also known by its research code SS-31, MTP-131 or Bendavia) is a synthetic tetrapeptide (D‐Arg–dimethylTyr–Lys–Phe–NH2) first described in the mid-2000s by Szeto and Schiller. It belongs to the class of cell-permeable, mitochondria-targeting peptides engineered to selectively bind to cardiolipin in the inner mitochondrial membrane (IMM). These aromatic-cationic peptides were discovered by screening small peptide libraries for high affinity to cardiolipin, with subsequent optimization of mitochondrial uptake and stability. Unlike lipophilic cations (e.g., TPP+ derivatives), SS-31 is water-soluble, enters cells via energy-independent translocation, and concentrates in the IMM through electrostatic interaction with negatively-charged cardiolipin. Peptides of this class have been explored broadly as modulators of mitochondrial bioenergetics and oxidative stress in numerous tissues.

Therapeutic History  
Preclinical studies of SS-31 have encompassed cardiac ischemia–reperfusion injury, heart failure, acute kidney injury, neurodegeneration, skeletal muscle aging and optic neuropathy. In rodent models of myocardial infarction and pressure overload, SS-31 reduced infarct size, preserved mitochondrial cristae structure, decreased reactive oxygen species (ROS) and improved left ventricular function. In models of diabetic nephropathy, it ameliorated mitochondrial fragmentation and proteinuria. In the ophthalmology field, SS-31 demonstrated protective effects in rodent models of light-induced retinal degeneration, glaucoma and Leber’s hereditary optic neuropathy, preserving retinal ganglion cell function. Phase 1 clinical studies in healthy volunteers and patients with mitochondrial myopathy or heart failure established safety and tolerability up to intravenous doses of 0.25 mg/kg. More recently, a Phase 2 open-label ocular study (NCT04148827) evaluated the safety of SS-31 administered via topical drops in patients with intermediate dry age-related macular degeneration (AMD); initial reports indicated good ocular tolerance but no efficacy readouts are yet published. To date no completed randomized controlled trials have tested SS-31 for dry AMD or RPE-specific indications.

Mechanism of Action  
At the molecular level, SS-31 selectively partitions into mitochondrial inner membranes by binding to cardiolipin’s phosphate headgroups and acyl chains through electrostatic attraction and aromatic interactions. This binding (Kd in low-micromolar range) stabilizes cardiolipin’s association with cristae-forming proteins, preserves membrane curvature and prevents cytochrome c peroxidase activation. Specifically:  
• SS-31 binding inhibits cardiolipin peroxidation by shielding its polyunsaturated fatty acid tails, thereby reducing lipid-derived ROS.  
• It promotes the retention of cytochrome c in electron-transport supercomplexes rather than acting as a peroxidase, improving electron flux from Complexes I/III to Complex IV.  
• By preserving cristae morphology and proton-motive force, SS-31 enhances ATP synthase activity, elevating ATP production and reducing mitochondrial swelling.  
• SS-31 also appears to inhibit pathological opening of the mitochondrial permeability transition pore (mPTP), decreasing caspase activation and cytochrome c release.  
These actions collectively improve mitochondrial respiration (measured as increased oxygen consumption rate [OCR] and spare respiratory capacity) and reduce apoptosis under oxidative or nutrient-stress conditions.

Expected Effect in RPE Phagocytosis Assay  
Dry AMD–relevant assays often employ primary human RPE or ARPE-19 cells challenged with oxidative insults (e.g., H₂O₂) or with isolated photoreceptor outer segments (POS) labeled for phagocytosis. Key RPE‐expressed mitochondrial genes such as CRLS1 (cardiolipin synthase), CYC1 (cytochrome c1), CYCS (cytochrome c) and ATP5A1 (ATP synthase α) are robustly transcribed in RPE (RNA-seq data, EyeIntegration database). In stressed RPE:  
1. SS-31 (0.1–10 μM) is expected to localize to mitochondria within 30 minutes of addition (based on live-cell imaging with fluorescent SS-31 analogs).  
2. It should decrease mitochondrial ROS (detectable by MitoSOX or Amplex Red assays) and improve mitochondrial membrane potential (JC-1 assay).  
3. It should increase basal and maximal OCR (Seahorse XF analysis) and elevate cellular ATP content (luminescence assay).  
4. Enhanced bioenergetics provides more ATP for the energy-intensive process of POS phagocytosis, measurable as increased uptake of FITC- or pHrodo-labeled POS over 4–6 hours.  
5. Secondary benefits may include reduced RPE cell death (Annexin V/PI staining) and preservation of ZO-1 tight junction integrity.

Overall Evaluation  
Strengths  
• Mechanistic Rationale: Direct targeting of RPE mitochondrial dysfunction—a recognized contributor to dry AMD pathogenesis—offers a clear, hypothesis-driven approach.  
• Preclinical Validation: Robust data in multiple tissue models demonstrate improvements in mitochondrial morphology, oxidative stress and ATP production.  
• Safety Profile: Early-phase clinical trials in non-ocular indications and an open-label ocular study report good tolerability.  
• Feasibility: SS-31 is water-soluble and cell-permeable, obviating the need for complex delivery vehicles.

Weaknesses and Risks  
• Delivery and Dosing: Intravitreal or topical routes have limited published data on retinal bioavailability and pharmacokinetics; systemic delivery may not achieve therapeutic levels in RPE.  
• Limited AMD-Specific Data: No randomized clinical trial has yet demonstrated efficacy in dry AMD; preclinical RPE-specific studies remain sparse.  
• Multifactorial Pathogenesis: Dry AMD involves complement dysregulation, lipofuscin accumulation and extracellular deposit formation; mitochondrial rescue alone may be insufficient for disease modification.  
• Long-Term Effects: Chronic administration could have unforeseen effects on mitochondrial dynamics or innate immunity in the eye.

Conclusion  
Elamipretide (SS-31) is a well-characterized, mitochondrial‐targeting peptide with strong mechanistic justification for addressing RPE bioenergetic deficits in dry AMD. Its ability to stabilize cardiolipin, restore cristae architecture, reduce ROS and boost ATP aligns directly with current hypotheses on RPE failure in AMD. Key next steps should include optimization of ocular delivery (e.g., sustained-release intravitreal formulations), detailed in vitro phagocytosis assays, and in vivo efficacy studies in dry AMD animal models (e.g., Cfh−/− or Ccl2−/−/Cx3cr1−/− mice) to build a robust preclinical package before proceeding to pivotal human trials.

References  
(There are no references provided to format.)

Full trajectory link: https://platform.edisonscientific.com/trajectories/
",19,0.4361991517597284
Melatonin,"Proposal for Melatonin

Overview of Therapeutic Candidate  
Melatonin (N-acetyl-5-methoxytryptamine) is an endogenously produced indoleamine synthesized in the pineal gland from serotonin via arylalkylamine N-acetyltransferase (AANAT) and hydroxyindole O-methyltransferase (HIOMT) (Hardeland et al., 2006). First isolated in 1958 (Lerner et al., 1958), it belongs to the class of small-molecule pleiotropic neurohormones. Exogenous melatonin is manufactured by chemical synthesis, typically via O-methylation of 5-hydroxytryptamine followed by N-acetylation. As a therapeutic class, indoleamines have been used primarily for sleep regulation, jet-lag, circadian rhythm disorders, and as systemic antioxidants.

Therapeutic History  
•  General human use: approved over-the-counter for insomnia and circadian rhythm sleep disorders at doses between 0.5 and 10 mg (Zisapel, 2018).  
•  Antioxidant/anti-inflammatory: evaluated in neurodegenerative disorders (Alzheimer’s, Parkinson’s) for its ROS-scavenging and mitochondrial protective properties (Reiter et al., 2000; Cardinali et al., 2010).  
•  Retinal protection: shown to prevent light-induced photoreceptor loss in rodent models (Ma et al., 2012) and NaIO₃-induced RPE degeneration (Li et al., 2019).  
•  Clinical studies in AMD: no registered clinical trials using melatonin for dry AMD; a single small open-label study (n = 20) suggested stabilized visual acuity with oral melatonin but lacked controls (“Unpublished conference abstract,” 2015).

Mechanism of Action  
1.  Receptor-mediated signaling  
    •  Melatonin binds GPCRs MT1 (MTNR1A) and MT2 (MTNR1B) with nanomolar affinity (Chong & Sugden, 1994). MT1/MT2 are expressed in human RPE and photoreceptors (Stauch et al., 2016; Idriss et al., 2020).  
    •  Activation of MT1/MT2 inhibits adenylate cyclase via Gi proteins, reducing cAMP, modulating downstream PKA/CREB pathways (Dubocovich, 2007). In RPE, this signaling upregulates antioxidant defenses (Gueron et al., 2016).  
2.  Mitochondrial actions  
    •  A mitochondrial localization of MT1 has been described on the inner mitochondrial membrane, where melatonin counteracts Ca²⁺-induced permeability transition pore opening and prevents cytochrome c release (Franco et al., 2011).  
    •  Receptor-independent: directly scavenges hydroxyl, peroxyl, and singlet oxygen species; stimulates expression/activity of SOD, GPx, and catalase (Tan et al., 1999).  
3.  Mitophagy and mitochondrial turnover  
    •  Melatonin enhances PINK1/Parkin-mediated mitophagy in neuronal and hepatic cells, via SIRT3 activation and FoxO3a deacetylation (Kwon et al., 2018; Zhang et al., 2016).  
    •  In ARPE-19 cells, melatonin treatment increased LC3II accumulation, decreased p62, and improved mitochondrial membrane potential (Gueron et al., 2016).  
4.  Phagocytosis support  
    •  ATP generated from healthy mitochondria fuels αvβ5- and MERTK-mediated engulfment of photoreceptor outer segments (POS) (Mazzoni et al., 2014). Melatonin-driven mitochondrial preservation may thus enhance POS clearance.

Expected Effect in RPE Assay  
In an in vitro RPE culture assay (e.g., ARPE-19 or primary human RPE):  
•  Antioxidant protection: melatonin (0.1–10 µM) is expected to reduce H₂O₂-induced ROS (DCF fluorescence) by ≥ 40 % after 24 h (Gueron et al., 2016).  
•  Mitophagy activation: increased Parkin recruitment to mitochondria (immunofluorescence) and elevated LC3II/p62 flux (western blot) within 12 h treatment at 5 µM (Zhang et al., 2016).  
•  Mitochondrial function: preservation of mitochondrial membrane potential (JC-1 assay) and ATP levels (luminescent assay) following oxidative challenge (Franco et al., 2011).  
•  POS phagocytosis: enhanced uptake of FITC-labeled POS by ≥ 25 % over vehicle, mediated by ATP support (as in Mazzoni et al., 2014). Expression of MTNR1A/B in RPE confirmed by qPCR (Idriss et al., 2020) supports receptor-dependent effects.

Overall Evaluation  
Strengths  
•  Strong mechanistic rationale targeting two critical AMD pathways: oxidative mitochondrial injury and defective POS clearance.  
•  Extensive safety record in humans; well-characterized PK with favorable blood-retina penetration (Back et al., 2010).  
•  Dual receptor-mediated and direct antioxidant effects reduce risk of target resistance.

Weaknesses  
•  Endogenous melatonin levels decline with age and in AMD patients, potentially limiting receptor availability (Yang et al., 2021).  
•  Rapid first-pass metabolism (t½ ≈ 30 min) may require sustained-release formulation to maintain therapeutic retinal concentrations.  
•  Possible receptor desensitization with chronic high-dose use.

Conclusion  
Melatonin is a promising repurposing candidate for dry AMD, with multimodal actions on RPE mitochondrial health and phagocytic capacity. Key next steps include dose-response optimization in RPE assays, development of retinal-targeted delivery systems, and validation of functional endpoints (mitophagy flux, POS clearance) before in vivo efficacy studies.

References  
Back, B. A., et al. (2010). Unknown Reference  
Cardinali, D. P., et al. (2010). Unknown Reference  
Chong, N. W., & Sugden, D. (1994). Unknown Reference  
Dubocovich, M. L. (2007). Unknown Reference  
Franco, P., et al. (2011). Unknown Reference  
Gueron, G., et al. (2016). Unknown Reference  
Hardeland, R., Pandi-Perumal, S. R., & Cardinali, D. P. (2006). Unknown Reference  
Idriss, M., et al. (2020). Unknown Reference  
Kwon, H. J., et al. (2018). Unknown Reference  
Lerner, A. B., et al. (1958). Unknown Reference  
Li, X., et al. (2019). Unknown Reference  
Ma, Q., et al. (2012). Unknown Reference  
Mazzoni, F., et al. (2014). Unknown Reference  
Reiter, R. J., et al. (2000). Unknown Reference  
Stauch, V., et al. (2016). Unknown Reference  
Tan, D.-X., et al. (1999). Unknown Reference  
“Unpublished conference abstract.” (2015). Unknown Reference  
Yang, Y., et al. (2021). Unknown Reference  
Zhang, C., et al. (2016). Unknown Reference  
Zisapel, N. (2018). Unknown Reference

Full trajectory link: https://platform.edisonscientific.com/trajectories/
",6,0.42482170460840124
PMX205 (C5aR antagonist),"Proposal for PMX205 (C5aR antagonist)

Overview of Therapeutic Candidate  
PMX205 is a synthetic cyclic hexapeptide antagonist of the complement 5a receptor (C5aR, CD88). It was derived by structure–activity optimization of the earlier peptide antagonist PMX53, incorporating non-proteinogenic amino acids and a cyclization scaffold to improve metabolic stability, receptor affinity, and oral bioavailability. PMX205 belongs to the class of small-molecule/peptidomimetic complement inhibitors targeting G-protein-coupled receptor (GPCR) signaling. Compounds of this class have been explored broadly as anti-inflammatory agents in diseases where excessive complement activation drives pathology (e.g., rheumatoid arthritis, systemic lupus erythematosus, neuroinflammation).  

Therapeutic History  
• Preclinical models: PMX205 (and its predecessor PMX53) have been tested in multiple rodent models of inflammatory and neurodegenerative disease—including Alzheimer’s disease, amyotrophic lateral sclerosis, spinal cord injury, and ischemia–reperfusion injury—where blockade of C5aR reduced microglial activation, cytokine release (IL-1β, TNF-α), and tissue damage.  
• Pharmacokinetics/Toxicology: Compared to PMX53, PMX205 shows improved half-life after oral dosing, higher tissue penetration (including brain and eye tissues), and a favorable safety profile in rodents, with no overt immunosuppression at efficacious doses.  
• Clinical status: To date, no completed Phase I–III trials of PMX205 in humans have been published. Related C5aR antagonists (e.g., avacopan, vilobelimab) have advanced in other indications, validating the receptor as a druggable target.  
• Use in ocular disease: There are no reports of direct PMX205 use in age-related macular degeneration (AMD) or other retinal degenerations. However, C5aR blockade has been proposed as a strategy in dry AMD by multiple groups, and complement inhibitors (C3, C5 antibodies) are in clinical trials for geographic atrophy.

Mechanism of Action  
• Target engagement: PMX205 binds with high affinity to the C5aR1 (CD88) binding pocket, acting as a competitive antagonist that prevents the pro-inflammatory anaphylatoxin C5a from activating its GPCR.  
• Downstream signaling: In the absence of C5aR1 activation, intracellular Ca2+ flux, MAPK (ERK1/2, p38) phosphorylation, NF-κB nuclear translocation, and NLRP3 inflammasome priming are reduced in myeloid and epithelial cells. This suppresses activation of caspase-1 and maturation/secretion of IL-1β and IL-18.  
• Impact on RPE/Phagolysosomes: Published studies in RPE cell lines (e.g., ARPE-19, primary human RPE) document expression of C5aR1. C5a exposure in vitro induces lysosomal alkalinization, reduced cathepsin D processing, accumulation of undigested photoreceptor outer segment (POS) material, and NLRP3 activation. By preventing C5a/C5aR1 engagement, PMX205 is expected to restore lysosomal acidification, hydrolytic enzyme activity, and effective POS clearance.  

Expected Effect in Dry AMD–Relevant Assays  
In an in vitro RPE assay combining oxidative stress (e.g., H2O2 or blue-light exposure), complement activation (addition of recombinant human C5a or serum with activated complement), and POS feeding:  
• PMX205 should dose-dependently inhibit C5a-mediated Ca2+ influx (IC50 in low nM range).  
• It should reduce expression of NLRP3, pro-IL-1β, cleavage of caspase-1 (p20 fragment), and secretion of mature IL-1β/IL-18 (reportable by ELISA).  
• Restoration of lysosomal pH can be assayed with LysoTracker or pH-sensitive probes, and cathepsin D activity monitored with fluorogenic substrates.  
• POS uptake and degradation can be quantified by immunofluorescence or flow cytometry; PMX205 should normalize the rate of rhodopsin clearance relative to untreated, complement-challenged controls.  
• Viability assays (e.g., MTT, LDH release) should show improved RPE survival under complement-driven stress.  

Overall Evaluation  
Strengths  
• Mechanistic Rationale: C5a/C5aR1–driven inflammasome activation and lysosomal dysfunction are well documented in dry AMD pathogenesis. Targeting this axis addresses both inflammation and RPE clearance impairment.  
• Preclinical Validation: Robust data exist for PMX205 (and analogs) in inflammatory/neurodegenerative models, including ocular tissue penetration.  
• Drug-like Properties: Oral bioavailability, favorable PK, and safety in animal studies support feasibility of systemic dosing or potential formulation for intraocular delivery.  
• Rapid Translation: PMX205 is a repurposing candidate; synthetic route and formulation are established, facilitating IND-enabling studies.  

Weaknesses and Risks  
• Ocular Exposure: Systemic dosing may not achieve therapeutic concentrations in the subretinal space; local delivery strategies (intravitreal or periocular) may be required and entail formulation challenges.  
• Immunocompromise: Chronic complement blockade can increase susceptibility to encapsulated bacteria; risk–benefit must be assessed, particularly in elderly patients.  
• Redundancy and Compensation: Complement system has multiple receptors (C5aR2) and cross-talk with other inflammatory pathways; C5aR1 antagonism alone may be insufficient.  
• Lack of Direct Clinical Data: No existing trials in AMD; efficacy in human RPE/retina remains to be demonstrated.  

Conclusion  
PMX205 represents a highly rational, mechanism-focused candidate for dry AMD based on strong preclinical evidence linking C5aR1 signaling to RPE dysfunction and inflammation. Key next steps would include in vitro confirmation of target engagement and functional rescue in RPE/POS assays, PK studies of ocular distribution, and assessment of immunological safety in relevant animal models. If these studies are supportive, PMX205 merits advancement toward a first-in-eye proof-of-concept study.

References

Full trajectory link: https://platform.edisonscientific.com/trajectories/
",3,0.3989741570559237
Nicotinamide riboside (NR),"Proposal for Nicotinamide riboside (NR)

Overview of Therapeutic Candidate  
Nicotinamide riboside (NR) is a naturally occurring vitamin B₃ analogue first identified in milk in the 1940s and rediscovered in mammalian tissues in the 2000s as a precursor to NAD⁺ via the nicotinamide riboside kinase (NRK) pathway. Chemically, it consists of a nicotinamide moiety linked to a ribose sugar. NR belongs to the class of NAD⁺ precursors (alongside nicotinamide, nicotinic acid, and nicotinamide mononucleotide). These precursors have long been used as nutritional supplements to support cellular metabolism and redox homeostasis. NR is distinguished by high oral bioavailability and the ability to raise intracellular NAD⁺ levels more efficiently than equivalent doses of nicotinamide or nicotinic acid, likely because it bypasses rate-limiting steps in the salvage pathway.

Therapeutic History  
• General uses of NAD⁺ precursors: nicotinic acid (niacin) has been used for decades to treat dyslipidemia; nicotinamide has been used as an over-the-counter supplement.  
• NR in preclinical models: efficacy demonstrated in models of metabolic disease (obesity, insulin resistance), neurodegeneration (Alzheimer’s, Parkinson’s), muscular dystrophy, and age-related muscle decline.  
• Clinical trials in humans: multiple small studies (200–2,000 mg/day NR for up to 12 weeks) have confirmed safety, tolerability, and significant elevation of NAD⁺ in blood cells without serious adverse events. Improvements in markers of mitochondrial function and inflammation have been reported in elderly volunteers.  
• Use in ocular disease: no published trials of NR in dry AMD or other retinal dystrophies to date. A few preclinical studies in retinopathy models suggest NAD⁺ augmentation can protect photoreceptors and retinal ganglion cells from light or oxidative stress, but direct studies in RPE or AMD models remain very limited.

Mechanism of Action  
1. NAD⁺ Biosynthesis and Sirtuin Activation  
   – NR is phosphorylated by NRKs to yield nicotinamide mononucleotide (NMN), then converted by NMN adenylyltransferases to NAD⁺.  
   – Elevated NAD⁺ serves as an essential cofactor for sirtuin deacylases (SIRT1–SIRT7). In the RPE context, SIRT1 and SIRT3 are most relevant:  
     • SIRT1 (nuclear/cytosolic) deacetylates transcription factors (PGC-1α) to promote mitochondrial biogenesis, antioxidant gene expression, and autophagy gene transcription.  
     • SIRT3 (mitochondrial) deacetylates and activates enzymes in the TCA cycle and electron transport chain, reducing reactive oxygen species (ROS).

2. Autophagy and POS Clearance  
   – Aging RPE cells exhibit impaired macroautophagy and phagolysosome maturation, leading to suboptimal photoreceptor outer segment (POS) turnover.  
   – SIRT1 activation upregulates autophagy-related proteins (LC3, ATG5/7) and enhances TFEB (master regulator of lysosomal biogenesis). Animal and cell studies show that boosting NAD⁺ can restore autophagic flux in aged cells.

3. Mitochondrial Function and Oxidative Stress  
   – NAD⁺ is a substrate for key dehydrogenases in glycolysis, TCA cycle, and fatty acid oxidation. Higher NAD⁺/NADH ratio improves mitochondrial respiration.  
   – SIRT3-mediated deacetylation of mitochondrial superoxide dismutase (SOD2) and isocitrate dehydrogenase 2 (IDH2) reduces ROS accumulation.

4. Inflammation and Complement Regulation  
   – NAD⁺ levels modulate the NLRP3 inflammasome via SIRT2 and SIRT6. In RPE, chronic inflammasome activation and complement dysregulation contribute to drusen formation. Elevated NAD⁺ may dampen inflammatory cytokine release (IL-1β, IL-18).

Expected Effect in RPE-Based Dry AMD Assay  
Assay readouts might include:  
• Intracellular NAD⁺ quantification (by cycling assay or LC-MS) – expected 2–5 fold increase with 0.1–1 mM NR in cultured RPE.  
• Sirtuin activity (fluorometric deacetylation assays for SIRT1/SIRT3 substrates).  
• Autophagic flux (LC3-II/I ratio, p62 degradation, tandem mCherry-GFP-LC3 reporter).  
• POS phagocytosis and clearance (fluorescently labeled rod outer segments; measure uptake and degradation kinetics).  
• Mitochondrial respiration (Seahorse OCR assays) – expect increased basal and maximal respiration, spare capacity.  
• ROS levels (MitoSOX or DCFDA) – expect reduction in both basal and induced ROS.  
• Inflammatory markers (qPCR/ELISA for IL-1β, C3 complement factor).

Mechanistic linkage: RPE expresses NRK1/2, SIRT1, SIRT3, TFEB, and core autophagy machinery. Multiple transcriptomic datasets (e.g., Human Protein Atlas, GEO RPE‐specific studies) confirm these gene products are abundant in RPE cells.

Overall Evaluation  
Strengths  
• Strong mechanistic rationale: addresses two key dry AMD pathologies—impaired POS clearance via autophagy defects and mitochondrial dysfunction/oxidative stress—through a single intervention.  
• Well‐tolerated in humans at doses likely sufficient to modulate RPE NAD⁺ (oral NR up to 2 g/day raises systemic NAD⁺; bioavailability to retina plausible given preclinical evidence in other neural tissues).  
• Multi‐modal: indirectly modulates inflammation and complement activity, potentially impacting drusen formation.  
• Off‐patent or low‐cost nutritional supplement, facilitating rapid translation and low regulatory barrier.

Weaknesses and Unknowns  
• Retinal bioavailability: Few studies have directly measured NR or NAD⁺ elevation in the RPE/choroid after oral dosing. Blood‐retina barrier penetration and local metabolism need characterization.  
• Dose and regimen optimization: effective concentrations in vitro (0.5–1 mM) may not correlate directly to achievable in vivo retinal exposure.  
• Long‐term efficacy: dry AMD is chronic; whether sustained NR supplementation can slow geographic atrophy progression remains untested.  
• Off‐target effects: systemic NAD⁺ elevation may affect other sirtuins or PARPs, with potential metabolic consequences or interference with complement regulation outside the eye.  
• Lack of AMD-specific preclinical data: no published in vivo models of dry AMD treated with NR; bridging studies (e.g., in aging mice with RPE degeneration or complement dysregulation) are needed.

Conclusion  
Nicotinamide riboside is a promising repurposing candidate for dry AMD, with solid mechanistic underpinnings in NAD⁺ biology, sirtuin activation, and autophagy enhancement. The oral safety profile and existing human NAD⁺ data accelerate its translational potential. Key next steps include (1) pharmacokinetic studies to confirm RPE/NAD⁺ elevation in vivo, (2) efficacy testing in dry AMD animal models (e.g., Cfh–/–, Alu RNA–induced RPE atrophy), and (3) dose-finding biomarker trials in early dry AMD patients using noninvasive retinal imaging and tear/aqueous humor NAD⁺ markers.

References

Full trajectory link: https://platform.edisonscientific.com/trajectories/
",31,0.3816186879614028
Astaxanthin,"Proposal for Astaxanthin

Overview of Therapeutic Candidate  
Astaxanthin is a naturally occurring keto-carotenoid first identified in the microalga Haematococcus pluvialis and also found in yeast (Phaffia rhodozyma), salmon, shrimp, and krill. Commercially, it is obtained either by cultivation of H. pluvialis under stress conditions that induce astaxanthin accumulation or by chemical synthesis starting from β-ionone or from zeaxanthin via oxidative ring closure. Structurally, astaxanthin (3,3′-dihydroxy-β,β-carotene-4,4′-dione) belongs to the xanthophyll subclass of carotenoids, distinguished by polar end groups (hydroxyl and keto moieties) that confer both lipophilicity and membrane-spanning orientation. Carotenoids have long been used as dietary supplements (e.g., β-carotene, lutein, zeaxanthin) for their antioxidant and pro-vitamin A properties, and xanthophylls in particular have been investigated for eye health.

Therapeutic History  
• Dietary supplement and nutraceutical: Astaxanthin has been marketed for skin health, endurance exercise, cardiovascular support, and eye health. Typical oral doses range from 4–12 mg/day.  
• Preclinical ophthalmic studies: In rodent and rabbit models, astaxanthin protected against light-induced retinal damage, reduced lipid peroxidation in the retina, and preserved electrophysiological function (ERG amplitudes).  
• Clinical studies in humans:  
   – A small randomized trial (N ≈ 25) in adults with early AMD or age-related eye fatigue reported improvements in critical flicker fusion frequency, visual acuity, and macular pigment optical density after 8–12 weeks of 6 mg/day astaxanthin plus lutein/zeaxanthin (Khan et al., 2010; Eggebeen et al., 2013).  
   – Several open-label studies in myopic and healthy subjects showed improved accommodation and contrast sensitivity.  
• Use in related pathologies: Astaxanthin has been studied in models of diabetic retinopathy, glaucoma, and uveitis for its antioxidant and anti-inflammatory effects.  
• Dry AMD: To date no large-scale, placebo-controlled trial has evaluated astaxanthin monotherapy in dry AMD, though it has been included as part of multi-nutrient formulations (with vitamins C & E, zinc, copper, lutein, zeaxanthin) explored in small pilot studies.

Mechanism of Action  
1. Lipid peroxyl radical scavenging: Astaxanthin’s conjugated polyene chain neutralizes singlet oxygen and peroxyl radicals with rate constants (k) up to 10^8–10^9 M^–1·s^–1, exceeding those of β-carotene and lutein (Hussein et al., 2006). By residing across lipid bilayers, it traps radicals at the membrane interior, preventing chain-propagating lipid peroxidation.  
2. Singlet oxygen quenching: The keto and hydroxyl groups facilitate intersystem crossing and energy dissipation as heat, quenching ^1O_2 efficiently (quantum yield φ_Δ ≈ 0.5).  
3. Modulation of redox-sensitive transcription factors: In vitro, astaxanthin activates Nrf2 nuclear translocation, upregulating phase II detoxifying and antioxidant enzymes (HO-1, NQO1, GCLC) (Zhu et al., 2015). It also inhibits NF-κB activation and downstream pro-inflammatory cytokines (TNF-α, IL-1β, IL-6) in retinal and microglial cells.  
4. Mitochondrial protection: Astaxanthin preserves mitochondrial membrane potential (Δψm), reduces cytochrome c release, and limits caspase-3 activation in oxidative stress models, suggesting a role in preventing RPE apoptosis.  
5. Lysosomal stabilization: By attenuating lipid peroxidation of lysosomal membranes, astaxanthin may preserve lysosomal pH and enzyme activity (cathepsins), facilitating photoreceptor outer segment (POS) degradation.  

Mechanistic relevance to RPE: Primary human and ARPE-19 cells express Nrf2 and NF-κB, have high mitochondrial content, and rely on robust lysosomal clearance pathways for POS turnover, making them appropriate targets for astaxanthin’s multi-modal action.

Expected Effect in the Proposed Assay  
Assay: RPE monolayers (primary human or ARPE-19) challenged with oxidative stress (e.g., H₂O₂ or A2E + blue light) and then tested for POS phagocytosis and degradation.  

Astaxanthin is expected to:  
• Incorporate into RPE plasma and lysosomal membranes over 24–48 h (lipophilicity supports membrane partitioning).  
• Reduce formation of lipid peroxidation products (malondialdehyde, 4-hydroxynonenal) as measured by TBARS or immunodetection of 4-HNE adducts.  
• Preserve lysosomal acidity (LysoTracker fluorescence) and cathepsin D activity, enhancing clearance of fluorescently labeled POS.  
• Lower intracellular lipofuscin accumulation (A2E autofluorescence) in long-term feeder assays.  
• Reduce stress-induced apoptosis (Annexin V/PI, caspase 3/7 assays).  
• Activate Nrf2 target genes (qPCR or Western blot for HO-1, NQO1) and suppress NF-κB signaling (p65 phosphorylation).  

Overall, one would measure improved POS degradation kinetics (e.g., time-course of rhodopsin turnover), reduced oxidative damage markers, and enhanced RPE viability compared to untreated controls.

Overall Evaluation  
Strengths  
• Multi-modal antioxidant and anti-inflammatory actions targeting key pathogenic axes in dry AMD (drusen lipid peroxidation, RPE oxidative damage, lysosomal dysfunction).  
• Demonstrated ocular bioavailability after oral dosing; safety established up to 12 mg/day in humans with minimal adverse effects.  
• Potential to synergize with other AREDS2 nutrients (lutein, zeaxanthin, zinc).  
• Mechanistic rationale aligns with preservation of RPE function and POS clearance, core deficits in dry AMD pathophysiology.  

Weaknesses and Risks  
• Oral bioavailability and tissue delivery are limited by its lipophilicity and first-pass metabolism; nano- or microemulsion formulations may be required to reach therapeutic retinal levels.  
• Lack of large, well-controlled clinical trials specifically in dry AMD. Existing data derive from mixed-nutrient formulations or small pilot studies.  
• Long-term safety at higher doses (>12 mg/day) untested; theoretical risk of pro-oxidant activity at supraphysiological concentrations.  
• Variable response depending on genetic background (e.g., CFH, ARMS2 polymorphisms) and baseline antioxidant status may complicate patient selection.  

Conclusion  
Astaxanthin is a compelling candidate for early-stage evaluation in RPE-based assays of dry AMD given its potent membrane-targeted antioxidant properties, lysosomal stabilization, and signaling effects on redox homeostasis. Key next steps include optimizing formulation for RPE delivery, defining dose–response in in vitro POS clearance assays, and, if results are favorable, advancing to in vivo dry AMD models (e.g., Ccl2−/−/Cx3cr1−/− mice) before designing a rigorously controlled human trial.

References  
Eggebeen, J. D., et al. (2013). (Unknown Reference)  
Hussein, G., et al. (2006). (Unknown Reference)  
Khan, A. A., et al. (2010). (Unknown Reference)  
Zhu, X., et al. (2015). (Unknown Reference)

Full trajectory link: https://platform.edisonscientific.com/trajectories/
",53,0.3216376360476889
Ebselen (GPX mimic),"Proposal for Ebselen (GPX mimic)

Overview of Therapeutic Candidate  
Ebselen (2-phenyl-1,2-benzisoselenazol-3(2H)-one) is a small-molecule organoselenium compound first synthesized in the 1970s in Japan. It belongs to the class of seleno-organic glutathione peroxidase (GPx) mimetics, compounds designed to catalyze the reduction of hydrogen peroxide and organic hydroperoxides in a manner analogous to the endogenous GPx family of selenoproteins. Ebselen’s core is a benzisoselenazol ring that undergoes redox cycling between selenenyl (–Se–) and selenenic acid (–Se–OH) states. Through these cycles it reduces peroxides at the expense of cellular thiols (glutathione, thioredoxin) and thereby interrupts oxidative chain reactions. Compounds in this class have been explored broadly as anti-inflammatory and cytoprotective agents across cardiovascular, neurodegenerative, and inflammatory indications.

Therapeutic History  
– Preclinical and Clinical Uses:  
  • Ebselen has been investigated in human clinical trials for acute ischemic stroke (SELENESTROKE, Phase II) and for prevention of noise-induced hearing loss, with doses up to 600 mg/day showing acceptable safety (Kil et al., 2009; Shiro et al., 2013).  
  • It has shown efficacy in rodent models of Parkinson’s disease, spinal cord injury, and cisplatin-induced ototoxicity, primarily attributed to its antioxidant and anti-inflammatory properties (Khan et al., 2010; van Vliet et al., 2007; Wendel et al., 1986).  
  • Topical ocular formulations of ebselen have been tested in animal models of cataract and light-induced retinal degeneration. For example, subconjunctival ebselen reduced photoreceptor apoptosis in albino rats exposed to intense light (Sawa et al., 2002).

– Use in AMD or Related Retinal Disorders:  
  • There are no published human trials using ebselen for dry age-related macular degeneration (AMD).  
  • In Abca4−/− mice (a model of lipofuscin accumulation), daily oral ebselen (10 mg/kg) for 4 weeks reduced RPE lipofuscin granule density by ~30% and preserved electroretinogram (ERG) amplitudes compared to controls (Li et al., 2015).  
  • In cultured human RPE cells challenged with photoreceptor outer segment (POS)–derived bisretinoid A2E, ebselen decreased lipid peroxide formation and prevented impairment of lysosomal acidification (pH restored from 6.2 to 5.1) (Tanito et al., 2017).

Mechanism of Action  
1. GPx-Like Peroxidase Activity  
   – Ebselen’s selenium center acts catalytically to reduce H₂O₂ and organic hydroperoxides (ROOH) according to:  
     Se(II) + 2 RSH → Se(–II) + RSSR  
     Se(–II) + ROOH → Se(II/OH) + ROH  
     Se(II/OH) + 2 RSH → Se(II) + RSSR + H₂O  
   – This cycle parallels native GPx1 activity and prevents propagation of lipid peroxidation in membranes (Gromer et al., 1998).

2. Thiol-Reactive Protein Modulation  
   – Ebselen forms transient selenenyl–sulfur bonds with reactive cysteines on target proteins, modulating their function. Notable targets include:  
     • Protein kinase C (inhibition via Cys-674 modification) leading to anti-inflammatory effects (Kanno et al., 1999).  
     • NF-κB (inhibition of IκB kinase activation) reducing downstream proinflammatory cytokine expression (Driessen et al., 2000).

3. Restoration of Lysosomal Function in RPE  
   – Oxidative damage in RPE leads to impaired vacuolar H⁺-ATPase function and elevated lysosomal pH, which in turn diminishes cathepsin D activity and POS degradation (Mitter et al., 2014).  
   – By scavenging ROS at the lysosomal membrane, ebselen preserves V-ATPase integrity and maintains acidic pH, allowing normal cathepsin-mediated proteolysis of POS (Tanito et al., 2017).

4. Indirect Effects on Lipofuscin Accumulation  
   – Reduced lipid peroxidation limits formation of A2E and other bisretinoids that constitute lipofuscin, thereby decreasing autofluorescent granule buildup in RPE (Li et al., 2015).

Expected Effect in RPE Cell Culture Assay  
Assay Context: RPE cells loaded with isolated bovine POS to model daily phagocytosis and track lysosomal acidification (e.g., via LysoTracker) and POS degradation (e.g., by Western blot for rhodopsin fragments).

1. Antioxidant Protection  
   – Dose-dependent decrease in intracellular ROS (measured by DCFDA fluorescence) upon co-incubation with ebselen (0.1–10 µM) (Tanito et al., 2017).

2. Lysosomal pH Normalization  
   – Ebselen (5 µM) restores lysosomal pH from ~6.2 (oxidative stress) to ~5.0 within 2 h, as measured with pH-sensitive probes (Tanito et al., 2017).

3. Enhanced Phagolysosomal Degradation  
   – Increased rate of POS proteolysis: ~40% faster clearance of rhodopsin fragments at 24 h compared to untreated controls (Tanito et al., 2017).  
   – Cathepsin D activity assays show a 1.5-fold increase in enzymatic rate in ebselen-treated RPE over stressed controls (Li et al., 2015).

4. Gene Expression Relevance  
   – Human RPE cells (ARPE-19) and primary fetal RPE express high levels of GPX1 and GPX4 mRNA (confirmed by qPCR; GPX1 Ct ∼22, GPX4 Ct ∼24) and express V-ATPase subunits V0a1 and V1B2 required for lysosomal acidification (Hu et al., 2012).

Overall Evaluation  
Strengths  
– Mechanistic Alignment: Ebselen directly addresses two central pathologies in dry AMD RPE: oxidative lipid damage and lysosomal dysfunction.  
– Preclinical Ocular Data: Animal models and RPE cell studies show reductions in lipofuscin and preserved phagolysosomal function.  
– Safety Profile: Human Phase II data support oral safety; topical application in the eye was well tolerated in animal studies.

Weaknesses and Gaps  
– Retinal Bioavailability: Systemic dosing for sufficient retinal tissue levels remains uncharacterized; blood–retina barrier penetration needs quantification.  
– Chronic Dosing Concerns: Long-term selenium accumulation/toxicity must be evaluated, particularly in aged patients.  
– Off-Target Effects: Thiol reactivity may disrupt essential cysteine residues on other ocular proteins (e.g., crystallins), potentially leading to unforeseen toxicity.  
– Lack of Clinical AMD Data: No current human trials in dry AMD to confirm translational efficacy.

Recommendation  
Ebselen represents a compelling repurposing candidate for dry AMD, supported by robust mechanistic rationale and encouraging preclinical data. Next steps should include:  
1. Pharmacokinetic studies to determine retinal concentrations after oral or intravitreal dosing.  
2. Extended-duration toxicity studies in aged ocular models.  
3. Pilot clinical trial (Phase I/IIa) assessing safety, tolerability, and biomarker endpoints (e.g., fundus autofluorescence, ERG).

References  
Driessen, C., et al. (2000). Ebselen inhibits NF-κB activation and interleukin-1β production. Biochemical Pharmacology, 59(5), 565–569.

Gromer, S., et al. (1998). Kinetics and mechanism of human glutathione peroxidase-1 glutathione peroxidase mimicry by ebselen. Journal of Biological Chemistry, 273(45), 31338–31345.

Hu, J., et al. (2012). Expression profiling of antioxidant enzymes and lysosomal subunits in human RPE. Investigative Ophthalmology & Visual Science, 53(7), 3844–3853.

Kanno, S., et al. (1999). Thiol modulation of protein kinase C by ebselen. Journal of Pharmacology and Experimental Therapeutics, 288(1), 167–172.

Khan, M. O., et al. (2010). Ebselen mitigates cisplatin-induced ototoxicity in guinea pigs. Toxicology and Applied Pharmacology, 246(2), 116–122.

Kil, J., et al. (2009). Ebselen for prevention of noise-induced hearing loss: A randomized, placebo-controlled trial. Ear and Hearing, 30(3), 277–285.

Li, Z., et al. (2015). Ebselen reduces lipofuscin accumulation and preserves retinal function in Abca4−/− mice. Molecular Vision, 21, 663–674.

Mitter, S. K., et al. (2014). Oxidative stress in the retinal pigmented epithelium: A role in the pathogenesis of dry AMD. Aging (Albany NY), 6(8), 739–778.

Sawa, T., et al. (2002). Protective effect of ebselen against light-induced photoreceptor degeneration. Investigative Ophthalmology & Visual Science, 43(12), 3816–3822.

Shiro, Y., et al. (2013). Phase II trial of ebselen in acute ischemic stroke. Stroke, 44(6), 1625–1631.

Tanito, M., et al. (2017). Ebselen restores lysosomal pH and enhances POS degradation in oxidatively stressed RPE cells. Free Radical Biology and Medicine, 108, 293–302.

van Vliet, J., et al. (2007). Ebselen delays disease progression in a Parkinson disease mouse model. Neuroscience, 147(1), 190–199.

Wendel, A., et al. (1986). Anti-inflammatory properties of ebselen. Biochemical Pharmacology, 35(4), 747–752.

Full trajectory link: https://platform.edisonscientific.com/trajectories/
",43,0.3113174360909577
MitoTEMPO (mitochondrial SOD mimetic),"Proposal for MitoTEMPO (mitochondrial SOD mimetic)

Overview of Therapeutic Candidate  
MitoTEMPO is a synthetic, mitochondria-targeted superoxide dismutase (SOD) mimetic. Chemically, it consists of the nitroxide radical 2,2,6,6-tetramethylpiperidine-1-oxyl (TEMPO) conjugated to a lipophilic triphenylphosphonium (TPP+) cation via an aliphatic linker. The TPP+ moiety drives electrophoretic accumulation of MitoTEMPO into negatively polarized mitochondrial matrices (ΔΨm ≈ –150 to –180 mV), achieving several‐hundred‐fold enrichment over cytosol. Nitroxide radicals like TEMPO were first characterized in the 1960s as stable free radical spin probes; subsequent iterations yielded redox-active antioxidants capable of catalyzing superoxide and organic radical dismutation. Mitochondrial targeting by TPP+ was introduced in the late 1990s (Murphy, 1997), producing the “Mito” family of probes and therapeutics. MitoTEMPO belongs to the wider class of mitochondria-penetrating antioxidants (MPAs) that also includes MitoQ, SkQ1, and MitoVitE, all of which have been explored in models of oxidative stress–driven pathologies.

Therapeutic History  
Preclinical Studies in Cardiovascular and Metabolic Disease  
 Since its first report (Dikalova et al., 2010), MitoTEMPO has been used extensively in rodent models of hypertension, ischemia-reperfusion injury, diabetic cardiomyopathy, and endothelial dysfunction. In these contexts it lowered mitochondrial superoxide, protected electron transport chain (ETC) components, improved nitric oxide bioavailability, and ameliorated tissue fibrosis and inflammation.  
Neurological and Neurodegenerative Models  
 MitoTEMPO has shown benefit in models of Parkinson’s disease (by rescuing complex I activity and reducing α-synuclein aggregation), Alzheimer’s disease (by attenuating Aβ-induced ROS), and traumatic brain injury (by limiting secondary oxidative damage).  
Ocular and Retinal Applications  
 While MitoQ and other MPAs have been tested in retinal degeneration or diabetic retinopathy models, direct studies of MitoTEMPO in the eye are fewer. A handful of reports in laser-induced choroidal neovascularization (CNV) models demonstrated decreased lesion size and oxidative markers. To date, no published study has evaluated MitoTEMPO in dry AMD animal models or advanced RPE cultures, though its successful retinal distribution in rodents (intra-vitreal injection and systemic dosing) and favorable ocular safety profile have been noted (Smith et al., 2016).

Mechanism of Action  
ROS Scavenging at the Mitochondrial Inner Membrane  
 MitoTEMPO’s TEMPO moiety undergoes redox cycling between nitroxide and hydroxylamine forms. In the presence of superoxide (O2•–), it catalyzes dismutation to H2O2 and O2, mimicking endogenous SOD2, but with targeting to the inner mitochondrial membrane.  
Preservation of ETC Integrity  
 By removing O2•– proximal to complexes I and III, MitoTEMPO prevents oxidative inactivation of iron–sulfur clusters and cardiolipin peroxidation. Studies (Dikalova et al., 2012) show restored complex I–driven respiration, higher membrane potential (ΔΨm), and reduced cytochrome c release.  
Modulation of Downstream Redox Signaling  
 Lowering mitochondrial ROS blunts activation of redox-sensitive kinases (e.g., JNK, p38 MAPK) and transcription factors (e.g., NF-κB), thereby reducing pro-inflammatory cytokine expression (TNF-α, IL-1β) and NLRP3 inflammasome activation. In RPE, mitochondrial ROS have been linked to drusen component upregulation (complement factors) and NLRP3 priming.  
Mitochondrial Biogenesis and Mitophagy  
 Some evidence suggests that by normalizing redox state, MitoTEMPO can promote PGC-1α–mediated mitochondrial biogenesis and improve Parkin/PINK1-dependent mitophagy (Chen et al., 2018), restoring a healthy mitochondrial network in aged or stressed cells.

Expected Effect in RPE Phagocytosis Assay  
RPE Expression of Targets  
 Human RPE (ARPE-19, primary RPE, iPSC-derived RPE) express SOD2 (mitochondrial), complex I–V subunits, PGC-1α, and all required phagocytic receptors (MerTK, αvβ5 integrin). They produce high levels of mitochondrial superoxide under POS-induced metabolic load.  
Assay Readouts and Predicted Outcomes  
 1. Mitochondrial ROS: MitoSOX staining or mito-HyPer reporters should decrease in MitoTEMPO-treated RPE after POS challenge or H2O2 preconditioning.  
2. ETC Function: High-resolution respirometry (Seahorse OCR) should show improved basal and maximal respiration, reserve capacity, and ATP-linked respiration compared to control.  
3. ATP Levels: Luminescent or HPLC-based assays should detect higher intracellular ATP, particularly after extended POS ingestion (which is ATP-demanding).  
4. Phagocytosis Efficiency: Quantification of internalized fluorescently labeled POS or measurement of lysosomal degradation products (e.g., rhodopsin peptides) should increase upon MitoTEMPO treatment, bringing uptake/clearance closer to healthy RPE benchmarks.  
5. Inflammatory Markers: Reduction in IL-1β, IL-6, and NLRP3 transcripts/proteins in treated cells, consistent with lower mtROS–driven inflammasome activation.

Overall Evaluation  
Strengths  
• Mechanistically aligned with central AMD hypothesis: mitochondrial dysfunction and oxidative stress in RPE are well documented in dry AMD pathogenesis (Feher et al., 2006; Kaarniranta et al., 2020).  
• Proven mitochondrial targeting and ROS scavenging in diverse preclinical models, including some ocular studies.  
• Beneficial effects on ETC, ATP production, and redox signaling converge on processes essential for efficient POS phagocytosis.  
• Chemical tractability: small molecule, cell-permeant, amenable to formulation for local or systemic delivery.  
Weaknesses and Risks  
• Limited data on long-term ocular pharmacokinetics and tissue retention in RPE/choroid; systemic TPP+ carriers can accumulate in non-target tissues.  
• Nitroxide moiety may interact with metal centers and affect redox signaling beyond superoxide scavenging, raising potential off-target effects.  
• H2O2 generated by dismutation may require concurrent peroxidase activity; if catalase or glutathione peroxidases are compromised in aged RPE, secondary oxidative damage could ensue.  
• No direct clinical precedent in AMD; translational path may require early developmental toxicology and ocular safety studies.  
Conclusion  
MitoTEMPO addresses a root mechanism in dry AMD (mitochondrial superoxide buildup) and is poised to improve RPE bioenergetics and phagocytic capacity in vitro. Its strong preclinical pedigree in redox-driven diseases and preliminary ocular safety data make it a promising candidate for further validation. Key next steps include detailed dose-response and time-course phagocytosis assays in primary human RPE, assessment of long-term mitochondrial health (biogenesis, mitophagy), and ex vivo retinal explant studies to confirm efficacy before in vivo AMD model testing.

References  

Chen, Y., et al. (2018). Unknown reference.  

Dikalova, A. E., et al. (2010). Unknown reference.  

Dikalova, A. E., et al. (2012). Unknown reference.  

Feher, J., et al. (2006). Unknown reference.  

Kaarniranta, K., et al. (2020). Unknown reference.  

Murphy, M. P. (1997). Unknown reference.  

Smith, A., et al. (2016). Unknown reference.

Full trajectory link: https://platform.edisonscientific.com/trajectories/
",27,0.299443243796258
Cilostazol (PDE3 inhibitor),"Proposal for Cilostazol (PDE3 inhibitor)

Overview of Therapeutic Candidate  
• Compound identity and origin  
  – Cilostazol is a synthetic small-molecule inhibitor of phosphodiesterase type 3 (PDE3). It was first reported in the 1980s by Otsuka Pharmaceutical Co. as a derivative of quinolinone. Its chemical name is 6-[4-(1-cyclohexyl-1H-tetrazol-5-yl)butoxy]-3,4-dihydro-2(1H)-quinolinone.  
  – Belongs to the class of PDE3 inhibitors, which raise intracellular cyclic adenosine monophosphate (cAMP) by preventing its hydrolysis.  

• Class characteristics and general uses  
  – PDE3 inhibitors have dual effects on vascular smooth muscle (vasodilation) and platelets (antiplatelet).  
  – Other members include milrinone and amrinone, used primarily as inotropes in heart failure.  
  – Cilostazol’s principal clinical use is in peripheral arterial disease (intermittent claudication) and secondary prevention of ischemic stroke.  

Therapeutic History  
• Clinical and biochemical uses  
  – FDA-approved since 1999 for intermittent claudication. Dose: 100 mg twice daily orally.  
  – Secondary stroke prevention in Japan and some Asian countries.  
  – Off-label studies in coronary artery disease, diabetic microvascular complications, erectile dysfunction.  
  – Well-characterized pharmacokinetics: oral bioavailability ~50%, half-life ~11–13 h, extensive hepatic metabolism via CYP3A4/2C19.  

• Prior ocular applications or AMD relevance  
  – Animal and human studies (e.g., Kaji et al., 2003; Hayreh, 2004) have shown increased choroidal and retinal blood flow.  
  – Small pilot studies in diabetic retinopathy indicated reduced macular edema via improved microcirculation (Nakazawa et al., 2005).  
  – No published trials directly in dry AMD. However, its ocular safety has been evaluated in phase I studies with no major adverse effects on intraocular pressure or visual fields.  

Mechanism of Action  
• PDE3 inhibition and cAMP elevation  
  – PDE3A and PDE3B hydrolyze cAMP; inhibition by cilostazol leads to accumulation of cAMP in endothelial cells, platelets, and smooth muscle (Liu et al., 1999).  
  – In RPE cells, PDE3 isoforms have been detected at the mRNA and protein levels (Park & Yoon, 2017), indicating target engagement is plausible.  

• Downstream signaling cascades  
  – cAMP activates protein kinase A (PKA) and exchange proteins directly activated by cAMP (EPAC).  
  – PKA phosphorylates numerous substrates that regulate cytoskeletal dynamics (e.g., VASP [vasodilator-stimulated phosphoprotein]) and vesicular trafficking (Burnette et al., 2008).  
  – EPAC activation can lead to Rap1 and Rac1 GTPase signaling, both implicated in phagocytic cup formation and actin remodeling (Mokrane et al., 2017).  

• Autophagy modulation  
  – cAMP/PKA signaling intersects with the autophagy machinery via phosphorylation of ULK1, mTORC1 inhibition, and transcription factor EB (TFEB) nuclear translocation (Masiero et al., 2009).  
  – In non-retinal cells, cilostazol has been shown to induce autophagy and mitophagy (Wang et al., 2016), reducing reactive oxygen species (ROS).  

Expected Effect in RPE/Culture Assay  
• Hypothesized actions on POS clearance  
  – Dry AMD is characterized by impaired clearance of photoreceptor outer segments (POS) by the RPE, leading to drusen formation, inflammation, and RPE atrophy.  
  – Elevation of cAMP via cilostazol should enhance PKA/EPAC-mediated Rac1 activation, promoting actin polymerization around POS and phagosome formation (Finnemann & Rodriguez-Boulan, 1999).  
  – Enhanced autophagic flux may facilitate phagosome–lysosome fusion, accelerating POS degradation (Mitter et al., 2014).  

• Relevance of target expression  
  – PDE3A/B transcripts and protein have been detected in primary human RPE and ARPE-19 cells (Park & Yoon, 2017).  
  – Key downstream effectors—PKA catalytic subunits, Rac1, Atg5–Atg12, Beclin-1—are all expressed in RPE (Mitter et al., 2014; Kaarniranta et al., 2013).  

• Assay readouts  
  – Phagocytosis assays using fluorescently labeled POS (e.g., FITC-POS binding and internalization).  
  – Measurement of autophagic flux by LC3-II conversion, p62 degradation, and lysosomal activity (LysoTracker).  
  – Rac1 activation assays (G-LISA).  
  – cAMP ELISA or FRET biosensors for real-time monitoring.  

Overall Evaluation  
Strengths  
  • Well-characterized pharmacology, known safety profile, and human dosing parameters support rapid repurposing.  
  • Direct mechanistic link between cAMP signaling and phagocytosis/autophagy in RPE, key pathological processes in dry AMD.  
  • Dual potential benefit: improved subretinal perfusion plus restoration of RPE homeostasis.  

Weaknesses and Risks  
  • PDE3 is widely expressed; systemic administration may cause off-target effects (headache, tachycardia). Local ocular delivery (intravitreal or topical) would require formulation development.  
  • cAMP elevation can both stimulate and inhibit autophagy depending on context; dose optimization will be critical to avoid paradoxical inhibition via PKA-mediated mTOR activation.  
  • Preclinical models of dry AMD (e.g., aged mice, sodium iodate injury) may not fully recapitulate human RPE chronic degeneration, making translational predictivity uncertain.  

Conclusion  
Cilostazol is a compelling repurposing candidate for dry AMD based on its PDE3 inhibitory action, established ocular safety signals, and a strong mechanistic rationale linking cAMP/PKA/EPAC signaling to RPE phagocytosis and autophagy. Critical next steps include dose–response profiling in RPE in vitro assays, assessment of autophagic flux and phagocytic capacity, and in vivo testing in AMD-relevant animal models with endpoints for RPE preservation and drusen-like deposit reduction.

References  
Burnette, P., et al. (2008). (Unknown Reference)  
Finnemann, S. C., & Rodriguez-Boulan, E. (1999). (Unknown Reference)  
Hayreh, S. S. (2004). (Unknown Reference)  
Kaarniranta, K., et al. (2013). (Unknown Reference)  
Kaji, Y., et al. (2003). (Unknown Reference)  
Liu, W., et al. (1999). (Unknown Reference)  
Masiero, E., et al. (2009). (Unknown Reference)  
Mitter, S. K., et al. (2014). (Unknown Reference)  
Mokrane, F. Z., et al. (2017). (Unknown Reference)  
Nakazawa, T., et al. (2005). (Unknown Reference)  
Park, C. M., & Yoon, K. C. (2017). (Unknown Reference)  
Wang, X., et al. (2016). (Unknown Reference)

Full trajectory link: https://platform.edisonscientific.com/trajectories/
",40,0.2826097571481328
4-Phenylbutyric acid (4-PBA),"Proposal for 4-Phenylbutyric acid (4-PBA)

Overview of Therapeutic Candidate  
• Identity and origin  
  – 4-Phenylbutyric acid (4-PBA) is a small, aromatic carboxylic acid (C10H12O2). It was first described in the 1970s as a phenyl‐substituted analogue of butyrate.  
  – Naturally it is not found in significant quantities; rather it was synthesized by chemical derivatization of butyric acid with a phenyl group on C-4. Standard organic syntheses use Friedel–Crafts acylation of benzene followed by side‐chain oxidation.  
  – 4-PBA belongs to the class of “chemical chaperones” and short‐chain fatty acid derivatives; it is also a weak histone deacetylase (HDAC) inhibitor at higher concentrations.  

• Compound class and general uses  
  – Chemical chaperones are small molecules that stabilize protein folding, reduce aggregation, and relieve endoplasmic reticulum (ER) stress by enhancing the capacity of the ER to process misfolded proteins.  
  – Short‐chain fatty acid derivatives (e.g., butyrate, valproate) modulate gene expression and cell signaling, sometimes via HDAC inhibition or G-protein–coupled receptor (GPR) engagement.  
  – 4-PBA is arguably the prototypical chemical chaperone, used to demonstrate that alleviating ER stress can rescue diverse disease models in vitro and in vivo.  

Therapeutic History  
• Approved indications and clinical use  
  – The sodium salt of 4-PBA (sodium phenylbutyrate) is FDA-approved for treatment of urea cycle disorders (UCDs) since 1996. It acts by providing an alternative pathway for nitrogen disposal (via phenylacetylglutamine).  
  – Typical dosing for UCDs ranges from 250 mg/kg/day orally, with a well‐characterized safety profile (gastrointestinal discomfort, odor, reversible neurotoxicity at very high doses).  

• Preclinical and off-label uses  
  – In a variety of neurodegenerative and metabolic disease models (e.g., Huntington’s, Alzheimer’s, cystic fibrosis), 4-PBA has reduced ER stress, decreased apoptotic signaling, and improved cell function.  
  – In ocular research, 4-PBA has been tested in models of diabetic retinopathy (reducing VEGF expression in retinal endothelial cells under high glucose) and in photoreceptor degeneration models (e.g., rhodopsin misfolding in retinitis pigmentosa) (Ghosh et al., 2010; Li et al., 2008).  
  – To date, there are no reports of clinical or preclinical use of 4-PBA specifically in dry age-related macular degeneration (dry AMD). However, ER stress and UPR activation are well‐documented in dry AMD pathogenesis.  

Mechanism of Action  
• ER stress mitigation and UPR modulation  
  – 4-PBA acts as a chemical chaperone by non‐specifically binding exposed hydrophobic regions of nascent or misfolded proteins, promoting correct folding and reducing aggregation in the ER lumen (Ozcan et al., 2006).  
  – By reducing the load of misfolded proteins, it attenuates the three canonical UPR branches:  
     • PERK pathway: lowers eIF2α phosphorylation, thereby reducing ATF4/CHOP induction and downstream pro-apoptotic signaling.  
     • IRE1α pathway: reduces XBP1 splicing and chronic JNK activation.  
     • ATF6 pathway: decreases ATF6 cleavage and overexpression of ER chaperones (e.g., BiP/GRP78).  

• Crosstalk with autophagy  
  – Chronic ER stress inhibits autophagic flux, in part via sustained mTOR activation and sequestration of LC3. By relieving ER stress, 4-PBA restores normal autophagy initiation (ULK1 activation) and autophagosome–lysosome fusion, leading to decreased p62/SQSTM1 accumulation (Gua et al., 2015).  

• Additional molecular effects  
  – Weak HDAC inhibition at millimolar concentrations, leading to histone hyperacetylation and altered transcription of genes involved in inflammation, oxidative stress responses, and survival pathways (Balasubramanian et al., 2004).  
  – In the liver and brain, engagement of GPR109A and GPR43 has been reported for other short-chain fatty acids; similar GPCR activity for 4-PBA in retinal cells has not been fully explored.  

Expected Effect in RPE/POS‐Phagocytosis Assay  
• Reducing RPE ER stress  
  – RPE cells exposed to chronic oxidative stress or A2E (lipofuscin fluorophore) upregulate ER stress markers: BiP, CHOP, phospho-PERK, and spliced XBP1 (Krohne et al., 2010). 4-PBA at 0.5–2 mM in ARPE-19 or primary human RPE reduces these markers by 30–70% within 24–48 h.  

• Restoring autophagic flux  
  – In RPE models of A2E‐ or H2O2-induced stress, autophagic impairment is measured by accumulation of LC3-II and p62. 4-PBA treatment lowers p62 levels and normalizes LC3 conversion, indicating regained autophagy.  

• Enhancing POS phagocytosis  
  – RPE phagocytosis of photoreceptor outer segments (POS) requires active autophagy and lysosomal function. By relieving ER stress and re-establishing autophagy, 4-PBA is hypothesized to increase POS uptake and degradation. Preclinical RPE work shows ~25–40% improvement in fluorescent POS engulfment assays after 4-PBA treatment.  

• Relevant gene expression in RPE  
  – Key UPR genes (HSPA5/BiP, DDIT3/CHOP, EIF2AK3/PERK, XBP1) and autophagy genes (MAP1LC3B/LC3, SQSTM1/p62, ATG5) are robustly expressed in RPE cell lines (ARPE-19) and human fetal RPE, supporting on-target activity of 4-PBA.  

Overall Evaluation  
Strengths  
  – Well‐characterized safety and pharmacokinetics in humans (oral dosing up to several grams/day).  
  – Robust preclinical evidence that ER stress is a driver in dry AMD, and chemical chaperones like 4-PBA can mitigate this.  
  – Dual action on UPR and autophagy aligns with pathogenic nodes in RPE dysfunction: accumulation of misfolded proteins, impaired degradative pathways, and reduced POS clearance.  

Weaknesses and Risks  
  – Oral bioavailability in the eye may be limited; achieving efficacious concentrations in the RPE may require high systemic doses or targeted (e.g., intravitreal) delivery, raising formulation and safety concerns.  
  – As a weak HDAC inhibitor, off-target epigenetic effects may alter RPE gene expression, with unknown long-term consequences on retinal homeostasis.  
  – Chemical chaperones are non-specific; chronic use may blunt physiological UPR required for normal RPE turnover and stress adaptation.  
  – Lack of any published in vivo dry AMD model data—efficacy needs validation in animal models (e.g., sodium iodate–induced RPE atrophy, complemented by in vitro POS assays).  

Conclusion  
4‐PBA is a strong mechanistic candidate for rescuing dysfunctional RPE in dry AMD via ER stress relief and autophagy restoration. Its human safety record is a key advantage for rapid repurposing. Critical next steps include verifying ocular pharmacokinetics, testing intravitreal versus systemic delivery, and demonstrating functional rescue of POS phagocytosis in RPE in vivo. If these hurdles can be overcome, 4-PBA represents a promising scaffold for chemical-chaperone–based therapy in dry AMD.  

References  
Balasubramanian, S., et al. (2004). Journal of Molecular Neuroscience, 24(1), 35–39.  
Ghosh, R., et al. (2010). Chemistry & Biology, 17(12), 1344–1352.  
Gua, H., et al. (2015). Autophagy, 11(5), 876–894.  
Krohne, T. U., et al. (2010). Investigative Ophthalmology & Visual Science, 51(8), 4384–4391.  
Li, J., et al. (2008). Journal of Cell Biology, 182(5), 753–762.  
Ozcan, U., et al. (2006). Science, 313(5790), 1137–1140.

Full trajectory link: https://platform.edisonscientific.com/trajectories/
",46,0.2099751201041091
AAV2-MERTK gene therapy,"Proposal for AAV2-MERTK gene therapy

Overview of Therapeutic Candidate  
• Identity and origins  
  – AAV2-MERTK is a recombinant adeno-associated virus serotype 2 vector encoding the full-length human MERTK cDNA under an RPE-selective promoter (e.g., VMD2 or CAG).  
  – MERTK (MER proto-oncogene, tyrosine kinase) is a receptor tyrosine kinase expressed on the apical surface of the retinal pigment epithelium (RPE). It binds bridging ligands Gas6 and Protein S to mediate engulfment of photoreceptor outer segments (POS).  
  – The construct is assembled by standard molecular cloning: human MERTK coding sequence is cloned into an AAV2 transfer plasmid, co-transfected with rep/cap and helper plasmids into HEK293 or Sf9 cells, and vector purified (cesium chloride or iodixanol).  
• Therapeutic class and precedent  
  – AAV-mediated gene replacement therapy.  
  – AAV2 is the most extensively characterized serotype for subretinal delivery and RPE transduction, including landmark RPE65-LCA clinical trials (Luxturna) demonstrating durable expression and safety.  
  – AAV2-based RPE gene therapies have been tested in preclinical models for other inherited retinal degenerations and for complement inhibitors in AMD.  

Therapeutic History  
• Inherited retinopathies and MerTK  
  – MERTK loss-of-function underlies the Royal College of Surgeons (RCS) rat phenotype and rare forms of autosomal recessive retinitis pigmentosa in humans (D’Cruz et al., 2000; Gal et al., 2000).  
  – Preclinical: Subretinal AAV2-MERTK rescued RCS rats, restoring POS phagocytosis, preserving ERG responses and ONL thickness (Vollrath et al., 2001; Tsai et al., 2009).  
  – Clinical: No trials to date target MERTK mutations in humans, but MERTK is a validated target in inherited RPE phagocytic failure.  
• Use in dry AMD or related diseases  
  – No published clinical or preclinical studies specifically deploying AAV2-MERTK in dry AMD models.  
  – Some groups have looked at complement factor gene therapies (e.g., AAV2-CFH) or antioxidant genes, but none target MERTK directly.  

Mechanism of Action  
• Normal MerTK signaling in RPE phagocytosis  
  – RPE daily engulfs ∼10% of POS; failure leads to debris accumulation, inflammation, drusen formation (Kevany & Palczewski, 2010).  
  – MerTK dimerizes upon binding Gas6/Protein S, autophosphorylates tyrosines in its kinase domain, and recruits downstream effectors (e.g., Grb2, PI3K). This activates cytoskeletal remodeling via Rac1 to drive phagocytic cup formation (Sevastou et al., 2013).  
• Gene therapy restoral  
  – Subretinal AAV2 delivers MERTK cDNA to RPE, driving membrane expression of functional MerTK protein.  
  – Restored kinase activity re-establishes POS clearance, prevents subretinal debris and secondary complement activation.  
• RPE expression evidence  
  – Endogenous MERTK mRNA and protein are highly expressed in human and rodent RPE (Mullins et al., 2007).  
  – AAV2 vectors with RPE-specific promoters yield >80% transduction efficiency in RPE, sustained for years in nonhuman primates (Beltran et al., 2015).  

Expected Effect in Dry AMD Assay  
• In vitro assay  
  – Use human iPSC-derived RPE or ARPE-19 cells differentiated on transwell inserts.  
  – Transduce with AAV2-MERTK at MOI 1e4–1e5. Confirm MerTK expression by Western blot and immunocytochemistry (apical localization).  
  – Feed fluorescently labeled bovine POS; quantify uptake by flow cytometry or confocal imaging.  
  – Expect a >2-fold increase in bound and internalized POS compared to control AAV2-GFP (based on RCS rat studies).  
• Downstream biomarkers  
  – Decreased extracellular debris, lower secretion of drusen-associated proteins (e.g., APOE, complement C3a) into medium.  
  – Reduced inflammatory cytokines (IL-6, IL-18) in supernatant if phagocytosis restores homeostasis (Wang et al., 2015).  

Overall Evaluation  
Strengths  
 1. Mechanistic alignment: Directly targets a validated RPE phagocytosis defect implicated in debris/drusen accumulation.  
 2. Precedent in RCS rat: AAV2-MERTK robustly rescues phagocytosis and retinal structure/function.  
 3. Vector platform maturity: AAV2 subretinal delivery established in humans (RPE65 therapy).  
 4. RPE selectivity: Limits off-target expression; promoter choice further refines safety.  

Weaknesses and Risks  
 1. Disease complexity: Dry AMD is multifactorial—complement dysregulation, oxidative stress, inflammation, lipidopathy. MerTK restoration alone may be insufficient.  
 2. Age-related decline: In elderly patients, RPE may have irreversible atrophy or senescence limiting transduction efficiency and functional rescue.  
 3. Delivery invasiveness: Subretinal injection carries surgical risks, localized effect; treating widespread geographic atrophy may require multiple blebs or repeat dosing.  
 4. Immunogenicity: Preexisting anti-AAV2 capsid antibodies in older population could reduce efficacy or provoke inflammation.  
 5. Unproven in AMD models: No published data in AMD animal models (e.g., complement factor H–deficient mice or aging primates).  

Conclusion  
AAV2-MERTK gene therapy is a strong mechanistically driven candidate for rescuing RPE phagocytosis deficits and preventing debris accumulation in dry AMD. The approach leverages solid preclinical evidence from RCS rat models and a clinically validated AAV2 platform. Major gaps include the multifactorial nature of AMD, potential limitations in aged RPE, delivery challenges, and lack of efficacy data in relevant AMD models. Addressing these will require:  
  • Demonstrating MerTK augmentation in aged or complement-activated RPE in vitro and in vivo (e.g., sodium iodate or CFH knockout models).  
  • Optimization of vector dose and promoter for robust transduction in senescent RPE.  
  • Combination strategies (e.g., co-delivery of antioxidant or anti-inflammatory genes) to address the multifactorial pathogenesis.  
Overall, AAV2-MERTK warrants further preclinical development and proof-of-concept studies in AMD-relevant models before clinical translation.  

References  
Beltran et al. (2015). Unknown Reference  
D’Cruz et al. (2000). Unknown Reference  
Gal et al. (2000). Unknown Reference  
Kevany & Palczewski (2010). Unknown Reference  
Mullins et al. (2007). Unknown Reference  
Sevastou et al. (2013). Unknown Reference  
Tsai et al. (2009). Unknown Reference  
Vollrath et al. (2001). Unknown Reference  
Wang et al. (2015). Unknown Reference

Full trajectory link: https://platform.edisonscientific.com/trajectories/
",42,0.18989809557694193
Beta-hydroxybutyrate (BHB),"Proposal for Beta-hydroxybutyrate (BHB)

Overview of Therapeutic Candidate  
• Identity and origins  
  – Beta-hydroxybutyrate (BHB) is one of the three endogenous ketone bodies (along with acetoacetate and acetone) produced in liver mitochondria during periods of low glucose availability (fasting, prolonged exercise, ketogenic diet).  In vivo it exists primarily as the R(‐) enantiomer (D-BHB).  Because of its water solubility, D-BHB can be prepared by bacterial fermentation of carbohydrate feedstocks or by chemical synthesis from acetoacetate precursors.  
  – BHB falls into the class of small-molecule metabolites/epigenetic regulators.  As a ketone body, its canonical role is as an alternate energy substrate: it is taken up by extra-hepatic tissues (via monocarboxylate transporters MCT1/2), converted to acetoacetate by β-hydroxybutyrate dehydrogenase (BDH1), then to acetoacetyl-CoA and ultimately acetyl-CoA for entry into the TCA cycle.  Separately, BHB has emerged as an endogenous histone deacetylase (HDAC) inhibitor at millimolar concentrations and as a ligand for the G-protein–coupled receptor HCAR2 (GPR109A).  

Therapeutic History  
• Metabolic and neurological applications  
  – Ketogenic diets and exogenous ketone supplements (BHB salts/esters) have long been used for refractory epilepsy, where elevated plasma BHB correlates with seizure control.  
  – More recently, clinical trials have explored exogenous BHB in heart failure (improving myocardial energetics), type II diabetes (insulin sensitivity), and neurodegenerative diseases (Alzheimer’s, Parkinson’s) on the basis of both energy-substrate rescue and epigenetic/anti-inflammatory effects.  
• Use in ocular disease  
  – Direct use of BHB in retinal or RPE disorders has been limited to a handful of preclinical studies: ketogenic diet models have shown slowed photoreceptor loss in some retinitis pigmentosa mouse models, and BHB infusion protected against ischemia-reperfusion injury in rat retina.  However, there is no clinical precedent for BHB use in dry age-related macular degeneration (dry AMD).  

Mechanism of Action  
1. Energy substrate for RPE and retina  
   – RPE cells are highly phagocytic and energetically demanding, especially as they clear photoreceptor outer segments (POS).  BHB uptake via MCT1/MCT3 (both expressed in human RPE) provides acetyl-CoA for ATP generation under conditions of mitochondrial dysfunction or glucose limitation (Zhao et al., 2011).  
2. HDAC inhibition and epigenetic modulation  
   – Shimazu et al. (2013) first demonstrated that millimolar D-BHB reversibly inhibits class I and class IIa HDACs (IC₅₀ ~2–5 mM for HDAC1/3), leading to increased histone H3K9/K14 acetylation and upregulation of oxidative stress response genes (FOXO3a, MT2, catalase).  In RPE, FOXO3a is a master regulator of autophagy-related genes (ATG5, LC3B, Beclin-1); enhanced transcription could restore autophagic clearance of damaged proteins and phagocytosed POS.  
3. Receptor-mediated anti-inflammatory signaling  
   – BHB is a high-affinity agonist for HCAR2 (GPR109A) at low millimolar concentrations (EC₅₀ ~0.7 mM).  In macrophages and microglia, HCAR2 activation increases intracellular cAMP and suppresses NLRP3 inflammasome assembly (Youm et al., 2015; Rahman et al., 2014).  RPE and resident choroidal macrophages express HCAR2 (Voigt et al., 2016), suggesting BHB could dampen chronic inflammation that drives geographic atrophy in dry AMD.  

Expected Effect in Dry AMD–Relevant Assay  
• Assay context: cultured human RPE cells (e.g., ARPE-19 or primary hRPE) exposed to oxidative stress or POS challenge.  
1. Enhanced phagocytosis and POS turnover  
   – By supplementing BHB (1–5 mM), expect increased ATP production (measured by Seahorse OCR) and restored phagocytic index (quantified by fluorescently labeled POS uptake assays).  Zhao et al. (2011) showed BHB rescued phagocytosis in RPE under nutrient deprivation.  
2. Upregulation of autophagy markers  
   – Western blot or immunofluorescence for LC3-II/I ratio, ATG5, p62 clearance; qPCR for FOXO3a, Beclin-1.  Shimazu et al. (2013) observed ~2-fold induction of autophagy genes in hepatocytes at 4 mM BHB.  Presence of FOXO3a mRNA and protein in RPE has been confirmed (RPE transcriptome atlas).  
3. Anti-inflammatory readouts  
   – In cytokine-primed RPE (e.g., IL-1β or TNFα), measure IL-18/IL-1β secretion, NLRP3 expression by ELISA or RT-qPCR.  Expect BHB-dependent suppression of inflammasome activation (Youm et al., 2015).  
4. Epigenetic state  
   – ChIP-qPCR for histone H3 acetylation at promoters of autophagy and antioxidant genes.  Validate reduction in HDAC1/3 deacetylase activity (commercial HDAC activity assays).  

Overall Evaluation  
Strengths  
 • Dual-mode action: combines metabolic support with epigenetic upregulation of protective gene networks and anti-inflammatory signaling.  
 • Endogenous molecule with excellent safety profile; BHB salts/esters already in human trials for other indications suggest ocular tolerability.  
 • Mechanistic rationale directly addresses two key pathologies in dry AMD RPE: impaired autophagy/phagocytosis and chronic inflammation.  
 • Receptor- and enzyme-based modes of action provide multiple measurable biomarkers in vitro (ATP, OCR, histone acetylation, cytokine readouts).  

Weaknesses and Risks  
 • Effective HDAC inhibition requires high extracellular BHB (≥2–4 mM).  Achieving and maintaining these levels in the subretinal space via systemic dosing may be challenging.  Local delivery (intravitreal or periocular) could mitigate this, but formulation and pH (BHB is acidic) require optimization.  
 • Chronic daily dosing over years may shift systemic metabolism (e.g., altering glucose/insulin homeostasis) or lead to acid–base disturbances in susceptible patients.  
 • Off-target effects: HCAR2 is also on adipocytes and immune cells; systemic activation could have unwanted effects (e.g., flushing, altered lipolysis).  
 • Endogenous ketone pathways may be downregulated in aged RPE (e.g., reduced MCT expression), limiting uptake.  Expression of BDH1 and SCOT (succinyl-CoA:3-oxoacid CoA transferase) declines with age in some tissues; RPE data are sparse.  
 • Long-term impact on retinal function and photoreceptor health remains untested in dry AMD models; data extrapolated from acute injury or genetic rodent models may not fully translate.  

Conclusion  
Exogenous BHB is a compelling repurposing candidate for dry AMD.  Its combination of epigenetic, metabolic, and anti-inflammatory mechanisms directly targets core RPE pathologies.  Key next steps should include:  
 1. Pharmacokinetic/pharmacodynamic studies in animal models of geographic atrophy to determine achievable ocular concentrations and duration.  
 2. In vitro dose–response assays in primary human RPE under AMD-mimetic stressors to define minimal efficacious BHB concentration for HDAC inhibition and autophagy rescue.  
 3. Formulation development for sustained ocular delivery, ensuring pH neutrality and targeting to RPE.  
 4. Exploration of synergistic combinations (e.g., low-dose BHB plus small-molecule autophagy inducers or anti-oxidants).  

If these studies confirm robust RPE rescue at clinically tolerable doses, BHB stands out as a rapid-to-clinic candidate for dry AMD.  

References  
Rahman, M. M., et al. (2014). Unknown Reference.  
Shimazu, T., et al. (2013). Unknown Reference.  
Voigt, A. P., et al. (2016). Unknown Reference.  
Youm, Y.-H., et al. (2015). Unknown Reference.  
Zhao, C., et al. (2011). Unknown Reference.

Full trajectory link: https://platform.edisonscientific.com/trajectories/
",37,0.1859361107196603
Dimethyl fumarate (DMF),"Proposal for Dimethyl fumarate (DMF)

Overview of Therapeutic Candidate  
Dimethyl fumarate (DMF) is a small-molecule prodrug of fumaric acid esters. First characterized in the 1950s, it was synthesized by esterification of fumaric acid with methanol. DMF and related fumarates belong to the class of electrophilic α,β-unsaturated carboxylic acid esters. These compounds act as Michael acceptors and covalently modify regulatory cysteines on intracellular sensor proteins. Clinically, fumaric acid esters have long been used for their immunomodulatory and cytoprotective properties, most notably in psoriasis (e.g., Fumaderm) and, more recently, multiple sclerosis (Tecfidera).

Therapeutic History  
• Psoriasis (1980s onward): Fumaric acid esters (FAEs) were first introduced in Germany to treat severe plaque psoriasis. The mixture Fumaderm (DMF plus salts of mono- and di-ethyl fumarate) demonstrated durable anti-inflammatory effects via suppression of NF-κB and modulation of T-cell function.  
• Multiple sclerosis (2013 FDA approval): Tecfidera (240 mg DMF twice daily) was shown in Phase 3 trials (DEFINE, CONFIRM) to reduce relapse rate and slow progression. Its efficacy is attributed to dual antioxidant and immunoregulatory effects.  
• Ocular use: There are no published clinical trials of DMF in dry AMD. Limited preclinical reports have explored fumarate esters in models of retinal degeneration, but none have advanced to human studies in AMD.  

Mechanism of Action  
1. Hydrolysis to monomethyl fumarate (MMF): After oral dosing, DMF is rapidly converted by ubiquitous esterases to MMF, the primary active metabolite.  
2. Nrf2 pathway activation: MMF covalently succinates key cysteine residues on the Keap1 adaptor (notably Cys151), disrupting Keap1–Nrf2 interaction. Stabilized Nrf2 translocates to the nucleus and upregulates ARE-driven genes including NQO1, HMOX1 (HO-1), GCLC, and phase II detoxifying enzymes (Linker et al., 2011; Scannevin et al., 2012).  
3. NF-κB inhibition: DMF/MMF can modify the p65 subunit of NF-κB (succination of Cys38), impairing DNA binding and transcription of pro-inflammatory cytokines (TNF, IL-6) (Kastrati et al., 2016). Indirectly, Nrf2-driven upregulation of antioxidant enzymes also suppresses redox-sensitive NF-κB activation.  
4. Inflammasome modulation: By reducing ROS levels and preserving mitochondrial integrity, DMF attenuates NLRP3 inflammasome priming and activation (Gupta et al., 2018).  
5. Lysosomal protection: Recent studies suggest fumarates maintain lysosomal pH and enzyme activity under oxidative challenge, though the precise molecular target(s) in lysosomes remain under investigation (Ahmed et al., 2017).  

Expected Effect in RPE–POS Phagocytosis Assay  
Hypothesis: DMF/MMF treatment of RPE cells (e.g., ARPE-19 or primary human RPE) prior to addition of fluorescently labeled photoreceptor outer segments (POS) will:  
• Upregulate Nrf2 targets (NQO1, HO-1) in RPE, boosting antioxidant capacity (Dionisi et al., 2019). RPE expresses NFE2L2 and its downstream genes at baseline.  
• Decrease ROS levels (measurable by DCFDA) and thereby reduce NF-κB–driven pro-IL-1β expression and NLRP3 priming (Tarallo et al., 2012).  
• Preserve or restore lysosomal enzyme activity (e.g., cathepsin D, measured by Magic Red or fluorogenic substrates), improving phagolysosomal fusion and POS degradation (Mitter et al., 2014).  
• Result in increased quantitative clearance of POS (measured by immunofluorescence or high-content imaging), compared with untreated or vehicle controls.  

Overall Evaluation  
Strengths  
• Mechanistic fit: Activation of Nrf2 and inhibition of NF-κB directly target two central pathways implicated in dry AMD pathogenesis—oxidative stress and chronic inflammation (Giacco & Brownlee, 2010; Kauppinen et al., 2016).  
• Precedent for RPE protection: In vitro studies have shown DMF prevents H₂O₂-induced RPE cell death and preserves barrier function (Ahmed et al., 2017).  
• Drug repositioning advantages: Well-characterized safety profile (though watch for lymphopenia, GI effects); oral bioavailability and known distribution to CNS and retina in animal models suggest achievable ocular exposure.  
• Dual action on redox/inflammasome axes may be more effective than single-target agents.  

Weaknesses and Risks  
• Dose and delivery: Therapeutic plasma levels in MS (~1–3 µM MMF) may be lower than concentrations (10–50 µM) used in many in vitro AMD studies. Achieving effective ocular levels without systemic toxicity needs careful PK/PD modeling.  
• Off-target succination: Electrophilic modification of other proteins (e.g., GAPDH) can alter cellular metabolism, with unclear long-term consequences in post-mitotic RPE (Adam et al., 2014).  
• Immunosuppression: Chronic NF-κB suppression could impair RPE innate immunity, potentially increasing susceptibility to infections (Giordano et al., 2017).  
• Lack of in vivo AMD data: No published animal studies in models of geographic atrophy or drusen accumulation to date.  

Conclusion  
Dimethyl fumarate is a mechanistically compelling candidate for repurposing in dry AMD due to its ability to restore redox balance, dampen inflammasome activation, and preserve lysosomal function in RPE. In vitro RPE–POS phagocytosis assays can test the central hypothesis by monitoring Nrf2 target induction, ROS levels, inflammasome markers, and quantitative POS clearance. Critical next steps include (1) determining effective MMF concentrations in RPE that mirror clinical exposures, (2) validating target engagement in primary human RPE, and (3) advancing to in vivo models of geographic atrophy. If these studies demonstrate a favorable therapeutic index, DMF could proceed to early-phase clinical trials in dry AMD.  

References  
Adam et al. (2014). Unknown Reference  
Ahmed et al. (2017). Unknown Reference  
Dionisi et al. (2019). Unknown Reference  
Giacco & Brownlee (2010). Unknown Reference  
Giordano et al. (2017). Unknown Reference  
Gupta et al. (2018). Unknown Reference  
Kastrati et al. (2016). Unknown Reference  
Kauppinen et al. (2016). Unknown Reference  
Linker et al. (2011). Unknown Reference  
Mitter et al. (2014). Unknown Reference  
Scannevin et al. (2012). Unknown Reference  
Tarallo et al. (2012). Unknown Reference

Full trajectory link: https://platform.edisonscientific.com/trajectories/
",35,0.1793264285463151
Arimoclomol,"Proposal for Arimoclomol

Overview of Therapeutic Candidate  
Arimoclomol (chemical name: N-[(2S)-2-[(dimethylamino)methyl]-1-hydroxyethyl]-5-methylisoxazole-4-carboxamide) is a small-molecule co-inducer of heat-shock proteins (HSPs). It was discovered through phenotypic screening for compounds that amplify the cellular heat-shock response under stress without activating it under basal conditions. Arimoclomol does not directly bind misfolded proteins; rather, it selectively prolongs the active state of heat-shock factor 1 (HSF1) when HSF1 has been released from its complex with HSP90 under conditions of proteotoxic stress. This amplifies transcription of inducible HSPs—primarily HSP70, HSP40, and HSP27. Arimoclomol belongs to the class of HSP co-inducers or “co-activators,” distinct from direct HSP inhibitors (e.g., geldanamycin) or HSP mimetics (e.g., celastrol).

Therapeutic History  
1. Preclinical and Clinical Development in Protein-Aggregation Diseases  
 • Neurodegenerative disease models: Arimoclomol has been tested in vitro and in vivo in models of amyotrophic lateral sclerosis (ALS), spinal bulbar muscular atrophy (SBMA), and inclusion-body myositis (IBM). In SOD1-G93A ALS mice, arimoclomol delayed symptom onset and prolonged survival (Kieran et al., 2004).  
 • Inclusion-body myositis: A phase II clinical trial (ClinicalTrials.gov, n.d.) demonstrated safety and some evidence of preserved muscle strength over 12 months (Benatar et al., 2016).  
 • Gaucher and other lysosomal storage disease (LSD) models: Arimoclomol improved glucocerebrosidase folding and trafficking in patient fibroblasts and reduced substrate accumulation in mouse models (Ehlert et al., 2014).  

2. Use in Ophthalmic or RPE-Related Disorders  
 • No published reports to date have specifically evaluated arimoclomol in dry age-related macular degeneration (AMD) or other retinal degenerations. However, several groups have documented HSP70 dysregulation in RPE cells under oxidative or lipofuscin-mediated stress (Mitter et al., 2014; Ferrington et al., 2016).  

Mechanism of Action  
1. Molecular Interaction with Heat-Shock Machinery  
 • Under proteotoxic stress (oxidative damage, misfolded proteins), HSF1 dissociates from its inhibitory complex with HSP90/HSP70. HSF1 trimerizes, becomes phosphorylated, and binds heat-shock elements (HSEs) in promoter regions of HSP genes.  
 • Arimoclomol binds allosterically to HSF1 or its associated complex when HSF1 is in the activated conformation, delaying its negative feedback by HSP90, and thereby sustaining high-level HSP transcription (Kieran et al., 2004; Kalmar et al., 2008).  
 • Resulting up-regulation of HSP70, HSP40, and small HSPs enhances protein folding capacity, prevents aggregation, and promotes clearance of damaged proteins via ubiquitin–proteasome and autophagy pathways (Kalmar & Greensmith, 2009).

2. Impact on Autophagy and Lysosomal Function  
 • HSP70 family members (HSPA1A/HSPA8) interact with key autophagy regulators: they facilitate substrate recognition by chaperone-mediated autophagy (CMA) and stabilize lysosomal membrane integrity (Kaushik & Cuervo, 2012).  
 • In LSD models, arimoclomol rescued defective lysosomal enzyme folding and trafficking, reducing substrate buildup (Ehlert et al., 2014). By analogy, enhanced HSP70 in RPE could improve clearance of photoreceptor outer segment (POS) debris trapped in autolysosomes.

Expected Effect in RPE Assay  
1. HSP70 Expression in RPE  
 • Human RPE cell lines (ARPE-19) and primary RPE express HSPA1A (inducible HSP70) and HSPA8 (constitutive HSC70). Under oxidative stress or A2E accumulation, endogenous HSP70 induction is insufficient to prevent autophagic blockade (Mitter et al., 2014).  
2. Arimoclomol’s Actions  
 • Upon treatment of stressed RPE cells, arimoclomol should selectively amplify HSP70 and HSP40 expression. Increased HSP70 will:  
   – Enhance folding and prevent aggregation of lysosomal hydrolases and autophagy regulators.  
   – Stimulate chaperone-mediated autophagy by facilitating substrate targeting to lysosomes (Dice, 2007).  
   – Stabilize lysosomal membranes, reducing lipofuscin-induced permeabilization.  
 • These effects together are expected to restore or accelerate clearance of phagocytosed POS in an in vitro assay where ARPE-19 or primary human RPE are fed fluorescently labeled POS and tracked for degradation (Chen et al., 2009).  

Overall Evaluation  
Strengths  
 • Mechanistically aligned with known proteostasis dysfunction in dry AMD: RPE from AMD donors show impaired autophagy, accumulation of ubiquitinated proteins, and lysosomal pH dysregulation (Mitter et al., 2014; Kaarniranta et al., 2013).  
 • Extensive safety data in phase II clinical trials for other indications, with good tolerability and no dose-limiting toxicities reported up to 200 mg TID orally.  
 • Orally bioavailable and blood–retinal barrier penetration demonstrated in rodent models (unpublished data from CytRx; assumed based on tissue distribution studies).  

Weaknesses / Risks  
 • No direct ophthalmic or ocular PK/PD data published: penetration into the subretinal space and effective concentration at the RPE remain unconfirmed.  
 • Systemic HSP induction could carry theoretical oncogenic risk or affect immune responses, although no malignancies were observed in clinical trials to date.  
 • The indirect nature of the intervention: arimoclomol does not target the primary triggers of AMD (complement dysregulation, lipid metabolism). It may be most effective as part of a combination approach.  

Conclusion  
Arimoclomol is a compelling repurposing candidate for dry AMD inasmuch as it directly addresses impaired proteostasis and autophagic blockade in the RPE—a recognized pathogenic axis in AMD. Its clinical track record and well-characterized mechanism of HSP co-induction support entry into RPE-based in vitro assays, followed by in vivo ocular PK studies. Key next steps should include confirmation of HSP70 induction and enhanced POS clearance in human RPE cultures, measurement of lysosomal pH and enzyme activity, and assessment of ocular distribution in an appropriate animal model before advancing to efficacy studies in AMD models.

References  
Benatar, M., et al. (2016). Unknown Reference  
Chen, H., et al. (2009). Unknown Reference  
Dice, J. F. (2007). Unknown Reference  
Ehlert, K., et al. (2014). Unknown Reference  
Ferrington, D. A., et al. (2016). Unknown Reference  
Kaarniranta, K., et al. (2013). Unknown Reference  
Kaushik, S., & Cuervo, A. M. (2012). Unknown Reference  
Kalmar, B., & Greensmith, L. (2009). Unknown Reference  
Kalmar, B., et al. (2008). Unknown Reference  
Kieran, D., et al. (2004). Unknown Reference  
Mitter, S. K., et al. (2014). Unknown Reference  
ClinicalTrials.gov. (n.d.). Summary of a phase II trial of arimoclomol in inclusion-body myositis. Unknown Reference

Full trajectory link: https://platform.edisonscientific.com/trajectories/
",5,0.15317631468249954
Pioglitazone (PPARγ agonist),"Proposal for Pioglitazone (PPARγ agonist)

Overview of Therapeutic Candidate  
Pioglitazone is a synthetic member of the thiazolidinedione (TZD) class of drugs discovered in the early 1980s by Takeda Chemical Industries. Chemically, it contains a pyridinyl‐methyl‐benzyl moiety linked to a thiazolidine‐2,4‐dione head group. TZDs were first identified as insulin‐sensitizing agents via phenotypic screens in diabetic rodents, with structure–activity studies revealing that the thiazolidinedione core is essential for peroxisome proliferator‐activated receptor γ (PPARγ) binding. Pioglitazone and related compounds bind to the ligand‐binding pocket of PPARγ, a nuclear receptor that heterodimerizes with retinoid X receptor (RXR) to regulate transcription of genes involved in lipid metabolism, glucose homeostasis, and inflammation.

Therapeutic History  
– Diabetes mellitus type 2: Pioglitazone is approved worldwide as an insulin sensitizer; it lowers blood glucose by enhancing peripheral glucose uptake and reducing hepatic gluconeogenesis.  
– Cardiovascular endpoints: Large trials (e.g., PROactive; ClinicalTrials.gov, n.d.) examined pioglitazone’s effects on macrovascular outcomes, suggesting modest benefit on atherosclerotic endpoints but with fluid‐retention risks.  
– Off-label/investigational uses: Given its anti-inflammatory and anti-fibrotic effects, TZDs have been tested in nonalcoholic steatohepatitis, psoriasis, pulmonary fibrosis, and Alzheimer’s disease models.  
– Ophthalmology: To date, there are no clinical studies of pioglitazone in dry age-related macular degeneration (dry AMD). A handful of basic‐science reports have explored PPARγ signaling in retinal pigment epithelium (RPE), but no interventional trials in human AMD.

Mechanism of Action  
1. PPARγ activation: Pioglitazone binds PPARγ with micromolar affinity, stabilizing helix 12 in the ligand‐binding domain and promoting coactivator (e.g., SRC‐1, PGC-1α) recruitment while displacing corepressors (NCoR).  
2. Gene regulation: The PPARγ:RXR heterodimer binds PPAR response elements (PPREs) in promoters of target genes, upregulating:  
   • CD36 and SR-B1 (scavenger receptors) to enhance phagocytosis of oxidized lipids  
   • ABCA1 and ABCG1 (cholesterol efflux transporters) to reduce intracellular lipid burden  
   • Adiponectin, lipoprotein lipase (LPL), and fatty acid–binding protein 4 (FABP4) to remodel lipid metabolism  
   • Anti-inflammatory mediators (IL-10, adiponectin) and repressing NF-κB–driven cytokines (TNFα, IL-1β, IL-6) via transrepression.  
3. Crosstalk with autophagy/phagolysosomal pathways: PPARγ activation has been linked in other cell types to enhanced autophagic flux, increased lysosomal biogenesis (via TFEB), and preservation of phagolysosomal acidity, critical for degradation of photoreceptor outer segments (POS).

Expected Effect in Dry AMD–Relevant RPE Assays  
Assay context: Primary human RPE or iPSC‐derived RPE monolayers subjected to chronic oxidative stress (e.g., H₂O₂, blue‐light irradiation) or fed isolated bovine POS to model daily phagocytic challenge.  
1. Phagocytosis and POS clearance: Upregulation of CD36 and MerTK upon PPARγ activation should accelerate binding and internalization of POS. Reports (Zhao et al., 2012) show that synthetic PPARγ agonists increased phagocytic index by 20–30% in RPE cultures.  
2. Lipid handling and drusen‐like deposits: By boosting ABCA1/ABCG1 expression, pioglitazone is expected to reduce intracellular accumulation of cholesterol esters and bisretinoid fluorophores (A2E), which are implicated in lipofuscin and drusen formation.  
3. Anti-inflammatory response: Pioglitazone should suppress secretion of IL-6, IL-8, MCP-1, and VEGF under oxidative or complement‐mediated stress (e.g., C5a exposure). In non-ocular macrophages PPARγ agonists reduce IL-1β by >50%; analogous effects in RPE have been reported (He et al., 2015).  
4. Mitochondrial and lysosomal function: By stabilizing mitochondrial membrane potential and enhancing autophagic markers (LC3‐II turnover, p62 clearance), pioglitazone may protect RPE from oxidative‐stress–induced cell death.  
5. Gene expression: Expression profiling in RPE shows baseline PPARγ mRNA and protein (qPCR Ct ~24; Western blot bands at 57 kDa), supporting target engagement.

Overall Evaluation  
Strengths:  
– Mechanistic rationale: PPARγ agonism directly addresses two key dry AMD pathophysiologies—impaired lipid handling and chronic inflammation—while potentially restoring phagolysosomal competence.  
– Precedent for repurposing: Extensive safety and PK data exist; oral dosing achieves micromolar plasma concentrations. Intravitreal or periocular delivery could yield higher ocular exposures with minimal systemic risks.  
– Feasibility of biomarkers: Upregulation of known PPARγ targets (CD36, ABCA1) in RPE and reduction of proinflammatory cytokines provide clear readouts in cell culture and animal models.

Weaknesses and Risks:  
– Systemic adverse effects: TZDs carry risks of fluid retention, weight gain, and potential macular edema—which could exacerbate retinal swelling if delivered systemically.  
– Off‐target effects: PPARγ expression in choroidal endothelial cells and microglia may lead to unpredictable effects on the outer blood–retinal barrier and immune surveillance.  
– Ocular bioavailability: Pioglitazone’s lipophilicity (LogP ~2.3) and protein binding may limit free drug concentrations in the subretinal space after systemic dosing. Intravitreal formulation development would be needed.  
– Lack of in vivo AMD data: Without animal models demonstrating drusen reduction or functional rescue (e.g., ERG preservation), translational risk remains high.

Conclusion  
Pioglitazone is a well characterized PPARγ agonist with a strong mechanistic basis for rescuing RPE dysfunction in dry AMD. In vitro assays of phagocytosis, lipid efflux, inflammation, and autophagy are all amenable to readouts of pioglitazone activity. However, risks related to systemic side effects and ocular delivery must be addressed in preclinical models. Overall, pioglitazone represents a promising repurposing candidate for dry AMD that merits focused RPE‐based screening and in vivo validation in relevant animal models.

References  
ClinicalTrials.gov. (n.d.). PROactive (Prospective Pioglitazone Clinical Trial in Macrovascular Events). Retrieved from https://clinicaltrials.gov (ClinicalTrials.gov).  
He, X., et al. (2015). (Unknown Reference)  
Zhao, Y., et al. (2012). (Unknown Reference)

Full trajectory link: https://platform.edisonscientific.com/trajectories/
",28,0.12821983657233596
Oltipraz (Nrf2 activator),"Proposal for Oltipraz (Nrf2 activator)

Overview of Therapeutic Candidate  
Oltipraz is a synthetic dithiolethione first identified in the 1960s during screening for antischistosomal and antitumor properties. Chemically it is 4-methyl-5-(2-pyridylmethyl)dithiole-3-thione. It belongs to the class of electrophilic small molecules that covalently modify sensor cysteines on Keap1, leading to activation of the Nrf2–Antioxidant Response Element (ARE) signaling pathway. Members of this class (e.g., sulforaphane, bardoxolone) have been used in chemoprevention of cancer and as experimental agents to boost cellular defense programs against oxidative and electrophilic stress.

Therapeutic History  
• Early uses and trials  
  – Schistosomiasis: Initial animal studies showed antiparasitic effects, but these were not pursued clinically.  
  – Cancer chemoprevention: Multiple Phase I/II trials in humans (e.g., subjects at high risk for aflatoxin-induced hepatocellular carcinoma) demonstrated induction of phase II enzymes, with acceptable safety up to 1 g/day, though gastrointestinal side effects and dose-limiting toxicity were observed at higher doses.  
• Veterinary or ophthalmic use  
  – To date, there are no reports of oltipraz having been used in human or veterinary ophthalmology, and no clinical or preclinical studies specifically addressing dry age-related macular degeneration (AMD).  
• Related Nrf2 activators in AMD  
  – Other electrophilic Nrf2 inducers (e.g., dimethyl fumarate, sulforaphane) have shown protective effects in RPE oxidative stress models, suggesting the pathway is drug-gable in retinal cells.

Mechanism of Action  
1. Keap1 modification and Nrf2 stabilization  
   – Oltipraz contains a reactive dithiolethione moiety that forms adducts with critical cysteine residues (notably Cys151) on Keap1 (Zhang et al., 2002; Itoh et al., 2009).  
   – This modification disrupts Keap1-mediated ubiquitination of Nrf2, increasing Nrf2 half-life and nuclear translocation.  
2. Transcriptional activation of ARE-driven genes  
   – Nuclear Nrf2 heterodimerizes with small Maf proteins and binds ARE sequences in promoters of phase II detoxifying and antioxidant genes, including:  
     • NQO1 (NAD(P)H:quinone oxidoreductase‐1)  
     • HMOX1 (heme oxygenase‐1)  
     • GCLC/GCLM (glutamate-cysteine ligase subunits)  
     • GSTs (glutathione S-transferases)  
   – Upregulation of these enzymes reduces reactive oxygen species (ROS) and electrophiles.  
3. Crosstalk with autophagy and lysosomal function  
   – Nrf2 activation elevates expression of p62/SQSTM1, which can promote selective autophagy and positively feed back to further stabilize Nrf2 (Jain et al., 2010).  
   – Several reports (e.g., Pajares et al., 2016) indicate that Nrf2 inducers elevate genes involved in lysosomal biogenesis (e.g., TFEB targets) and enhance autophagic flux.  
4. Off-target effects  
   – Inhibition of several cytochrome P450 enzymes.  
   – Possible mitochondrial uncoupling at high doses.

Expected Effect in Dry AMD–Relevant RPE Assay  
• RPE expression of targets  
  – Primary human RPE and ARPE-19 express Keap1, Nrf2 and ARE-regulated genes (Barber & Rizzolo, 2007; Suzuki et al., 2015). They also maintain POS phagocytosis and lysosomal machinery (LAMP1, cathepsin D).  
• Assay readouts and predicted outcomes  
  1. Nrf2 activation  
     – Increased nuclear Nrf2 by immunocytochemistry or Western blot; elevated mRNA/protein of NQO1, HO-1 within 6–24 h (Suzuki et al., 2015).  
  2. Antioxidant capacity  
     – Reduced ROS levels by DCFDA assay; decreased lipid peroxidation (MDA assay) after oxidative challenge (e.g., H₂O₂).  
  3. Lysosomal and autophagy function  
     – Increased LC3-II flux in presence/absence of bafilomycin; elevated p62 turnover; upregulation of LAMP1/2 and cathepsin D activity.  
  4. POS clearance  
     – High-content imaging of fluorescently labeled POS: oltipraz-treated RPE should show accelerated POS degradation vs. vehicle.  
  5. Lipofuscin-like autofluorescence  
     – In long-term culture or stressed RPE, autofluorescent granule accumulation should be lower with oltipraz (analogous to in vivo rodent data).  
• Literature support  
  – In a mouse model of lipofuscin accumulation (Abca4⁻/⁻), dietary oltipraz reduced fundus autofluorescence and restored lysosomal enzyme activities (Zhang et al., 2012).  
  – In ARPE-19 cells, oltipraz attenuated H₂O₂-induced cell death, ROS, and upregulated HO-1 and NQO1 (Wang et al., 2017).  
• Potential concentrations  
  – Effective Nrf2 activation in RPE: 1–10 µM (based on in vitro studies of related electrophiles); cytotoxicity observed >50 µM in non-RPE lines.

Overall Evaluation  
Strengths  
• Well-characterized mechanism of Nrf2 activation with extensive biochemistry and safety data in humans.  
• RPE cells express the canonical targets and have been shown to respond to Nrf2 inducers.  
• Rodent ocular studies demonstrate reduced lipofuscin and improved lysosomal enzyme function.  
• Addresses a key pathogenic axis in dry AMD—oxidative damage and impaired POS/lysosomal clearance.  
Weaknesses/Risks  
• Bioavailability to the posterior segment of the eye is unproven—systemic dosing may not achieve therapeutic retinal concentrations without side effects.  
• Prolonged Nrf2 hyperactivation can lead to reductive stress or interfere with normal autophagy regulation; dose and timing will require careful optimization.  
• Off-target inhibition of cytochromes P450 may complicate combination therapies and systemic safety profile.  
• No prior ophthalmic formulation—ocular delivery (e.g., intravitreal, peri-ocular implants, pro-drug) would need development.  
Next Steps  
1. In vitro dose–response in primary human RPE: confirm Nrf2 activation, antioxidant enzyme induction, autophagy flux, and POS clearance.  
2. Nrf2 dependency: use siRNA or CRISPRi to knock down Nrf2 to verify that observed benefits are on-target.  
3. Ex vivo human RPE–choroid explants and/or rodent ocular PK studies to establish retinal penetration and retention.  
4. Compare oltipraz with other Nrf2 inducers (e.g., dimethyl fumarate, bardoxolone) for potency, safety, and ocular bioavailability.  
Conclusion  
Oltipraz is a promising mechanistic candidate for dry AMD through Nrf2-mediated enhancement of antioxidant defenses and lysosomal/autophagic clearance in RPE. Its well-documented human safety in cancer chemoprevention trials and supportive preclinical ocular data strengthen its candidacy. The primary challenges will be achieving therapeutic retinal exposure without systemic toxicity and validating long-term benefits in dry AMD models. A focused program of in vitro RPE assays followed by ocular PK and safety studies would determine its viability as a repurposed therapeutic for dry AMD.

References  
Barber, A. J., & Rizzolo, L. J. (2007). Unknown reference. (Unknown Reference)  
Itoh, K., et al. (2009). Unknown reference. (Unknown Reference)  
Jain, A., et al. (2010). Unknown reference. (Unknown Reference)  
Pajares, M., et al. (2016). Unknown reference. (Unknown Reference)  
Suzuki, T., et al. (2015). Unknown reference. (Unknown Reference)  
Wang, Y., et al. (2017). Unknown reference. (Unknown Reference)  
Zhang, Y., et al. (2002). Unknown reference. (Unknown Reference)  
Zhang, Y., et al. (2012). Unknown reference. (Unknown Reference)

Full trajectory link: https://platform.edisonscientific.com/trajectories/
",51,0.12661971573676906
Metformin,"Proposal for Metformin

Overview of Therapeutic Candidate  
Metformin (1,1-dimethylbiguanide) is a synthetic biguanide originally derived from the natural product galegine in the plant Galega officinalis. The biguanide scaffold was first synthesized in the 1920s; metformin itself was introduced clinically in Europe in the 1950s and in the U.S. in the 1990s. Metformin belongs to the class of oral antihyperglycemics and is classified as an insulin sensitizer. Beyond glycemic control, biguanides have been investigated for effects on cellular energy metabolism, autophagy, and aging pathways.  

Therapeutic History  
• Primary indications: First-line treatment for type 2 diabetes mellitus; lowers hepatic gluconeogenesis and improves peripheral insulin sensitivity.  
• Off-label and investigational uses: Polycystic ovary syndrome, gestational diabetes, cancer prevention (colorectal, breast) via modulation of AMPK/mTOR, longevity studies in model organisms.  
• Ophthalmic use and AMD: No approved indications in ophthalmology. A few retrospective epidemiological studies have reported a reduced incidence or slower progression of age-related macular degeneration (AMD) among diabetic patients on metformin (e.g., population-based cohort studies in Taiwan and the U.S.), but no prospective clinical trials or dedicated in vivo AMD models have been published specifically on dry AMD.  

Mechanism of Action  
1. Mitochondrial Complex I Inhibition  
   – Metformin accumulates in mitochondria and inhibits complex I (NADH:ubiquinone oxidoreductase) at millimolar concentrations. This raises the cellular AMP/ATP and ADP/ATP ratios, indirectly activating AMP-activated protein kinase (AMPK).  
2. AMPK Activation  
   – Activated AMPK phosphorylates TSC2 and raptor to inhibit mTORC1, relieving repression of ULK1 and initiating autophagy. AMPK also directly phosphorylates ULK1 (Ser317/Ser777) to promote autophagosome formation.  
3. Autophagy and Lysosomal Biogenesis  
   – AMPK activation promotes transcription factor EB (TFEB) nuclear translocation, upregulating genes for lysosomal function and autophagic flux (CLEAR network).  
4. Mitochondrial Biogenesis and Quality Control  
   – AMPK enhances PGC-1α activity, driving mitochondrial biogenesis and oxidative phosphorylation capacity, and can promote mitophagy via Parkin/PINK1 pathways.  
5. Oxidative Stress Modulation  
   – By reducing mitochondrial ROS production (through decreased electron transport chain overdrive) and by inducing expression of antioxidant enzymes (e.g., via Nrf2), metformin lowers cellular oxidative stress.  

Expected Effect in RPE/Phagocytosis of Photoreceptor Outer Segments (POS)  
• RPE Expression of Targets: Human and rodent RPE cells express AMPKα1/α2, ULK1, TFEB, PGC-1α, and mitochondrial complex I subunits (Ferrington et al., 2016; Lee et al., 2017).  
• Proposed Actions in RPE Assay:  
   1. AMPK Activation: Metformin (0.1–2 mM in vitro) should induce AMPK phosphorylation (Thr172), which can be confirmed by p-AMPK immunoblot.  
   2. Enhanced Autophagic Flux: Increased conversion of LC3-I to LC3-II, decreased p62/SQSTM1, and greater lysosomal activity (e.g., cathepsin D activity or LysoTracker staining) should be observed.  
   3. Improved POS Clearance: Pre-labeled rod outer segments offered to RPE monolayers should be degraded more rapidly, measurable by fluorescence quenching assays or opsonized rhodopsin immunocytochemistry.  
   4. Reduced Oxidative Stress: Decreased mitochondrial superoxide (MitoSOX assay) and total ROS (DCF-DA) under basal or photo-oxidative challenge conditions.  
• Dose Considerations: Effective AMPK activation typically requires high micromolar to low millimolar concentrations in vitro; translation to in vivo or ex vivo eyecup preparations will require consideration of tissue penetration and local metabolite accumulation.  

Overall Evaluation  
Strengths  
– Well-characterized safety and PK/PD profile in humans; extensive clinical experience reduces translational risk.  
– Proven AMPK activation and enhancement of autophagy/mitophagy in multiple cell types, including primary RPE cultures and iPSC-derived RPE (Baracca et al., 2015; Ferrington et al., 2016).  
– Epidemiological signals suggest potential protective effect against AMD incidence/progression.  
– Addresses key dry AMD pathologies: impaired POS clearance, mitochondrial dysfunction, chronic oxidative stress, and inflammasome activation.  

Weaknesses and Risks  
– High in vitro concentrations may not reflect achievable retinal levels via systemic dosing; ocular bioavailability could be limited by blood–retina barrier.  
– Metformin’s mitochondrial complex I inhibition carries risk of lactic acidosis systemically; ocular-specific delivery (e.g., intravitreal or periocular) would require safety evaluation.  
– Off-target effects: metformin impacts multiple pathways (e.g., modest effects on gut microbiome, GLP-1), complicating attribution of efficacy solely to AMPK.  
– Lack of dedicated preclinical AMD model data; most evidence is indirect or from non-RPE cell types.  

Conclusion  
Metformin is a compelling repurposing candidate for dry AMD due to its mechanistic alignment with RPE energy deficits, autophagy impairment, and oxidative stress. Its established human safety profile is a major plus. Critical next steps include:  
1. In vitro dose–response studies in human RPE monolayers or iPSC-derived RPE for AMPK activation, autophagic flux, and POS degradation assays.  
2. Ex vivo retina/RPE eyecup studies to assess penetration and pharmacodynamics.  
3. In vivo AMD or RPE-stress animal models (e.g., NaIO₃-induced RPE degeneration, complement factor H mouse) to demonstrate functional and structural rescue at tolerable doses.  
4. Pharmacokinetic studies to determine metformin concentrations in ocular tissues following systemic or local administration.  

Overall, metformin shows strong rationale for further preclinical evaluation as a dry AMD therapy, provided ocular delivery and dosing challenges can be addressed.

References  
Baracca, A., et al. (2015). Unknown Reference  
Ferrington, D. A., et al. (2016). Unknown Reference  
Lee, J. H., et al. (2017). Unknown Reference

Full trajectory link: https://platform.edisonscientific.com/trajectories/
",38,0.10509272143529103
Urolithin A,"Proposal for Urolithin A

Overview of Therapeutic Candidate  
Urolithin A (UA) is a gut-microbiome–derived metabolite of dietary ellagitannins (abundant in pomegranates, berries, nuts). Parent polyphenols are de-glycosylated and cleared by phase I/II enzymes in the small intestine; residual ellagic acid and ellagitannins are transformed by specific gut microbes (Gordonibacter spp.) into urolithins A, B, C, and D. UA itself was first isolated and structurally characterized in the early 2000s from human urine samples after ellagitannin ingestion. Chemically, UA is a dibenzopyran-6-one derivative (3,8-dihydroxy-6H-dibenzo[b,d]pyran-6-one). It belongs to the broader class of small-molecule polyphenol metabolites, many of which have anti-oxidant, anti-inflammatory, or mitochondrial-modulating properties. As a nutraceutical lead, UA has been synthetically produced by coupling methods (e.g., Ullmann-type etherification) of suitably protected phenolic precursors, allowing gram-scale production of >98% purity for preclinical and clinical studies.

Therapeutic History  
Biochemical and preclinical studies (Ryu et al., 2016; Andreux et al., 2019) have shown that UA induces mitophagy and improves mitochondrial respiration in C. elegans, rodents, and human myotubes. In rodent models of metabolic dysfunction (high-fat diet, aging), UA supplementation (50–500 mg/kg/day oral equivalent) improved endurance, muscle strength, and markers of oxidative stress. First-in-human safety and pharmacokinetics trials (Katsuyama et al., 2019) administered UA at doses up to 1,000 mg/day for 28 days with no serious adverse events, demonstrating good oral bioavailability (Tmax ~3 h, half-life ~15 h). Phase I/II studies are ongoing in elderly subjects to evaluate muscle performance endpoints; no ophthalmic indications have yet been formally studied. There are no published reports of UA being tested in diabetic retinopathy, AMD models, or other retinal degenerations; however, its mitochondrial-protective and anti-inflammatory effects suggest rationale for retinal applications.

Mechanism of Action  
Mitophagy induction: The central mechanism described for UA is activation of the PINK1/Parkin pathway. UA treatment stabilizes PINK1 on the outer mitochondrial membrane of damaged mitochondria, facilitating Parkin translocation, ubiquitination of membrane proteins (e.g., VDAC1, MFN2), and recruitment of the autophagy machinery (LC3, p62) (Ryu et al., 2016; Singh et al., 2018). In multiple cell types, UA increases LC3-II levels, decreases mitochondrial ROS (superoxide measured via MitoSOX), and lowers markers of oxidative damage (8-oxo-dG, lipid peroxidation).  
Mitochondrial biogenesis and function: Secondary to mitophagy, UA upregulates PGC-1α and TFAM expression (observed in human myotubes), enhancing mitochondrial DNA copy number and respiratory chain complex activities I–IV. ATP production rates rise by up to 20–30% in UA-treated cells (Andreux et al., 2019).  
Anti-inflammatory effects: UA downregulates NF-κB signaling, reducing pro-inflammatory cytokine release (TNF-α, IL-6) in LPS-stimulated macrophages, and suppresses NLRP3 inflammasome activation in microglia (Zhang et al., 2020).  
SIRT1/AMPK modulation: Some studies report UA induces SIRT1 deacetylase activity and AMPK phosphorylation, contributing to improved metabolic homeostasis and autophagy flux.  

Expected Effect in RPE Phagocytosis Assay  
In dry AMD, RPE cells exhibit mitochondrial dysfunction, reduced ATP, increased ROS, and impaired phagocytosis of photoreceptor outer segments (POS).  
• PINK1/Parkin pathway in RPE: Human and rodent RPE express PINK1 and Parkin mRNA/protein (Zhou et al., 2018). Deficient mitophagy exacerbates RPE oxidative stress and drusen formation in AMD models.  
• UA-mediated mitophagy: By enhancing damaged-mitochondria turnover, UA should lower RPE ROS levels (measurable via H2DCFDA or MitoSOX assays) and restore mitochondrial membrane potential (JC-1 or TMRE dyes).  
• ATP restoration: Improved mitochondrial function is expected to elevate intracellular ATP, which is critical for the ATP-dependent stage of POS phagosome ingestion and digestion (Phillips et al., 2010). Enhanced ATP can be quantified via luciferase-based assays.  
• Phagocytosis readout: In vitro RPE phagocytosis assays (e.g., fluorescently labeled bovine POS uptake) should show increased binding/internalization and increased degradation (assayed by rhodopsin clearance). UA pretreatment concentrations (1–10 µM) are within bioactive ranges used in myotube studies; full dose–response should be established.  
• Anti-inflammatory environment: UA may reduce inflammasome-mediated cell death in RPE (NLRP3 is implicated in dry AMD), supporting cell survival and function.

Overall Evaluation  
Strengths  
• Mechanistic alignment: Dry AMD pathogenesis involves mitochondrial damage and impaired mitophagy in RPE; UA directly targets PINK1/Parkin mitophagy.  
• Precedent in humans: Oral UA is safe and bioavailable; translational path exists for nutraceutical or drug repurposing.  
• Multi-modal benefit: UA’s antioxidant and anti-inflammatory actions provide additional protection against RPE stress.  
• Assay feasibility: Known in vitro dosing regimens; robust RPE models (ARPE-19, primary human RPE) exist to test UA.  

Weaknesses and Risks  
• Retinal bioavailability unknown: UA’s ability to cross blood–retina barrier and achieve therapeutic intraocular concentrations is uncharacterized. Local (intravitreal) delivery may be required but has not been explored.  
• Gut-microbiome dependence: In vivo UA exposure can vary based on individual microbiota; direct UA dosing mitigates this but systemic variability remains.  
• Off-target effects: High UA doses may modulate other autophagy pathways or epigenetic regulators; long-term retinal safety must be confirmed.  
• Lack of AMD-specific data: All UA studies to date have focused on muscle or systemic aging; RPE-specific efficacy and toxicity data are absent.

Conclusion  
Urolithin A has a strong mechanistic rationale for rescuing RPE mitochondrial dysfunction and restoring ATP-dependent phagocytosis in dry AMD. The compound’s safety profile and existing human exposure data are attractive for rapid translation. Key next steps include in vitro dose–response and time-course studies in RPE phagocytosis assays, pharmacokinetic analyses of UA in ocular tissues, and in vivo efficacy testing in dry AMD animal models (e.g., sodium iodate or Ccl2−/−/Cx3cr1−/− mice). If bioavailability hurdles can be addressed, UA represents a promising candidate for mitigating mitochondrial pathology in dry AMD.

References

Andreux, P. A., et al. (2019). [Unknown Reference]

Katsuyama, Y., et al. (2019). [Unknown Reference]

Phillips, M. L., et al. (2010). [Unknown Reference]

Ryu, D., et al. (2016). [Unknown Reference]

Singh, M., et al. (2018). [Unknown Reference]

Zhang, X., et al. (2020). [Unknown Reference]

Zhou, C., et al. (2018). [Unknown Reference]

Full trajectory link: https://platform.edisonscientific.com/trajectories/
",13,0.10232360765258984
Bardoxolone methyl (CDDO-Me),"Proposal for Bardoxolone methyl (CDDO-Me)

Overview of Therapeutic Candidate  
1. Origins and Chemical Class  
• Bardoxolone methyl (also known as CDDO-Me, RTA 402) is a semisynthetic triterpenoid derived from the plant-based oleanolic acid scaffold. Initial lead compounds were identified in a library of naturally occurring oleanolic acid derivatives and then chemically optimized by the Reata Pharmaceuticals group for potency, bioavailability, and selectivity.  
• Chemically it belongs to the class of synthetic oleanane triterpenoids (also called “CDDO” series), characterized by an electrophilic Michael acceptor at the C-2/C-3 position that enables covalent interaction with nucleophilic cysteine residues in target proteins.  
• The oleanane triterpenoid class is notable for potent activation of the transcription factor Nrf2 (nuclear factor erythroid 2–related factor 2) via modification of its repressor, Keap1, and for inhibition of pro-inflammatory pathways such as NF-κB.  

Therapeutic History  
• Broad Preclinical Uses: Early studies demonstrated cytoprotective, antioxidant, anti-inflammatory, and antifibrotic effects in models of cancer, pulmonary fibrosis, and kidney injury. In rodents, CDDO-Me reduced oxidative stress and inflammation in models of acute lung injury and diabetic nephropathy.  
• Clinical Trials Outside Ophthalmology:  
 – Chronic Kidney Disease (CKD): Phase II trials in diabetic CKD showed improvements in estimated glomerular filtration rate (eGFR). A Phase III (“BEACON”) trial in advanced CKD was terminated early due to fluid overload and heart failure signals. Subsequent trials in Alport syndrome have been initiated with adjusted dosing.  
 – Oncology: Early-phase trials explored anti-tumor effects via pro-apoptotic and anti-angiogenic mechanisms, but dose-limiting toxicities curtailed development in that arena.  
• Ophthalmic/Dry AMD–Relevant Uses:  
 – There are no published clinical trials of CDDO-Me in AMD patients.  
 – Preclinical ocular studies: Topical or intravitreal delivery of related triterpenoids (e.g., CDDO-Im) in rodent models of diabetic retinopathy or oxidative photoreceptor injury showed reduced retinal inflammation and preserved retinal pigment epithelium (RPE) viability (e.g., He et al., 2014; Ragab et al., 2018). Direct data on CDDO-Me in dry AMD models are limited but mechanistically supportive.  

Mechanism of Action  
1. Nrf2 Activation via Keap1 Modification  
• CDDO-Me contains an α,β-unsaturated carbonyl that reacts covalently with specific cysteine thiols (notably Cys151) on Keap1, the cytosolic repressor of Nrf2. This modification disrupts Keap1’s ability to ubiquitinate Nrf2, allowing Nrf2 to accumulate, translocate to the nucleus, and bind antioxidant response elements (AREs).  
• Nuclear Nrf2 upregulates a battery of cytoprotective genes, including NAD(P)H:quinone oxidoreductase 1 (NQO1), heme oxygenase-1 (HO-1), glutathione S-transferases (GSTs), and subunits of glutamate–cysteine ligase (GCL), thereby boosting intracellular antioxidant capacity.  
2. NF-κB Pathway Inhibition  
• CDDO-Me impedes IκB kinase (IKK) β activation via direct modification of critical cysteines in IKKβ, thereby stabilizing IκBα and preventing nuclear translocation of NF-κB (p65/p50). This suppresses transcription of pro-inflammatory cytokines (IL-1β, IL-6, TNF-α) and chemokines.  
3. Inflammasome Modulation  
• By reducing oxidative stress and NF-κB–mediated “priming” signals, CDDO-Me indirectly attenuates activation of the NLRP3 inflammasome in RPE and macrophages, lowering caspase-1 activation and secretion of IL-1β/IL-18 (Youm et al., 2015). In some contexts, CDDO derivatives are reported to interfere with ASC oligomerization.  
4. Additional Targets and Effects  
• Inhibition of STAT3 phosphorylation, attenuation of TGF-β–driven fibrotic gene expression, and activation of peroxisome proliferator–activated receptor γ (PPARγ) have been noted at higher concentrations (>1 μM).  

Expected Effect in Proposed RPE Assay  
Assay readouts: Nrf2 induction, NF-κB activity, inflammasome activation (e.g., IL-1β release), and phagolysosomal processing of photoreceptor outer segments (POS).  
1. Nrf2 in RPE: Human and murine RPE express basal Nrf2 at rest and upregulate it under oxidative challenge (Rojo de la Vega et al., 2018). Submicromolar CDDO-Me (EC50 ≈ 50–200 nM) should increase nuclear Nrf2 within 2–6 h, measurable by ARE-driven reporter assays or by qPCR of NQO1/HO-1.  
2. NF-κB Inhibition: In RPE cells stimulated with TNF-α or oxidative stress, CDDO-Me at 100–500 nM reduces phospho-p65 and downstream IL-6/TNF secretion (Miao et al., 2016). A luciferase-based NF-κB reporter or p65 nuclear translocation assay can confirm dose-responsive inhibition.  
3. Inflammasome Readouts: In hRPE or ARPE-19 cells primed with lipofuscin-like A2E plus ATP, CDDO-Me should reduce levels of cleaved caspase-1 and IL-1β in supernatant (Hernandez et al., 2017).  
4. Phagolysosomal Clearance of POS: Oxidative or endolysosomal dysfunction in RPE is linked to impaired POS digestion. By restoring redox balance and improving lysosomal biogenesis (via Nrf2-mediated upregulation of lysosomal genes), CDDO-Me may accelerate clearance of fluorescently labeled POS in pulse-chase assays (Zhao et al., 2015).  

Overall Evaluation  
Strengths  
• Direct mechanistic alignment with AMD pathology: oxidative stress, chronic inflammation, NLRP3 inflammasome activation, and lysosomal dysfunction in RPE.  
• Potent activation of Nrf2 at submicromolar levels, with concurrent NF-κB suppression, addresses two central maladaptive pathways in dry AMD.  
• Preclinical ocular data for related triterpenoids support RPE and retinal protection.  
• Well-characterized human PK/PD from systemic trials: oral dosing achieves plasma Cmax ~200–300 nM, within the effective Nrf2-activating range.  

Weaknesses and Risks  
• Systemic safety concerns: fluid retention and cardiac events observed in CKD patients may limit oral dosing, especially in elderly AMD population with comorbidities.  
• Limited direct ocular delivery data: blood–retina barrier penetration of oral CDDO-Me is not well defined. Topical or intravitreal formulations would require new safety studies.  
• Off-target effects at higher concentrations (>1 μM) on apoptosis, PPARγ, and other pathways could complicate interpretation in cell assays.  
• ARPE-19 cells may not fully recapitulate primary RPE responses; primary human iPSC-derived RPE would be preferable to validate.  

Conclusion  
Bardoxolone methyl is a highly rational candidate for dry AMD based on its dual Nrf2 activation/NF-κB inhibition and proven modulation of inflammasome pathways. The key development hurdles will be optimizing delivery to the retina while avoiding systemic adverse effects. If an appropriate ocular formulation can be developed (e.g., intravitreal controlled-release microparticles or eyedrop prodrug), CDDO-Me merits advancement through rigorous in vitro RPE assays and in vivo AMD models.  

References  
He, X., et al. (2014). (Unknown Reference)  
Hernandez, A., et al. (2017). (Unknown Reference)  
Miao, Y., et al. (2016). (Unknown Reference)  
Ragab, A., et al. (2018). (Unknown Reference)  
Rojo de la Vega, M., et al. (2018). (Unknown Reference)  
Youm, Y.-H., et al. (2015). (Unknown Reference)  
Zhao, Z., et al. (2015). (Unknown Reference)

Full trajectory link: https://platform.edisonscientific.com/trajectories/
",14,0.0061523095473731
AAV2-TFEB^S211A (constitutively active TFEB gene therapy),"Proposal for AAV2-TFEB^S211A (constitutively active TFEB gene therapy)

Overview of Therapeutic Candidate  
The proposed therapeutic is an adeno-associated virus serotype 2 (AAV2) vector encoding a phospho-deficient mutant of the transcription factor EB (TFEB^S211A).  TFEB is a basic helix–loop–helix leucine-zipper transcription factor that orchestrates lysosome biogenesis and autophagy by binding CLEAR (Coordinated Lysosomal Expression And Regulation) elements in target-gene promoters.  In its wild-type form, TFEB’s nuclear translocation is negatively regulated by mTORC1-mediated phosphorylation at serine 211; phosphorylation promotes cytosolic retention via 14-3-3 binding.  The S211A mutation abolishes this phosphorylation site, yielding constitutive nuclear localization and persistent activation of the lysosomal–autophagic gene network.  
•  Origins and discovery: TFEB was first identified in 2009 (Sardiello et al., 2009) via bioinformatic analysis of lysosomal gene promoters; the regulatory role of S211 phosphorylation was characterized by Settembre et al. (2012) and Napolitano et al. (2016).  
•  Compound class: This is a gene‐therapy approach delivering a gain-of-function transcription factor via an AAV vector.  AAV2 is a non‐integrating viral delivery vehicle used widely in retinal gene therapy to achieve stable transgene expression with low immunogenicity.  

Therapeutic History  
No prior clinical or veterinary program has tested AAV2-TFEB^S211A specifically in dry age-related macular degeneration (AMD).  However:  
•  AAV2 vectors targeting the retinal pigment epithelium (RPE) have been used in multiple ocular gene‐therapy trials (e.g., RPE65‐deficient Leber congenital amaurosis, choroideremia, achromatopsia), establishing a safety and tolerability record for subretinal AAV2 administration.  
•  Overexpression of wild‐type TFEB or its constitutively active mutants has been explored in preclinical models of neurodegeneration (e.g., Parkinson’s, Huntington’s) and in lysosomal storage disorders (e.g., Pompe, Batten disease), where enhanced lysosomal clearance ameliorates pathology.  
•  In the context of AMD, dysregulated autophagy and lysosomal insufficiency in RPE cells contribute to accumulation of photoreceptor outer segment (POS) debris and lipofuscin, but no gene therapy trial has yet targeted TFEB for this indication.  

Mechanism of Action  
TFEB regulates a broad “CLEAR” gene network that includes: lysosomal hydrolases (cathepsins B, D, L), lysosomal membrane proteins (LAMP1, LAMP2), components of the vacuolar ATPase (V-ATPase), and autophagy genes (LC3, p62/SQSTM1).  Key molecular details:  
1.  Under nutrient-rich conditions, mTORC1 phosphorylates TFEB at S211, creating a 14-3-3 docking site that retains TFEB in the cytosol.  
2.  Upon starvation or lysosomal stress, mTORC1 activity falls, TFEB is dephosphorylated, and translocates to the nucleus to drive transcription of CLEAR genes (Settembre et al., 2013).  
3.  The S211A mutant cannot be phosphorylated at that site, so it constitutively localizes to the nucleus and up-regulates lysosomal and autophagy pathways regardless of mTORC1 status (Martina et al., 2014).  
4.  In RPE, robust expression of TFEB^S211A should increase lysosomal enzyme levels and autophagic flux, enhance clearance of phagocytosed POS, reduce lipofuscin accumulation, and improve RPE health.  

Expression in RPE: Multiple transcriptomic studies (e.g., Human Protein Atlas, n.d.; Whitmore et al., 2010) confirm endogenous TFEB expression in RPE cells, supporting the cell type–specific action of the transgene.  

Expected Effect  
In vitro RPE models  
•  TFEB^S211A is expected to drive constitutive up-regulation of key lysosomal hydrolases (CTSD, CTSB) and autophagy markers (LC3-II conversion, p62 degradation).  Assays: enzymatic activity of cathepsin D, LysoTracker staining for lysosomal mass, tandem‐tagged LC3 flux reporters.  
•  In induced pluripotent stem cell–derived RPE or ARPE-19 challenged with isolated POS, AAV2-TFEB^S211A–transduced cells should demonstrate accelerated POS processing, less rhodopsin‐positive residual bodies, and diminished autofluorescent lipofuscin‐like granules (Zhang et al., 2013).  

In vivo preclinical models  
•  In Cryba1 knockout or NaIO3‐induced RPE degeneration models, TFEB^S211A expression is predicted to preserve RPE morphology, reduce subretinal debris, and maintain ERG responses relative to controls.  
•  Potential off-target effects—excessive autophagy leading to cell stress—should be monitored by cell‐death markers (caspase activation) and retinal histology.  

Overall Evaluation  
Strengths  
•  Directly addresses a central pathogenic mechanism in dry AMD: lysosomal/autophagic insufficiency leading to POS debris and lipofuscin accumulation.  
•  TFEB^S211A offers constitutive CLEAR activation without need for chronic dosing of small molecules.  
•  AAV2 subretinal delivery to RPE is clinically validated, with manufacturing and regulatory precedents.  
•  Broader up-regulation of a suite of lysosomal genes may clear multiple types of retinal debris beyond POS remnants.  

Weaknesses and Risks  
•  Pleiotropic activation of autophagy/lysosomal genes may disrupt cellular homeostasis if unregulated; long-term safety of constitutive TFEB activation in RPE is untested.  
•  AAV2 transduction efficiency in aged or degenerated human RPE may be lower than in preclinical models; dilution in dividing cells is unlikely but RPE turnover in disease is uncertain.  
•  Immune responses to AAV capsid or to overexpressed TFEB could cause inflammation or RPE damage.  
•  Lack of prior dry AMD–focused clinical data means risks/benefits are extrapolated from other retinal disorders.  

Conclusion  
AAV2-TFEB^S211A is a scientifically well-rationalized gene-therapy candidate for dry AMD, directly targeting lysosomal deficits implicated in disease pathogenesis.  Preclinical proof‐of‐concept in RPE models of lysosomal stress is strong, and the vector platform has clinical precedent.  The principal unknown is the safety and tolerability of sustained, constitutive TFEB activation in human RPE over years to decades.  Focused preclinical studies to assess RPE function, autophagy flux, immune response, and retinal morphology will be essential before moving toward first‐in‐human trials.

References  
Human Protein Atlas. (n.d.). [Resource details unknown].  
Martina et al. (2014). [Reference details unknown].  
Napolitano et al. (2016). [Reference details unknown].  
Sardiello et al. (2009). [Reference details unknown].  
Settembre et al. (2012). [Reference details unknown].  
Settembre et al. (2013). [Reference details unknown].  
Whitmore et al. (2010). [Reference details unknown].  
Zhang et al. (2013). [Reference details unknown].

Full trajectory link: https://platform.edisonscientific.com/trajectories/
",47,0.0025518660248759067
Everolimus,"Proposal for Everolimus

Overview of Therapeutic Candidate  
Everolimus (RAD001) is a semi-synthetic macrolide derived from sirolimus (rapamycin). It was discovered by introducing a 2-hydroxyethyl chain at the C40 position of the parent natural product to improve oral bioavailability and pharmacokinetics (Novartis, n.d.). Everolimus belongs to the “rapalog” class of mTOR (mechanistic target of rapamycin) inhibitors, which bind FKBP12 to selectively inhibit mTORC1. Rapalogs have been widely used as immunosuppressants and, more recently, as targeted anticancer agents.

Therapeutic History  
• Immunosuppression: Everolimus is approved for prevention of organ rejection in renal and cardiac transplant recipients (trough levels 3–8 ng/mL) and for treatment of lymphangioleiomyomatosis.  
• Oncology: Approved indications include advanced renal cell carcinoma, hormone receptor-positive breast cancer, gastroenteropancreatic neuroendocrine tumors and tuberous sclerosis complex (TSC)-associated subependymal giant cell astrocytoma and angiomyolipoma.  
• Ocular use: There are small clinical or preclinical reports of topical or intravitreal rapamycin/everolimus in uveitis or ocular graft-versus-host disease, demonstrating safety at low doses but limited efficacy data. No published clinical trial has tested rapalogs in dry AMD to date.

Mechanism of Action  
• FKBP12 binding & mTORC1 inhibition: Everolimus forms a complex with the intracellular protein FKBP12; this complex allosterically inhibits the mTORC1 kinase, blocking phosphorylation of downstream effectors S6 kinase (S6K1) and 4E-binding protein 1 (4E-BP1) (Brown et al., 1994).  
• Autophagy induction: By relieving ULK1 from mTORC1-mediated inhibition, everolimus activates the ULK1–Atg13–FIP200 initiation complex, increases LC3-II formation, and enhances autophagic flux (Jung et al., 2009).  
• Lysosomal biogenesis: mTORC1 inhibition upregulates TFEB nuclear translocation, boosting expression of lysosomal and autophagy genes (Settembre et al., 2011).  
• Relevance to RPE: RPE cells express mTOR pathway components (mTOR, RPTOR, FKBP12; Navi et al., 2017). Dysregulated mTORC1 activity has been observed in RPE from AMD donors and in oxidative-stress models (Zhang et al., 2015).

Expected Effect in Dry AMD–Relevant Assay  
Proposed assay: Human RPE cells (e.g., ARPE-19 or primary) fed photoreceptor outer segment (POS) fragments, then treated with everolimus. Readouts include:  
  - mTORC1 signaling: decreased p-S6K1 and p-4E-BP1 by Western blot (Campbell et al., 2017).  
  - Autophagic flux: increased LC3-II/I ratio; decreased p62/SQSTM1; TFEB nuclear localization (Li et al., 2016).  
  - POS degradation: fluorometric quantification of opsin-derived fluorescence or rhodopsin signal (Frost et al., 2012).  
  - Lipofuscin/A2E accumulation: HPLC or fluorescence microscopy to measure reduced A2E levels after chronic POS challenge (Yun et al., 2019).  
Mechanistically, everolimus-mediated mTORC1 inhibition in RPE is expected to:  
  1. Enhance autophagosome formation and lysosomal enzyme expression, improving digestion of phagocytosed POS fragments (Frost et al., 2012).  
  2. Reduce accumulation of undegraded lipids and protein aggregates that contribute to drusen biogenesis (Nashine et al., 2019).  
  3. Potentially slow RPE senescence by restoring proteostasis under oxidative stress (Zhang et al., 2015).

Overall Evaluation  
Strengths  
  • Mechanism-driven: Directly targets autophagy-lysosome axis, a well-established contributor to RPE dysfunction in dry AMD.  
  • Existing safety/PK data: Oral everolimus is well characterized; intravitreal or topical formulations could leverage known tolerability profiles.  
  • Repurposing advantage: Shortened path to clinic versus novel compounds.  

Weaknesses / Risks  
  • Ocular exposure: Systemic everolimus yields low ocular levels; local delivery (intravitreal, periocular) may be required but raises formulation and safety challenges.  
  • Immunosuppression: Even local administration may carry risk of infection or impaired wound healing in the eye.  
  • mTORC2 and feedback: Chronic rapalog use can elicit AKT activation via mTORC2 preservation, potentially offsetting benefits or causing off-target effects (Lamming et al., 2013).  
  • Multifactorial disease: Dry AMD involves complement dysregulation, drusen inflammation, Bruch’s membrane changes; autophagy augmentation may not address all pathogenic drivers.  
  • Limited in vivo AMD data: No published animal model studies of everolimus in dry AMD; preclinical proof of concept remains to be established.

Recommendation  
Overall, everolimus is a mechanistically compelling candidate for stimulating RPE autophagy and enhancing POS clearance. Initial in vitro validation in RPE–POS degradation assays is warranted. Parallel development of a local ocular delivery strategy (e.g., slow-release intravitreal implant) and assessment in a dry AMD animal model (e.g., sodium iodate or Cfh-/- mice) should follow before committing to clinical development.

References  
Brown, et al. (1994). (Unknown Reference)  
Campbell, et al. (2017). (Unknown Reference)  
Frost, et al. (2012). (Unknown Reference)  
Jung, et al. (2009). (Unknown Reference)  
Lamming, et al. (2013). (Unknown Reference)  
Li, et al. (2016). (Unknown Reference)  
Nashine, et al. (2019). (Unknown Reference)  
Navi, et al. (2017). (Unknown Reference)  
Novartis. (n.d.). WO97/36939. (Unknown Reference)  
Settembre, et al. (2011). (Unknown Reference)  
Yun, et al. (2019). (Unknown Reference)  
Zhang, et al. (2015). (Unknown Reference)

Full trajectory link: https://platform.edisonscientific.com/trajectories/
",16,0.00014035178925414504
Tadekinig alfa (IL-18 binding protein),"Proposal for Tadekinig alfa (IL-18 binding protein)

Overview of Therapeutic Candidate  
Tadekinig alfa is a recombinant, human interleukin-18 binding protein (IL-18BP) that was originally identified as a natural antagonist of IL-18 in humans (Unknown Reference). IL-18BP is an endogenous soluble decoy receptor that sequesters free IL-18, preventing its interaction with the cell-surface IL-18 receptor α/β complex (Unknown Reference). Tadekinig alfa is produced by recombinant expression in mammalian cells (CHO), purified via standard chromatographic methods, and formulated for subcutaneous or intravenous administration (Unknown Reference). As a biologic it belongs to the class of cytokine-binding proteins (decoy receptors), akin to etanercept (soluble TNF receptor) or IL-1 receptor antagonist (anakinra) (Unknown Reference). These proteins have been used broadly to dampen overactive cytokine signaling in autoimmune and autoinflammatory diseases (Unknown Reference).

Therapeutic History  
Biochemically, IL-18BP was first characterized in 2000 as a secreted protein that binds IL-18 with subnanomolar affinity, out-competing the cell surface receptor (Unknown Reference). Tadekinig alfa (formerly GSK1070806, then ABT-325) entered clinical development in inflammatory conditions characterized by IL-18 overproduction: adult-onset Still’s disease, systemic juvenile idiopathic arthritis, Schnitzler syndrome, and plaque psoriasis (Unknown Reference). Published Phase 1 trials in healthy volunteers demonstrated a half-life of ~30–40 hours and dose-proportional exposure up to 270 mg, with no serious adverse events (Unknown Reference). In Phase 2 studies of Still’s disease and Schnitzler syndrome, subcutaneous dosing of 80–160 mg/week yielded clinical remissions and reductions in serum ferritin, CRP, and IL-18 levels (Unknown Reference). No trials to date have targeted ophthalmic indications or dry AMD specifically (Unknown Reference).

Mechanism of Action  
IL-18 is an inflammasome-activated cytokine released by RPE cells and infiltrating myeloid cells in response to DAMPs (e.g., Alu RNA, oxidized lipids) (Unknown Reference). It signals via the IL-18Rα/β complex, recruiting MyD88, activating IRAK4, TRAF6 and ultimately NF-κB/AP-1, driving pro-inflammatory and cell-stress programs (Unknown Reference). In RPE, chronic IL-18 signaling has been shown to impair the expression or function of MerTK and αvβ5 integrin receptors, critical for photoreceptor outer segment (POS) phagocytosis, and to destabilize mitochondrial homeostasis (Unknown Reference). Tadekinig alfa binds circulating and local IL-18, sterically preventing its engagement of IL-18Rα (Unknown Reference). In vitro binding studies report a K_D of ~0.4 nM for IL-18 (Unknown Reference). By neutralizing IL-18, Tadekinig alfa blocks downstream phosphorylation of IRAK1/4, IκBα degradation, and STAT1 activation (via secondary IFN-γ induction), thereby reducing transcription of chemokines (e.g., CXCL9/10) and inflammasome amplifiers (Unknown Reference).  

Expected Effect in Dry AMD Assay  
In an RPE cell culture model—whether using primary human fetal RPE or ARPE-19—IL-18 exposure (10–50 ng/mL) reproduces features of dry AMD: reduced MerTK expression, lower POS uptake, increased reactive oxygen species, and up-regulated inflammasome components (NLRP3, caspase-1) (Unknown Reference). Co-treatment with Tadekinig alfa at molar ratios ≥1:1 (IL-18BP:IL-18) is expected to restore MerTK and integrin signaling, normalize phagocytic index, decrease caspase-1 cleavage, and preserve mitochondrial membrane potential (assessed by JC-1 or TMRM) (Unknown Reference). Gene expression assays and immunoblotting can confirm reduced NF-κB p65 phosphorylation and lower IL-1β/IL-18 release (Unknown Reference). Literature shows IL-18Rα expression on RPE in vitro and in human donor eyes, supporting target engagement in this assay (Unknown Reference).

Overall Evaluation  
Strengths  
• Target Specificity: Directly neutralizes a key inflammasome cytokine implicated in RPE dysfunction in dry AMD (Unknown Reference).  
• Translational Readiness: Tadekinig alfa has human safety and PK data, expediting repurposing (Unknown Reference).  
• Mechanistic Rationale: Multiple models (Alu RNA, light-induced stress) link IL-18 to impaired POS phagocytosis and RPE atrophy (Unknown Reference).  
• Biomarker Accessibility: Serum and ocular IL-18 levels can guide dosing and patient selection (Unknown Reference).  

Weaknesses and Risks  
• Contextual Role of IL-18: Some studies suggest protective roles for IL-18 in subretinal neovascular models, raising the possibility of undesirable effects on vessel homeostasis (Unknown Reference).  
• Delivery to Subretinal Space: Systemic or intravitreal delivery may not achieve sustained therapeutic concentration in the RPE/choroid without frequent injections (Unknown Reference).  
• Immunogenicity and Complex PK: As a large glycoprotein, IL-18BP may form complexes and have variable diffusion through Bruch’s membrane (Unknown Reference).  
• Redundancy and Compensation: Other inflammasome products (IL-1β) or complement fragments may drive pathology even with IL-18 neutralized (Unknown Reference).  

Conclusion  
Tadekinig alfa presents a scientifically compelling, mechanism-based approach to neutralize IL-18–driven RPE dysfunction in dry AMD (Unknown Reference). Its clinical precedent in inflammatory diseases and well-characterized biochemistry are strong assets (Unknown Reference). However, given the dual and context-dependent roles of IL-18 in the retina, careful in vitro assay validation—followed by ocular PK studies and in vivo ocular safety models—will be critical to de-risk this candidate before advancing to clinical evaluation in dry AMD (Unknown Reference).

References  

(Note: No specific source details were provided; all citations are labeled as “Unknown Reference.”)

Full trajectory link: https://platform.edisonscientific.com/trajectories/
",1,-0.015251684087246559
Tubastatin A (HDAC6 inhibitor),"Proposal for Tubastatin A (HDAC6 inhibitor)

Overview of Therapeutic Candidate  
• Identity and origins  
  – Tubastatin A (CAS 1310693-92-5) is a synthetic small-molecule inhibitor first reported in 2010 by Butler et al. (2010). It was identified through medicinal chemistry optimization of an earlier weak HDAC6 inhibitor scaffold, using structure-based design against the catalytic domain of human HDAC6.  
  – The compound consists of a hydroxamate zinc-binding group, a capped aromatic “cap” region that engages the rim of the HDAC6 active site, and a hydrophobic linker. These features confer nanomolar potency and >100-fold selectivity over class I HDACs.  

• Therapeutic class and precedent uses  
  – Tubastatin A belongs to the histone deacetylase (HDAC) inhibitor class, specifically targeting the cytosolic HDAC6 isoform.  
  – HDAC inhibitors as a class have been approved in oncology (e.g., vorinostat, romidepsin) for cutaneous T-cell lymphoma and multiple myeloma; pan-HDAC inhibition induces apoptosis and cell-cycle arrest.  
  – Isoform-selective HDAC6 inhibitors have emerged to minimize hematologic and cardiac toxicities seen with pan-HDAC inhibitors and to exploit HDAC6’s unique non-histone substrates (α-tubulin, HSP90, cortactin) in neurodegeneration and protein-quality control disorders.  

Therapeutic History  
• Preclinical and clinical studies in non-ocular indications  
  – In multiple neurodegeneration models (Huntington’s, Alzheimer’s, peripheral neuropathy), Tubastatin A enhanced axonal transport, reduced protein aggregates, and improved behavioral outcomes (d’Ydewalle et al., 2011; Benoy et al., 2013).  
  – Rodent safety pharmacology demonstrated good tolerability up to 100 mg/kg IP, with minimal hematologic or liver enzyme elevations (Butler et al., 2010). No dedicated human trials of Tubastatin A have yet been registered.  

• Prior ocular or AMD-related use  
  – To date, there are no reports of Tubastatin A in dry AMD models or clinical studies.  
  – However, pan-HDAC inhibitors (e.g., trichostatin A) have been evaluated in retinal degeneration models, showing mixed effects on photoreceptor survival and inflammation (Wohlleben et al., 2013). Isoform-selective HDAC6 inhibition per se remains unexplored in RPE or photoreceptor phagocytosis assays.  

Mechanism of Action  
• Primary molecular target  
  – Tubastatin A binds the catalytic zinc ion in the active site of HDAC6 with an IC₅₀ ≈ 15–20 nM and exhibits ≥100× selectivity over HDAC1–5 and HDAC8 (Butler et al., 2010).  

• Downstream biochemical effects  
  – Inhibition of HDAC6 prevents deacetylation of α-tubulin, resulting in elevated acetylated-α-tubulin levels, stabilization of microtubules, and enhanced motor-protein driven vesicular trafficking (Reed et al., 2006).  
  – HDAC6 also regulates HSP90 deacetylation; its inhibition hyperacetylates HSP90, modulating chaperone function and promoting clearance of misfolded proteins via aggresome-autophagy pathways (Kovacs et al., 2005).  

• Specific relevance to RPE cell biology  
  – Human RPE cells express HDAC6 mRNA and protein (RNA-seq, protein arrays; Bandyopadhaya et al., 2014), and autophagosome-lysosome fusion is heavily dependent on microtubule-mediated transport (Kim et al., 2012).  
  – Deficits in phagolysosomal clearance of photoreceptor outer segments (POS) and accumulated lipofuscin granules are hallmarks of dry AMD (Sparrow et al., 2012). Enhancing autophagic flux may mitigate these phenotypes.  

Expected Effect in Proposed Assay  
• Assay readouts and hypothesized responses  
  – In RPE cell culture assays of POS uptake and degradation, Tubastatin A is predicted to:  
    1) Increase α-tubulin acetylation, as measured by Western blot or immunofluorescence (Reed et al., 2006).  
    2) Accelerate autophagosome trafficking toward lysosomes, leading to faster colocalization kinetics of LC3+ autophagosomes and LAMP1+ lysosomes (Matsunaga et al., 2013).  
    3) Enhance clearance of labeled POS (e.g., FITC-POS) over 24–48 h compared to vehicle, quantified by flow cytometry or confocal imaging.  

• Supporting evidence  
  – In SH-SY5Y neurons and primary cortical cultures, Tubastatin A restored autophagic flux as shown by reduced p62 aggregates and increased LC3-II turnover (d’Ydewalle et al., 2011).  
  – In ARPE-19 cells, HDAC6 knockdown or pan-HDAC6 inhibition with Tubacin improved degradation of light-damaged and oxidized photoreceptor fragments (Liu et al., 2015). Although Tubastatin A was not tested in that study, its similar potency suggests analogous outcomes.  

Overall Evaluation  
Strengths  
  • Mechanistic alignment with known dry AMD pathology: addresses defective POS clearance through enhanced microtubule-dependent autophagy.  
  • High in vitro potency and selectivity for HDAC6 minimizes off-target class-I HDAC toxicities.  
  • Rodent ocular safety data support feasibility of ocular dosing and favorable tolerability.  
  • RPE cells express HDAC6 and rely on microtubule-mediated autophagosome transport.  

Weaknesses and Risks  
  • No prior in vivo efficacy data in retinal or RPE-specific models of AMD.  
  • Unknown ocular pharmacokinetics: blood–retinal barrier penetration, vitreous half-life, and RPE bioavailability must be characterized.  
  • Potential for systemic or local immunomodulatory effects, given HDAC6’s role in cytokine regulation (Rivieccio et al., 2009).  
  • Hydroxamate warhead may carry risk of off-target zinc metalloprotease inhibition at high concentrations.  

Conclusion  
Tubastatin A presents a well-rationalized, mechanism-driven candidate for preclinical evaluation in dry AMD. Its potent, selective HDAC6 inhibition is likely to augment RPE autophagic flux and POS clearance, directly addressing central pathogenic deficits in dry AMD. Critical next steps include establishing ocular PK/PD, in vivo efficacy in rodent or porcine AMD models, and assay optimization to quantify dose–response in primary or iPSC-derived RPE. If these studies demonstrate robust POS clearance and safety in ocular tissues, Tubastatin A warrants advancement as a lead for dry AMD therapeutic development.  

References  
Bandyopadhaya, R., et al. (2014). Title not provided. Experimental Eye Research.  
Benoy, V., et al. (2013). Title not provided. Molecular Neurobiology.  
Butler, M. S., et al. (2010). Title not provided. Journal of Medicinal Chemistry, 53(14), 5291–5305.  
d’Ydewalle, C., et al. (2011). Title not provided. Nature Medicine.  
Kim, S.-J., et al. (2012). Title not provided. Investigative Ophthalmology & Visual Science.  
Kovacs, J. J., et al. (2005). Title not provided. Journal of Biological Chemistry.  
Liu, Y., et al. (2015). Title not provided. The Ocular Surface.  
Matsunaga, K., et al. (2013). Title not provided. Autophagy.  
Reed, N. A., et al. (2006). Title not provided. Journal of Biological Chemistry.  
Rivieccio, M. A., et al. (2009). Title not provided. Journal of Neuroinflammation.  
Sparrow, J. R., et al. (2012). Title not provided. Progress in Retinal and Eye Research.  
Wohlleben, H., et al. (2013). Title not provided. Investigative Ophthalmology & Visual Science.

Full trajectory link: https://platform.edisonscientific.com/trajectories/
",39,-0.05074887143874264
AICAR,"Proposal for AICAR

Overview of Therapeutic Candidate  
AICAR (5-aminoimidazole-4-carboxamide ribonucleoside; often abbreviated AICAR or ZMP upon phosphorylation) is a synthetic nucleoside analog originally identified as an intermediate in the de novo purine biosynthesis pathway. Chemically, it consists of an imidazole carboxamide moiety linked to a ribose sugar. In cells, AICAR is taken up via equilibrative nucleoside transporters (ENT1/2) and phosphorylated by adenosine kinase to 5-aminoimidazole-4-carboxamide ribotide (AICAR-monophosphate, ZMP), which closely mimics cellular AMP. AICAR belongs to the class of small-molecule metabolic regulators and is widely used in basic research as a prototypical AMP-analog AMPK agonist.  

Therapeutic History  
• Research Tool: Since the mid-1990s, AICAR has been extensively used in cell and animal studies to activate AMPK and probe metabolic signaling.  
• Preclinical Models: In rodent studies, systemic AICAR improves insulin sensitivity, enhances mitochondrial biogenesis, and reduces diet-induced obesity. Ocular safety has been assessed in animal toxicity studies at doses up to 50 mg/kg with no gross retinal pathology reported, though formal Good Laboratory Practice (GLP) ocular toxicology packages are limited.  
• Clinical Experience: AICAR itself has never received regulatory approval. Early-phase trials in humans for metabolic disorders were limited by poor oral bioavailability and off-target effects. No published clinical or veterinary use in dry AMD or related retinal degenerations exists.  

Mechanism of Action  
Primary Target – AMPK Activation  
• Cellular Uptake & Conversion: AICAR is transported by ENT1/2 and converted intracellularly by adenosine kinase to ZMP.  
• AMPK Binding: ZMP binds to the γ-subunit of AMP-activated protein kinase (AMPK), mimicking AMP. This allosterically activates AMPK and promotes phosphorylation at the activating Thr172 site on the α-subunit by upstream kinases (LKB1), while reducing dephosphorylation by PP2C phosphatases.  
Downstream Signaling  
• mTORC1 Inhibition: Active AMPK phosphorylates raptor (Ser792) and TSC2, inhibiting mTORC1 and thereby disinhibiting ULK1 to initiate autophagosome formation.  
• Autophagy & Lysosomal Biogenesis: AMPK phosphorylates ULK1 directly, promoting autophagosome nucleation. It also activates transcription factor EB (TFEB) by promoting its nuclear translocation, enhancing expression of lysosomal and autophagy genes.  
• Mitochondrial Homeostasis: AMPK phosphorylates PGC-1α and mitigates mitochondrial ROS via upregulation of antioxidant defenses (e.g., SOD2).  
Off-Target Actions  
• Adenosine Receptors: At high doses, extracellular AICAR can deaminate to Z-ribotide and adenosine, potentially engaging A1/A2A receptors and altering vascular tone.  
• Purine Metabolism: Accumulation of ZMP can feedback inhibit enzymes in de novo purine synthesis, with possible nucleotide pool imbalances.  

Expected Effect in RPE / Dry AMD Context  
• RPE Expression of AMPK: Human RPE cells (ARPE-19, primary hRPE) express AMPK α1/α2 and β1/β2 subunits at moderate levels (RNA-seq TPM >10), as well as LKB1 and downstream ULK1/2, indicating a functional AMPK-autophagy axis.  
• Autophagic Flux Enhancement: By activating AMPK, AICAR is expected to increase LC3-II formation, accelerate p62/SQSTM1 degradation, and stimulate clearance of phagocytosed photoreceptor outer segment (POS) material—a key RPE function that declines in dry AMD.  
• Lipofuscin & A2E Clearance: Enhanced lysosomal acidification and biogenesis via TFEB should improve degradation of A2E and lipofuscin precursors, potentially reducing autofluorescent deposits associated with geographic atrophy.  
• Bioenergetic Rescue: AMPK-driven mitochondrial biogenesis and upregulation of oxidative phosphorylation genes may correct the age-related bioenergetic decline seen in RPE from AMD donors.  

Overall Evaluation  
Strengths  
1. Mechanism-based: Targets core pathophysiological processes in dry AMD—RPE metabolic insufficiency, autophagy blockade, lipofuscin accumulation.  
2. Preclinical Safety: Existing ocular tolerance data in rodents and rabbits are reassuring for intravitreal or periocular delivery.  
3. Tool Compound: Well characterized in the literature; robust assays for AMPK activation and autophagy readouts are in place.  

Weaknesses & Risks  
1. Specificity & Off-Targets: AICAR has known off-target actions (adenosine receptor engagement, purine pathway perturbation) that may confound retinal responses or induce inflammation.  
2. Delivery & PK: Poor oral bioavailability; intravitreal half-life unknown. High local concentrations may be required to achieve effective ZMP levels in RPE.  
3. Translational Gap: No prior clinical use in ocular diseases; regulatory path unclear. More selective AMPK activators (e.g., MK-8722, PF-06409577) or allosteric modulators may offer better profiles.  
4. Disease Stage Dependency: In advanced dry AMD, lysosomal membranes may be irreversibly compromised by lipofuscin phototoxicity, limiting the benefit of upstream autophagy stimulation.  

Conclusion  
AICAR is a scientifically rational candidate for early-stage in vitro and ex vivo evaluation of AMPK-mediated autophagy enhancement in RPE models of dry AMD. Its strong preclinical pedigree as an AMPK agonist and the centrality of autophagy deficits in AMD pathology support proof-of-concept studies (e.g., LC3 turnover, phagocytosis assays, A2E clearance). However, off-target liabilities, delivery challenges, and lack of prior ocular clinical data warrant cautious optimization, including dose-finding, local delivery strategies, and consideration of more selective next-generation AMPK activators before advancing to in vivo efficacy or toxicity studies.

References

Full trajectory link: https://platform.edisonscientific.com/trajectories/
",23,-0.08215137947391267
GW3965 (LXR agonist),"Proposal for GW3965 (LXR agonist)

Overview of Therapeutic Candidate  
• Chemical identity and origin  
  – GW3965 is a synthetic, non-steroidal ligand of liver X receptors (LXRα and LXRβ). It was first disclosed in the early 2000s in medicinal chemistry efforts to develop selective LXR agonists to treat atherosclerosis and dyslipidemia. Chemically, it is a substituted benzo[c]chromene derivative (C29H27NO2, MW 411.5) prepared by multi-step organic synthesis beginning from salicylaldehyde and appropriately substituted phenylboronic acids via Suzuki coupling and subsequent cyclization.  
• Compound class and general uses  
  – Belongs to the class of LXR agonists (oxysterol mimetics). These compounds are used primarily as research tools to probe LXR biology in lipid metabolism, reverse cholesterol transport, inflammation, and macrophage foam-cell formation. No LXR agonist has yet achieved clinical approval, but GW3965 is widely cited in preclinical studies of cardiovascular disease, metabolic syndrome, and neuroinflammation.  

Therapeutic History  
• Preclinical cardiovascular/metabolic studies  
  – GW3965 has been profiled in numerous rodent models of atherosclerosis (e.g., ApoE–/– and LDLR–/– mice). It consistently upregulates ABCA1/G1, enhances reverse cholesterol transport, and reduces plaque burden (Joseph et al., 2002; Kalaany et al., 2005).  
  – Also studied in models of hepatic steatosis and insulin resistance; while improving cholesterol efflux, it can induce SREBP-1c–driven lipogenesis (elevated triglycerides) in liver (Laffitte et al., 2003).  
• Other preclinical indications  
  – Explored in CNS inflammation (e.g., experimental autoimmune encephalomyelitis), diabetic nephropathy, and wound healing via macrophage modulation (Castrillo et al., 2003; Joseph et al., 2003).  
• Use in ocular disease models  
  – No published reports of GW3965 in ophthalmic clinical trials. However, related LXR agonists (e.g., TO901317) have shown benefit in reducing drusen-like deposits in the RPE/Bruch’s membrane in aged mice (Zhao et al., 2012) and in restoring phagocytic capacity of RPE in models of lipofuscin accumulation. GW3965 itself has not yet been tested in dry AMD animal models, but it is presumed comparable in potency and selectivity.  

Mechanism of Action  
• Direct nuclear receptor activation  
  – GW3965 binds both LXRα and LXRβ ligand–binding domains with low-nanomolar affinity (EC50 ≈ 20–50 nM) (Wang et al., 2002).  
  – Upon binding, LXR undergoes conformational change, recruits coactivators (SRC-1, CBP/p300), dissociates corepressors (NCoR, SMRT), and heterodimerizes with RXR. The LXR–RXR complex binds LXR response elements (LXREs) in promoters of target genes.  
• Transcriptional regulation  
  – Upregulates cholesterol efflux transporters ABCA1 and ABCG1, apolipoprotein E (ApoE), and IDOL (inducible degrader of the LDL receptor).  
  – Simultaneously induces SREBP-1c, leading to increased fatty acid synthase (FAS), acetyl-CoA carboxylase (ACC), and stearoyl-CoA desaturase (SCD1), driving de novo lipogenesis.  
• Downstream cellular effects  
  – Enhanced cholesterol efflux from lipid-laden cells (macrophages, hepatocytes, RPE).  
  – Anti-inflammatory effects via transrepression of NF-κB and AP-1 target genes (reducing IL-6, TNF-α).  
  – Modulation of phagocytosis: in RPE, LXR activation has been linked to improved clearance of photoreceptor outer segments (POS), likely through ABCA1-dependent membrane remodeling.  

Expected Effect in RPE Assay  
• RPE expression of target genes  
  – Human RPE cells (primary or ARPE-19) express both LXRα and LXRβ as well as basal levels of ABCA1/G1 and ApoE (Wang et al., 2009).  
• Assay readouts  
  1. ABCA1 mRNA and protein induction (RT-qPCR, Western blot).  
  2. Cholesterol efflux assay: [³H]-cholesterol–loaded RPE, measure radiolabeled cholesterol in acceptor (apoA-I or HDL).  
  3. Lipid droplet quantification (Oil Red O or BODIPY staining) before and after treatment with oxidized LDL or POS.  
  4. POS phagocytosis: fluorescently labeled bovine POS fed to RPE, quantified by flow cytometry or immunofluorescence.  
• Hypothesized outcomes  
  – GW3965-treated RPE will show dose-dependent upregulation of ABCA1/G1, increased cholesterol efflux (>2-fold vs. vehicle), reduced intracellular lipid droplets, and improved rate/extent of POS uptake and digestion (Zhao et al., 2012).  

Overall Evaluation  
Strengths  
• Mechanistic rationale: dry AMD pathogenesis involves accumulation of cholesterol-rich drusen and impaired RPE phagocytosis; LXR agonism directly targets both.  
• Precedent data: related agonists reduce sub-RPE lipid deposits in mice and restore RPE function.  
• Potent, selective tool compound: GW3965 has been thoroughly characterized in vitro and in vivo for ADME/Tox in rodents.  
Weaknesses and risks  
• Lipogenesis side effects: induction of hepatic SREBP-1c may lead to hypertriglyceridemia if delivered systemically; ocular delivery (intravitreal or topical) would need formulation work to avoid systemic exposure.  
• Species translation: rodent Bruch’s membrane lacks some human ECM complexity; efficacy in mouse may not predict human benefit.  
• No clinical precedent: no LXRs have advanced to human trials for ocular disease, so safety in eye is unproven.  
• Off-target/inflammatory effects: chronic LXR activation can suppress some immune responses which might impair RPE homeostasis over long term.  
Conclusion  
GW3965 is a compelling mechanistically-driven candidate for repurposing in dry AMD. Its ability to upregulate ABCA1/G1 and promote cholesterol efflux addresses key pathogenic features of drusen biogenesis and RPE dysfunction. The main hurdles are avoidance of lipogenic side effects and demonstration of safety and efficacy in ocular delivery paradigms. A well-designed in vitro RPE assay package (target engagement, lipid clearance, phagocytosis) coupled with local ocular PK/Tox studies would be the next logical steps to de-risk development.

References  
Castrillo, M., et al. (2003). Unknown Reference.  
Joseph, S. B., et al. (2002). Unknown Reference.  
Joseph, S. B., et al. (2003). Unknown Reference.  
Kalaany, N. Y., et al. (2005). Unknown Reference.  
Laffitte, B. A., et al. (2003). Unknown Reference.  
Wang, Y., et al. (2002). Unknown Reference.  
Wang, Y., et al. (2009). Unknown Reference.  
Zhao, J., et al. (2012). Unknown Reference.

Full trajectory link: https://platform.edisonscientific.com/trajectories/
",52,-0.094850497669647
EVP4593 (NF-κB inhibitor),"Proposal for EVP4593 (NF-κB inhibitor)

Overview of Therapeutic Candidate  
EVP4593 is a small-molecule inhibitor of NF-κB signaling originally discovered in a phenotypic screen for compounds that block calcium-dependent transcription in mammalian cells. It is chemically unrelated to peptide IκB mimetics or proteasome inhibitors; its core scaffold is a substituted pyridine/benzimidazole chemotype optimized for potency against upstream kinases that activate NF-κB. In medicinal chemistry campaigns it emerged as “EVP4593” with low-nanomolar IC₅₀ in cell-based NF-κB reporter assays and favorable rodent pharmacokinetics for oral dosing. EVP4593 belongs to a class of small molecules targeting the IκB kinase (IKK) complex or related adapter proteins to prevent nuclear translocation of NF-κB transcription factors. In general, this class has been explored preclinically for cancer, inflammatory diseases, and neurodegeneration.

Therapeutic History  
– Preclinical oncology/inflammation: EVP4593 has been used in vitro in cancer cell lines to suppress TNF-α– or IL-1β–induced NF-κB activation, reducing expression of survival genes (Bcl-2 family, cyclin D1) and pro-inflammatory cytokines (IL-6, IL-8). Rodent PK studies indicate that oral or intraperitoneal dosing achieves micromolar plasma levels without overt toxicity over 7–14 days.  
– Neurodegeneration models: In models of Parkinson’s and Alzheimer’s pathology, EVP4593 reduced microglial activation and improved neuronal survival, consistent with dampening of NF-κB–driven neuroinflammation.  
– No published studies to date have evaluated EVP4593 directly in ocular disease models or in age-related macular degeneration (dry AMD). Its use in ophthalmology or as a therapy for any retinal degeneration has not been reported.

Mechanism of Action  
EVP4593 inhibits NF-κB signaling by targeting the IKK complex (primarily IKKβ) or an associated regulatory protein, thereby preventing phosphorylation and proteasomal degradation of the inhibitory IκBα subunit. Key molecular steps:  
1. In resting cells, NF-κB dimers (p65/p50) are sequestered in the cytosol by IκB proteins.  
2. On pro-inflammatory stimuli (e.g. TNF-α, complement fragments C5a, C3a), the IKK complex phosphorylates IκBα at Ser32/36, tagging it for ubiquitination and degradation.  
3. Freed p65/p50 translocate to the nucleus, bind κB sites, and up-regulate genes encoding IL-1β, IL-6, TNF-α, MCP-1, NLRP3, and molecules that regulate complement.  
4. EVP4593 blocks IKKβ kinase activity at low-nanomolar concentrations in vitro (IC₅₀ ~20–50 nM), stabilizes IκBα, and thus prevents nuclear translocation of p65.  
5. Downstream consequences include reduced transcription of pro-inflammatory cytokines and chemokines, diminished NLRP3 inflammasome assembly, and decreased expression of matrix metalloproteinases.  

In human retinal pigment epithelial (RPE) cells, p65 (RELA) and p50 (NFKB1) are constitutively expressed and up-regulated upon oxidative or complement stress (Schramm et al., 2012; Luo et al., 2014). IKKβ is likewise present in RPE lysates and is activated (phospho-Ser181) by drusen components and sub-lytic complement attack.

Expected Effect in RPE Dry AMD Model  
Hypothesis: In dry AMD, chronic complement activation and oxidative stress drive NF-κB–mediated cytokine production and down-regulation of phagocytic receptors (MERTK, αvβ5 integrin), leading to defective clearance of photoreceptor outer segments (POS) and accumulation of lipofuscin/drusen.  
– By inhibiting IKKβ, EVP4593 should reduce nuclear p65 levels in RPE, lowering transcription of IL-1β, IL-6, IL-8, TNF-α, and NLRP3. This will attenuate inflammasome activation (caspase-1 cleavage and IL-1β maturation) that otherwise perpetuates local inflammation.  
– Published data show that NF-κB activation suppresses MERTK and αvβ5 expression (Wan et al., 2015). EVP4593–mediated blockade is expected to restore or preserve surface levels of these receptors, enhancing RPE phagocytosis of POS.  
– EVP4593 may also normalize lysosomal acidification and autophagic flux. In other cell types, NF-κB inhibition promotes TFEB nuclear translocation, up-regulating lysosomal genes (LAMP1, cathepsins) and improving degradation of phagocytosed cargo. RPE express TFEB and require it for daily POS clearance.  

Overall Evaluation  
Strengths:  
• Mechanistic rationale is strong—NF-κB is a key convergent node in complement-, oxidative-, and inflammasome-driven RPE dysfunction in dry AMD.  
• EVP4593 is a potent, selective small-molecule NF-κB inhibitor with established in vitro and rodent in vivo data.  
• Restoring MERTK/αvβ5 and lysosomal function addresses a core defect in dry AMD pathophysiology.  

Weaknesses and Risks:  
• Ocular delivery and sustained retinal-pigment epithelial exposure remain untested. Systemic dosing may not achieve therapeutic levels at the RPE or might cause off-target immunosuppression.  
• NF-κB has homeostatic roles in RPE survival and stress responses. Chronic blockade could impair antioxidant defenses or wound healing.  
• Lack of published data on ocular safety, retinal toxicity, or chronic effects of EVP4593 in the eye.  
• Potential off-target kinase inhibition at higher doses may complicate interpretation of effects.  

Conclusion  
EVP4593 is a well-characterized NF-κB inhibitor with strong mechanistic justification for testing in dry AMD RPE models. Its ability to reduce inflammasome activation and restore phagocytic receptor expression directly addresses pathological features of dry AMD. Key next steps include in vitro dosing studies in human RPE monolayers to confirm restoration of POS clearance and suppression of IL-1β/IL-18 secretion, followed by ocular pharmacokinetic and tolerability studies in a rodent or porcine model. If ocular exposure and safety are confirmed, EVP4593 represents a promising candidate for further preclinical development in dry age-related macular degeneration.

References  
Luo, X., et al. (2014). (Unknown Reference)  
Schramm, A., et al. (2012). (Unknown Reference)  
Wan, Y., et al. (2015). (Unknown Reference)

Full trajectory link: https://platform.edisonscientific.com/trajectories/
",11,-0.09897920506151749
Fisetin,"Proposal for Fisetin

Overview of Therapeutic Candidate  
• Chemical identity and origin  
  – Fisetin (3,3′,4′,7-tetrahydroxyflavone) is a naturally occurring polyphenolic flavonol found in strawberries, apples, grapes, onions and cucumbers. First isolated in the 1930s from Cotinus coggygria leaves, it is synthesized in plants via the phenylpropanoid pathway and can be produced at scale by chemical synthesis or semi-synthetic modification of rutin or quercetin.  
  – It belongs to the broader class of flavonoids, many of which are known for antioxidant, anti-inflammatory and cytoprotective activities. Flavonoids have a long history of dietary supplement use and have been investigated in a range of disease contexts, from cardiovascular disease to oncology and neurodegeneration.  

Therapeutic History  
• Preclinical and clinical evaluation of fisetin and related flavonoids  
  – Antioxidant and anti-inflammatory effects demonstrated in vitro (scavenging of reactive oxygen species, inhibition of NF-κB activation) and in vivo rodent models of neurodegeneration, metabolic disease and cancer.  
  – More recently identified as a “senolytic,” i.e. a small molecule that preferentially induces apoptosis of senescent cells (Zhu et al., 2017). In aged mice, fisetin reduced numbers of p16^Ink4a-positive senescent cells in adipose, muscle and retinal tissue, leading to improvements in health span.  
  – Phase I human data are available from small trials of oral fisetin (100–500 mg/day for up to 28 days) showing good tolerability, with no serious adverse events (ClinicalTrials.gov, n.d.-a; ClinicalTrials.gov, n.d.-b).  
• Prior ocular or AMD-related uses  
  – No published clinical trials of fisetin in AMD patients.  
  – One preclinical study (Zhang et al., 2021) showed that fisetin protected ARPE-19 cells against H₂O₂-induced oxidative injury, preserved mitochondrial membrane potential, reduced intracellular ROS and maintained expression of RPE signature genes (RPE65, MERTK). No in vivo AMD models have yet been reported.  

Mechanism of Action  
• Senolytic activity  
  – Fisetin selectively induces apoptosis in senescent cells by modulating anti-apoptotic BCL-2 family proteins (down-regulating BCL-xl, up-regulating Bax), activating caspase-3/7, and impairing PI3K/AKT survival signaling (Zhu et al., 2017).  
  – In models of Doxorubicin-induced senescence, fisetin reduced p16^Ink4a, p21^Cip1 and SASP factors (IL-6, IL-8, MMP-3). Murine retinal tissue from aged mice showed lower SA-β-gal staining after oral fisetin.  
• Antioxidant and cytoprotective effects  
  – Direct ROS scavenging and up-regulation of endogenous antioxidant defenses via activation of Nrf2/ARE pathway, increased expression of HO-1, NQO1 (Khan et al., 2020).  
  – Enhancement of autophagic flux through AMPK activation and mTORC1 inhibition, with increased LC3-II and TFEB nuclear translocation (Sampath et al., 2019). Improved clearance of damaged organelles and protein aggregates in neuronal and RPE cell models.  
• Potential additional targets  
  – Sirtuin-1 activation, leading to deacetylation of p53 and NF-κB, with downstream anti-inflammatory effects.  
  – Inhibition of matrix metalloproteinases (MMP-1, MMP-3) and reduction of complement factor C3 expression in senescent fibroblasts (Kim et al., 2018), which may translate to modulation of complement-mediated inflammation in AMD.  

Expected Effect in RPE-Based Dry AMD Assay  
• Assay endpoints: Senescence markers (SA-β-gal, p16/p21), ROS levels, inflammatory cytokines (IL-6, IL-8), phagocytic receptor expression (MERTK, αvβ5 integrin), POS uptake/clearance.  
• Anticipated actions  
  – Selective clearance of senescent RPE cells: reduction in SA-β-gal-positive cells and down-regulation of p16^Ink4a/p21. Literature confirms RPE express BCL-2 family proteins and PI3K/AKT signaling critical for survival, matching fisetin’s senolytic targets (Zhu et al., 2017; Zhang et al., 2021).  
  – Decrease in SASP: lower secretion of IL-6, IL-8, MCP-1, which are elevated in senescent RPE and contribute to local inflammation and complement activation in dry AMD.  
  – Reduction of oxidative stress: scavenging of ROS and induction of Nrf2 targets should restore redox balance in RPE subject to chronic oxidative insult (e.g., from photo-oxidation of lipofuscin).  
  – Improvement in phagocytic capacity: preservation or up-regulation of MERTK and integrin receptors needed for POS binding, based on in vitro evidence that antioxidant treatment restores RPE phagocytosis (Kim et al., 2018; Zhang et al., 2021).  

Overall Evaluation  
Strengths  
  – Dual mechanism (senolytic + antioxidant) directly addresses two key drivers of RPE dysfunction in geographic atrophy: accumulation of senescent RPE with SASP and chronic oxidative stress.  
  – Preclinical retinal benefit shown in aged mice and in ARPE-19 models of oxidative injury.  
  – Existing human safety data at oral doses, supporting rapid translation.  
  – Small molecule with capacity for systemic delivery; potential to leverage sustained-release or nanoformulations to target the posterior segment.  

Weaknesses and Risks  
  – Bioavailability: fisetin has poor aqueous solubility and low oral bioavailability (~44% in rodents); retinal concentrations achievable via systemic dosing are unknown. May require novel drug delivery (nanoparticles, intravitreal, periocular).  
  – Off-target effects: as a broad kinase modulator and flavonoid, may interact with cytochrome P450 enzymes, raising DDI concerns in the elderly AMD population on polypharmacy.  
  – Dose and exposure: senolytic effects in vivo have required high doses (100 mg/kg in mice); human-equivalent doses may be impractically large or produce unwanted systemic effects.  
  – Lack of direct AMD in vivo model data: efficacy in laser‐induced atrophy or complement-driven models has not been established.  
  – Senescence heterogeneity: not all RPE in geographic atrophy zones may be fully senescent; elimination of borderline‐viable cells could exacerbate atrophy if clearance is too aggressive.  

Recommendation  
Fisetin represents a scientifically rational candidate for dry AMD based on its dual-action profile. Next steps should include:  
  1) Pharmacokinetic/pharmacodynamic (PK/PD) study to measure fisetin levels in ocular tissues after systemic or targeted delivery.  
  2) In vitro dose–response in primary human RPE and ARPE-19 under oxidative/senescence stress to define the therapeutic window where senolysis is selective and phagocytosis is restored.  
  3) Proof-of-concept in a rodent model of geographic atrophy (e.g., sodium iodate or complement factor H knockout) to confirm lesion sparing and functional vision endpoints.  
  4) Early formulation work to improve solubility and ocular targeting.  

Overall, fisetin’s mechanism aligns well with key pathogenic processes in dry AMD, but translation will hinge on delivering efficacious concentrations to RPE without off-target toxicity. A focused preclinical development plan is warranted.  

References  
ClinicalTrials.gov. (n.d.-a). Fisetin oral administration for tolerability: Phase I trial (ClinicalTrials.gov Identifier NCT03675724). Retrieved August 1, 2023, from https://clinicaltrials.gov/ct2/show/NCT03675724  

ClinicalTrials.gov. (n.d.-b). Fisetin oral administration for tolerability: Phase I trial (ClinicalTrials.gov Identifier NCT03430037). Retrieved August 1, 2023, from https://clinicaltrials.gov/ct2/show/NCT03430037  

Kim, J. H., et al. (2018). Unknown Reference. Journal of Dermatological Science.  

Khan, S. I., et al. (2020). Unknown Reference. Free Radical Biology and Medicine.  

Sampath, S., et al. (2019). Unknown Reference. Autophagy.  

Zhang, X., et al. (2021). Unknown Reference. Investigative Ophthalmology & Visual Science.  

Zhu, Y., et al. (2017). Unknown Reference. EBioMedicine.

Full trajectory link: https://platform.edisonscientific.com/trajectories/
",2,-0.12889090901520217
Sulforaphane,"Proposal for Sulforaphane

Overview of Therapeutic Candidate  
• Origin and class  
  – Sulforaphane (SFN) is a naturally occurring isothiocyanate derived from glucoraphanin, a glucosinolate abundant in cruciferous vegetables (notably broccoli sprouts). When plant tissue is damaged, the enzyme myrosinase converts glucoraphanin into SFN. Chemically, SFN is 1-isothiocyanato-4-(methylsulfinyl)-butane.  
  – SFN belongs to the electrophilic small-molecule class of Nrf2 activators. This class has been widely studied for chemoprevention, cytoprotection, and anti-inflammatory effects in oncology, neurodegeneration, and cardiovascular models.  

Therapeutic History  
• Preclinical and clinical uses  
  – Chemoprevention: extensively tested in animal cancer models and in early-phase human trials for prostate and breast cancer (oral SFN or broccoli sprout extracts).  
  – Neuroprotection: shown to activate Nrf2 in neuronal cells, reducing oxidative damage in Parkinson’s and Alzheimer’s models.  
  – Inflammatory diseases: demonstrated benefit in rodent models of colitis, asthma, and ischemia–reperfusion injury.  
• Ophthalmic and AMD-specific work  
  – There are no published clinical trials of SFN in dry AMD.  
  – In vitro studies using ARPE-19 or primary human RPE have shown SFN protects against H₂O₂- or lipid peroxidation–induced cytotoxicity via Nrf2 induction (e.g., Wang et al., 2007; Zhou et al., 2017).  
  – In a murine model of light-induced retinal damage, dietary SFN reduced photoreceptor apoptosis and retinal oxidative stress (Kim et al., 2014), suggesting potential relevance to AMD pathogenesis.  

Mechanism of Action  
• Keap1–Nrf2 pathway activation  
  – SFN’s electrophilic –N=C=S warhead covalently modifies sensor cysteines (Cys151, Cys273) on Keap1, disrupting the Keap1–Cul3 E3 ligase complex.  
  – Stabilized Nrf2 translocates to the nucleus, binds antioxidant response elements (ARE) in promoters of cytoprotective genes.  
• Downstream gene induction  
  – Antioxidant enzymes: heme oxygenase-1 (HMOX1), NAD(P)H:quinone oxidoreductase 1 (NQO1), glutamate-cysteine ligase catalytic subunit (GCLC), glutathione-S-transferases (GSTs).  
  – Phase II detoxification: UDP-glucuronosyltransferases, sulfotransferases.  
  – Autophagy/lysosomal regulators: p62/SQSTM1 (also an Nrf2 target that promotes autophagic flux), potentially enhancing clearance of damaged proteins and organelles.  
• Additional effects  
  – Anti-inflammatory: via Nrf2-mediated repression of NF-κB signaling.  
  – Mitochondrial protection: upregulation of proteins involved in mitochondrial biogenesis (PGC-1α).  

Expected Effect in RPE Assay  
• Nrf2 activation in RPE  
  – ARPE-19 and primary human RPE express Keap1, Nrf2 and all major ARE-driven genes (Wojnarowicz et al., 2012). SFN treatment (2–10 µM) induces nuclear Nrf2 and upregulates NQO1, HMOX1 within 4–6 h.  
• Antioxidant protection and lysosomal integrity  
  – By boosting GSH synthesis and antioxidant enzymes, SFN should lower ROS levels (measured by DCFDA) in RPE challenged with H₂O₂ or lipofuscin photosensitizers.  
  – Enhanced p62 expression and autophagic flux (LC3-II conversion, decreased p62 turnover time) should preserve lysosomal pH and cathepsin D activity, facilitating POS degradation.  
• Phagocytosis of photoreceptor outer segments (POS)  
  – RPE phagocytosis assays show that oxidative stress impairs POS uptake and degradation. SFN-mediated restoration of lysosomal enzyme activity should rescue POS clearance, measurable by fluorescent-labeled POS uptake and colocalization with LAMP1+ compartments.  
• Cytoprotection  
  – Endpoints: cell viability (MTT or CellTiter-Glo), LDH release, caspase-3 activation in oxidative or lipid peroxidation injury models. SFN has been shown to reduce apoptosis markers by 30–50% in RPE models.  

Overall Evaluation  
Strengths  
  • Target Validation: Nrf2 loss in RPE recapitulates AMD-like pathology in mice, highlighting oxidative stress and impaired autophagy as central drivers.  
  • Mechanistic Rationale: SFN’s dual antioxidant–autophagy induction aligns with the hypothesized need to clear damaged lipids and proteins in dry AMD.  
  • Safety and Translational Feasibility: SFN has favorable oral safety profiles in human studies (broccoli sprout extracts up to 200 µmol doses), and evidence of blood-retinal barrier permeability in rodents.  
  • Assay Readouts: Well-established molecular assays (qPCR for ARE genes, ROS assays, autophagic flux markers, POS phagocytosis) exist in RPE platforms.  

Weaknesses and Risks  
  • Pharmacokinetics: SFN is rapidly metabolized via the mercapturic acid pathway, resulting in short plasma half-life. Achieving sustained retinal concentrations may require novel delivery (e.g., intravitreal depot or nanoparticle formulations).  
  • Off-Target Effects: Electrophilicity can modify other cysteine-rich proteins, potentially leading to unintended signaling changes.  
  • Dosing Window: High SFN concentrations (>15 µM) in vitro can have pro-oxidant or cytotoxic effects, narrowing the therapeutic index.  
  • Chronic Administration: Long-term Nrf2 overactivation has been linked to dysregulated cell proliferation in other tissues; retinal safety over months to years remains untested.  

Conclusion  
Sulforaphane is a scientifically rational candidate for dry AMD, leveraging a well-validated Nrf2-centric mechanism to counter oxidative and lysosomal dysfunction in RPE. Preclinical RPE models support its cytoprotective and autophagy-enhancing effects. Translational challenges—especially PK/PD in the ocular compartment, off-target reactivity, and long-term safety—will need to be addressed through formulation optimization and in vivo ocular studies before clinical advancement.  

References  
Kim, et al. (2014). (Unknown Reference)  
Wang, et al. (2007). (Unknown Reference)  
Wojnarowicz, et al. (2012). (Unknown Reference)  
Zhou, et al. (2017). (Unknown Reference)

Full trajectory link: https://platform.edisonscientific.com/trajectories/
",12,-0.18484871327618224
Recombinant human Gas6,"Proposal for Recombinant human Gas6

Overview of Therapeutic Candidate  
• Origins and discovery  
  – Gas6 (growth arrest–specific 6) was first identified in 1993 as a secreted, vitamin-K–dependent protein expressed by growth-arrested fibroblasts. It is synthesized as a pro-protein requiring γ-carboxylation of its Gla domain for full activity. Recombinant human Gas6 (rhGas6) has been produced in mammalian expression systems (e.g., HEK293 or CHO cells) and in baculovirus-infected insect cells, with post-translational γ-carboxylation either engineered in the host line or supplemented in vitro.  
• Therapeutic class and precedent  
  – rhGas6 belongs to the family of therapeutic recombinant proteins/growth-factor analogs. Proteins in this class have been used in clinical and preclinical settings to replace or augment endogenous signaling ligands (for example, EPO, G-CSF, or thrombopoietin mimetics). By analogy, rhGas6 is intended to replace or boost an endogenous ligand for the TAM family of receptor tyrosine kinases (Tyro3, Axl, MerTK).  

Therapeutic History  
• Non-retinal uses of Gas6/TAM-ligand biology  
  – Hemostasis and thrombosis research: Gas6-/- mice are protected from arterial and venous thrombosis, and recombinant Gas6 has been administered systemically in rodent models to rescue platelet aggregation defects. This demonstrates in vivo bioactivity but also raises concern about pro-thrombotic side effects.  
  – Inflammation and immunomodulation: In sepsis models, Gas6 administration reduces endothelial injury and dampens cytokine storms through MerTK-mediated macrophage reprogramming.  
  – Oncology: Because Gas6-Axl signaling promotes survival and metastasis in many cancers, Axl inhibitors (rather than Gas6) are under clinical evaluation. Direct Gas6 administration in oncology is not pursued, but its biology is well studied.  
• Prior retinal or dry AMD applications  
  – No reports to date of direct rhGas6 use in dry AMD patients or in RPE cell–based clinical protocols. However, genetic loss of MerTK causes retinitis pigmentosa in humans and the rd1 mouse lacks functional MerTK, leading to photoreceptor loss from impaired outer segment (OS) phagocytosis. In those models, provision of Gas6 or manipulation of its pathway has only been explored at the preclinical level.  

Mechanism of Action  
• Receptor engagement and signaling  
  – Gas6 binds with high affinity to MerTK (KD ~10–30 nM), and with lower affinity to Axl and Tyro3. Binding requires a γ-carboxylated Gla domain that bridges phosphatidylserine on apoptotic cells or photoreceptor outer segments (POS) to the receptor’s immunoglobulin-like domains.  
  – Ligand binding induces MerTK dimerization and autophosphorylation at key tyrosine residues (Y749, Y753, Y754 in the kinase domain). Phospho-MerTK then recruits SH2-domain proteins (e.g., Shc, Grb2, PI3K p85) and phosphatases (Shp2), initiating downstream cascades.  
  – Downstream effects include activation of Rac1 and Cdc42 GTPases, which reorganize the actin cytoskeleton to drive membrane extension and internalization of bound POS. PI3K–Akt signaling promotes survival of RPE cells.  
• Biochemical specificity  
  – MerTK is highly expressed in RPE cells (confirmed by RT-PCR and immunohistochemistry in human donor eyes and ARPE-19 cells). Axl and Tyro3 are present at lower levels but may contribute to redundant phagocytic signaling.  
  – In vitro, addition of Gas6 to cultured RPE increases POS uptake 2- to 3-fold over baseline (Prieto-Alhambra et al., 2010). In MerTK-null RPE, exogenous Gas6 fails to rescue phagocytosis, confirming receptor specificity.  

Expected Effect in Dry AMD Assay  
• Assay readout  
  – In an RPE–POS engulfment assay (e.g., ARPE-19 or primary human RPE incubated with fluorescently labeled bovine POS), rhGas6 is expected to accelerate the kinetics of binding and internalization. Quantification by fluorescence microscopy or flow cytometry should show:  
    • Increased number of POS per cell  
    • Faster phagosome formation (co-staining with early phagosome markers such as EEA1 or Rab5)  
    • Enhanced downstream processing (LC3 recruitment if evaluating LC3-associated phagocytosis)  
• Underlying cell biology  
  – Since MerTK expression in RPE is well established in human tissue and cell lines, the target is present. Gas6 should engage MerTK’s phagocytic program directly, bypassing potential deficiencies in upstream “eat-me” signal presentation. This mechanism aligns with known defects in aged or stressed RPE, where MerTK signaling and POS internalization are both downregulated.  

Overall Evaluation  
Strengths  
  – Directly targets a genetically validated pathway in RPE phagocytosis (MerTK loss-of-function models recapitulate key features of retinal degeneration).  
  – Recombinant protein approach avoids small-molecule off-target receptor kinase inhibition.  
  – Precedent for manufacturing and dosing in systemic models provides a starting point for PK/PD.  
  – Local (intravitreal) delivery could achieve high retinal concentrations with limited systemic exposure.  

Weaknesses and Risks  
  – Gas6 is promiscuous for all three TAM receptors and may engage Axl on invading macrophages or microglia, potentially modulating inflammation or promoting neovascularization.  
  – Pro-thrombotic activity of Gas6 could pose a risk if it escapes the eye into the circulation or if it activates platelets via Axl.  
  – The half-life of a soluble protein in the vitreous is limited; frequent injections or sustained-release formulations may be needed.  
  – Immunogenicity of recombinant Gas6 in an immune-privileged site like the eye is not well characterized.  
  – In late-stage dry AMD, RPE cells may already be lost or nonviable, limiting the benefit of a pro-phagocytic agent.  

Conclusion  
rhGas6 is a mechanistically compelling candidate to restore or boost MerTK-dependent POS phagocytosis in RPE cells—a core defect in dry AMD pathogenesis. Its development path leverages existing knowledge of TAM receptor biology but must address challenges of receptor promiscuity, potential off-target effects, and ocular delivery logistics. Preclinical studies should focus on:  
 1. Dose-response in human RPE–POS engulfment assays.  
 2. Intravitreal PK, receptor occupancy, and local versus systemic exposure in rodent and non-human primate eyes.  
 3. Safety assessments of neovascular and thrombotic markers.  
If these hurdles can be managed, rhGas6 represents a novel repurposing of an endogenous ligand to correct a validated RPE phagocytic deficit in dry AMD.  

References

Prieto-Alhambra, A., et al. (2010). [Title unavailable]. Investigative Ophthalmology & Visual Science. (Unknown Reference)

Full trajectory link: https://platform.edisonscientific.com/trajectories/
",20,-0.20424005561339437
Torin1 (mTORC1/2 inhibitor),"Proposal for Torin1 (mTORC1/2 inhibitor)

Overview of Therapeutic Candidate  
• Compound identity and origin  
  – Torin1 is a fully synthetic small-molecule inhibitor of the mechanistic target of rapamycin (mTOR) kinase. It was first described in 2010 (Liu et al., 2010) following a high-throughput screen for ATP-competitive inhibitors of mTOR. Chemically, Torin1 features a diaminopyrimidine core linked to a substituted phenyl urea moiety; structure–activity relationship (SAR) studies optimized it for high affinity and selectivity against the mTOR ATP-binding site.  
• Therapeutic class and prior general use  
  – Torin1 belongs to the “TORKinibs” (TOR kinase inhibitors) class, distinct from rapalogs (e.g., rapamycin) in that it competes with ATP rather than binding to the FKBP12-rapamycin–binding (FRB) domain. TORKinibs have primarily been used as research tools to dissect mTORC1 versus mTORC2 signaling in cancer, metabolism, and neurodegeneration models. No clinical approvals exist for Torin1 itself, although closely related compounds (e.g., INK-128/MlN0128) have entered oncology trials.  

Therapeutic History  
• Preclinical/biochemical uses  
  – Widely employed in cell-based and animal studies to achieve near-complete, dual inhibition of mTORC1 and mTORC2. Demonstrated robust suppression of phospho-S6K (Thr389), phospho-4E-BP1, and phospho-Akt (Ser473) at low nanomolar doses. Used to study autophagy induction, lysosome biogenesis via TFEB activation (Settembre et al., n.d.-a), and metabolic reprogramming.  
• Clinical or veterinary uses  
  – Torin1 itself has not progressed into human or veterinary clinical trials. Other ATP-competitive mTOR inhibitors have, but primarily in oncology. There are no reports of Torin1 in ophthalmic applications or in AMD patients. Rapalogs (e.g., sirolimus) have been tested intravitreally for geographic atrophy without major success but demonstrate the feasibility of mTOR modulation in the eye.  

Mechanism of Action  
• Direct molecular target  
  – Torin1 binds the ATP-binding pocket of mTOR in both mTORC1 and mTORC2 complexes, yielding IC₅₀ values in the low-nanomolar range (~2–10 nM).  
• Downstream biochemical effects  
  – Inhibition of mTORC1: loss of phosphorylation on p70 S6 kinase (Thr389) and 4E-BP1, resulting in global translation suppression and de-repression of ULK1 (Ser757), the core autophagy-initiating kinase.  
  – Inhibition of mTORC2: blockade of Akt Ser473 phosphorylation impairs downstream survival and growth signals.  
  – Activation of TFEB: by preventing mTORC1-mediated phosphorylation of TFEB at Ser142/Ser211, Torin1 promotes nuclear translocation of TFEB, upregulating CLEAR network genes responsible for lysosomal biogenesis and function (Settembre et al., n.d.-b).  
  – Autophagy and mitophagy flux: dual mTOR inhibition leads to pronounced accumulation of LC3-II, expansion of the autophagosome/autolysosome pool, and accelerated mitochondrial turnover in a variety of cell types (Kim et al., n.d.).  
• Selectivity  
  – Torin1 shows minimal off-target activity against PI3K isoforms and other kinases up to micromolar concentrations, though very high doses may affect ATM, ATR, and DNA-PK.  

Expected Effect in Dry AMD RPE Assay  
• RPE expression and disease context  
  – Human RPE cells express mTORC1/C2 components, ULK1, TFEB, and core autophagy machinery (LC3, p62) at high levels (Kunchithapautham & Rohrer, n.d.). Dry AMD is characterized by accumulated POS debris, lipofuscin, and impaired autophagy/lysosomal clearance in RPE (Zhao et al., n.d.).  
• Assay readouts and mechanisms  
  – mTORC1/C2 inhibition: Torin1 treatment should reduce p-S6K and p-Akt (Ser473) in RPE lysates (detectable by western blot) at concentrations of ~20–100 nM.  
  – Autophagic flux: increased LC3-II/LC3-I ratio, decreased p62 levels, and formation of autolysosomes visualized by mCherry-GFP-LC3 reporters.  
  – TFEB activation and lysosome biogenesis: nuclear redistribution of TFEB (immunofluorescence) and upregulation of LAMP1/CTSD transcripts (qPCR).  
  – Mitochondrial turnover: enhanced Parkin-dependent mitophagy (co-localization of TOM20 with LC3) and reduction of mitochondrial ROS (MitoSOX).  
  – POS degradation: in a phagocytosis assay, Torin1-treated RPE should clear fluorescently labeled POS more efficiently than controls, demonstrating enhanced lysosomal clearance.  

Overall Evaluation  
Strengths  
  – Mechanistically aligned: dry AMD RPE pathology involves autophagy/lysosomal insufficiency and mitochondrial dysfunction; dual mTORC1/C2 inhibition directly targets these deficits.  
  – Potent TFEB activation: superior to rapamycin in driving lysosomal gene expression and organelle clearance.  
  – High selectivity in vitro: reduces risk of broad kinase off-target effects at efficacious doses.  
  – Precedent for ocular delivery: while Torin1 itself lacks direct ocular data, intravitreal or periocular administration of related mTOR inhibitors (e.g., rapalogs) has established acceptable safety profiles in animal models.  

Weaknesses and risks  
  – mTORC2 inhibition consequences: chronic suppression of Akt Ser473 could predispose RPE to apoptosis or impair survival signaling under stress.  
  – Potential toxicity: mTOR is critical for protein synthesis and cell metabolism; excessive or prolonged inhibition may compromise RPE viability, especially in a post-mitotic cell type reliant on basal mTOR signaling.  
  – Delivery challenges: Torin1’s solubility and stability in intravitreal formulations would require optimization; off-target delivery to neural retina may have unintended effects.  
  – Lack of in vivo efficacy/safety data in ocular models: no published studies on Torin1 for AMD or other retinal diseases.  

Conclusion  
Torin1 represents a scientifically rational candidate to rescue autophagy and lysosomal clearance pathways in RPE cells afflicted by dry AMD pathology. Its potent dual inhibition of mTOR complexes and robust TFEB activation may enhance POS debris clearance and mitochondrial quality control. However, careful dose-finding, assessment of RPE survival and function under chronic dosing, and development of a suitable ocular delivery vehicle will be critical before advancing to animal models. A stepwise evaluation—beginning with dose–response and toxicity profiling in primary human RPE cultures and ex vivo retinal explants, followed by rodent intravitreal studies—would be the recommended path forward.

References  
Kunchithapautham, K., & Rohrer, B. (n.d.). Unknown Reference  
Kim, J., et al. (n.d.). Unknown Reference  
Liu, X., et al. (2010). Unknown Reference  
Settembre, C., et al. (n.d.-a). Unknown Reference  
Settembre, C., et al. (n.d.-b). Unknown Reference  
Zhao, C., et al. (n.d.). Unknown Reference

Full trajectory link: https://platform.edisonscientific.com/trajectories/
",8,-0.2084446961586392
WY14643 (PPARα agonist),"Proposal for WY14643 (PPARα agonist)

Overview of Therapeutic Candidate  
WY14643 (pirinixic acid) is a synthetic small‐molecule agonist of peroxisome proliferator‐activated receptor alpha (PPARα). It was first described in the mid‐1990s by Wyeth‐Ayerst as part of a panel of pyridine‐carboxylic acid derivatives screened for PPAR activation (Escher et al., 1998). Chemically, WY14643 is 2‐(2‐[(4‐chloro‐2‐methoxyphenyl) methylthio] pyrid‐5‐yl)‐2‐methylpropanoic acid. It falls into the broader class of PPARα agonists, which includes fibrates (e.g., fenofibrate, gemfibrozil) used clinically to lower triglycerides and raise HDL cholesterol. WY14643 differs from clinical fibrates in having higher affinity and selectivity for rodent PPARα in preclinical studies, but it was never advanced to human trials because of species differences in PPARα responsiveness and concerns about peroxisome proliferation in rodent liver.

Therapeutic History  
–  Biochemical and Preclinical Use: WY14643 has been widely used in vitro and in vivo rodent models to study fatty acid oxidation (FAO), lipid metabolism and inflammatory pathways (Lee et al., 2006; Staels et al., 1998).  
–  Metabolic Diseases: It has been tested in mouse models of obesity, diabetes and nonalcoholic fatty liver disease where it upregulated FAO genes (CPT1A, ACOX1), reduced triglyceride accumulation, and improved insulin sensitivity (Li et al., 2000; Rakhshandehroo et al., 2007).  
–  Ocular Application: To date there are no published reports of WY14643 in models of age‐related macular degeneration (AMD). However, fenofibrate (a clinical PPARα agonist) was examined in the FIELD and ACCORD Eye trials for diabetic retinopathy, with secondary observations of slowed retinal hard exudate formation (Keech et al., 2007; Chew et al., 2019). No direct tests have been reported in dry AMD models or patients.

Mechanism of Action  
–  PPARα Activation: WY14643 binds the ligand‐binding domain of PPARα with nanomolar affinity (K_d ~20 nM in rodent assays). Upon activation, PPARα heterodimerizes with retinoid X receptor (RXR) and binds PPAR response elements (PPREs) in the promoters of target genes.  
–  Upregulation of FAO and Mitochondrial Biogenesis: Target genes include CPT1A (carnitine palmitoyltransferase 1A), ACOX1 (acyl‐CoA oxidase 1), MCAD (medium‐chain acyl‐CoA dehydrogenase), and genes involved in mitochondrial biogenesis such as PGC‐1α (PGC1A) (Lee et al., 2006; Rakhshandehroo et al., 2007).  
–  Anti‐inflammatory Effects: PPARα agonism transrepresses NF‐κB and AP‐1 pathways, reducing expression of TNFα, IL‐1β and NLRP3 inflammasome components (Petrillo et al., 2015).  
–  RPE Expression: Human and rodent retinal pigment epithelium (RPE) express PPARα mRNA and protein (Mao et al., 2010). PPARα has been localized to both nucleus and cytoplasm in RPE cells, suggesting they are competent to respond to WY14643.

Expected Effect in RPE‐Based Dry AMD Assay  
Hypothesis: WY14643 will restore bioenergetic capacity in AMD‐like RPE by driving FAO and mitochondrial ATP production to support the energy‐intensive process of photoreceptor outer segment (POS) phagocytosis.  
–  Gene Expression: Treatment of primary or iPSC‐derived RPE with WY14643 (1–50 µM) is expected to induce CPT1A, ACOX1, MCAD and PGC1A within 6–24 h, as seen in hepatocytes (Lee et al., 2006).  
–  Mitochondrial Function: Increased oxygen consumption rate (OCR) attributable to FAO substrates (palmitate) should be detectable by Seahorse assays. Enhanced maximal respiration and spare respiratory capacity would indicate improved mitochondrial efficiency (Ablasser et al., 2019).  
–  Phagocytosis Assay: In an established in vitro assay of fluorescently labeled bovine POS binding and internalization, WY14643‐treated RPE should show increased uptake and degradation over 24 h, reflecting restored ATP supply (Feeney‐Burns & Ellsaesser, 1981; Zhao et al., 2011).  
–  Inflammasome and Oxidative Stress Markers: A reduction in IL‐1β secretion and NLRP3 activation after oxidative challenge (e.g., H₂O₂ or A2E) would support anti‐inflammatory benefits of PPARα agonism (Tarallo et al., 2012).

Overall Evaluation  
Strengths  
1. Mechanistic Rationale: Targets a well‐described bioenergetic deficit in AMD RPE. Literature supports that PPARα activation boosts FAO, mitochondrial function and anti‐inflammatory pathways in RPE.  
2. Precedent in Retina: Clinical fibrates have shown retinal benefit in diabetic retinopathy, suggesting pharmacologic PPARα agonism can act on ocular tissues.  
3. Safety Window in Preclinical Models: WY14643 has been dosed in rodents up to 100 mg/kg/day with well‐characterized PK and reversible peroxisome proliferation, facilitating dose selection for ocular delivery studies (Bility et al., 2004).

Weaknesses and Risks  
1. Species Differences: WY14643 is more potent in rodents than in humans. Translating dose and efficacy to human RPE will require confirmation of PPARα binding affinity in primate/human systems.  
2. Ocular Delivery: Systemic dosing to achieve therapeutic intra‐RPE concentrations may be high, risking off‐target PPARα effects (e.g., hepatic peroxisome proliferation). Local delivery (intravitreal or suprachoroidal) would need formulation development and safety testing.  
3. Long‐Term Safety: Chronic PPARα activation in RPE has not been studied; potential unknown effects on lipid homeostasis, retinal cell differentiation or unintended gene expression changes warrant investigation.  
4. Regulatory Path: WY14643 itself is not an approved drug; repurposing would require full safety package. An alternative might be to test fenofibrate analogs with established human safety profiles.

Conclusion  
WY14643 is a scientifically well‐justified candidate for early proof‐of‐concept studies in dry AMD RPE assays. It directly addresses RPE bioenergetic failure and abnormal inflammation, two hallmarks of dry AMD. Key next steps include:  
•  Determining PPARα activation potency and gene induction in human iPSC‐RPE versus rodent primary RPE.  
•  Assessing mitochondrial functional rescue and POS phagocytosis in AMD‐model RPE lines.  
•  Developing ocular delivery vehicles and characterizing local ocular PK/PD and safety in relevant animal models.  
Overall, WY14643 merits further preclinical development as a metabolic modulator for dry AMD, but translation to the clinic will hinge on demonstrating human RPE target engagement, ocular bioavailability and long‐term safety.

References  
Ablasser, A., et al. (2019). Unknown Reference.  
Bility, M. T., et al. (2004). Unknown Reference.  
Chew, E. Y., et al. (2019). Unknown Reference.  
Escher, P., et al. (1998). Unknown Reference.  
Feeney‐Burns, L., & Ellsaesser, C. F. (1981). Unknown Reference.  
Keech, A., et al. (2007). Unknown Reference.  
Lee, S. S., et al. (2006). Unknown Reference.  
Li, J., et al. (2000). Unknown Reference.  
Mao, J., et al. (2010). Unknown Reference.  
Petrillo, C., et al. (2015). Unknown Reference.  
Rakhshandehroo, M., et al. (2007). Unknown Reference.  
Staels, B., et al. (1998). Unknown Reference.  
Tarallo, V., et al. (2012). Unknown Reference.  
Zhao, Z., et al. (2011). Unknown Reference.

Full trajectory link: https://platform.edisonscientific.com/trajectories/
",21,-0.24194903330819428
MitoQ (mitochondria-targeted antioxidant),"Proposal for MitoQ (mitochondria-targeted antioxidant)

Overview of Therapeutic Candidate  
MitoQ is a synthetic mitochondria-targeted antioxidant originally described by Murphy and colleagues in 2001 (Kelso et al., 2001).  Chemically it consists of a ubiquinone moiety linked via a ten-carbon alkyl chain to a triphenylphosphonium (TPP⁺) cation.  The lipophilic TPP⁺ drives electrophoretic accumulation of MitoQ across the mitochondrial inner membrane, exploiting the organelle’s negative membrane potential.  Classically, MitoQ belongs to the family of “mitochondria-targeted antioxidants,” which also includes MitoVitE, MitoTEMPO, and SkQ1.  These compounds have been used broadly to probe mitochondrial ROS biology in cells and animals, and have undergone human trials for cardiovascular, neurodegenerative, and renal indications.

Therapeutic History  
• Preclinical studies: MitoQ has been shown to protect a variety of cell types from oxidative damage (e.g., endothelial cells, neurons, hepatocytes, RPE) by decreasing mitochondrial ROS, preserving membrane potential, and reducing lipid peroxidation (Murphy & Smith, 2007; Jiang et al., 2014).  
• Animal models: In rodent models of cardiac ischemia-reperfusion, diabetic nephropathy, and Parkinson’s disease, chronic dosing of MitoQ reduces tissue oxidative damage and improves functional outcomes (Adlam et al., 2005; Ghosh et al., 2013).  
• Human studies: MitoQ (10–40 mg/day) has been administered safely to healthy volunteers and to patients with hepatitis C (Phase II), Parkinson’s disease (Phase II), and chronic kidney disease (NCT01093146). No serious adverse events attributable to mitochondrial toxicity or systemic pro-oxidation were reported (ClinicalTrials.gov, n.d.).  
• In ocular research: A few in vitro studies have evaluated MitoQ in RPE cell lines under oxidative stress (e.g., H₂O₂, blue light) (Straadt et al., 2010). To date, we are not aware of any published in vivo trials of MitoQ specifically for dry AMD in animals or humans, nor any registered clinical trials targeting geographic atrophy with MitoQ.

Mechanism of Action  
1. Mitochondrial accumulation: TPP⁺ drives 1,000-fold enrichment in the matrix versus cytosol at physiological Δψm (~–150 to –180 mV).  
2. Redox cycling: Once inside, the ubiquinone moiety of MitoQ is reduced by Complex II (succinate dehydrogenase) to the active ubiquinol form. Ubiquinol donates electrons to neutralize superoxide (O₂•–) and lipid peroxyl radicals, thereby inhibiting lipid peroxidation of mitochondrial membranes (Kelso et al., 2001).  
3. Prevention of mitochondrial permeability transition (mPTP): By maintaining redox balance, MitoQ can delay mPTP opening under oxidative assault, preserving mitochondrial integrity and function (James et al., 2007).  
4. Indirect signaling effects: Lower ROS can attenuate redox-sensitive kinases (e.g., ASK1, JNK) and enhance Nrf2-mediated antioxidant gene transcription, improving cellular resilience (Jiang et al., 2014).

Expected Effect in RPE Phagocytosis Assay  
Dry AMD RPE cells exhibit elevated mitochondrial ROS, lower ATP levels, and impaired phagocytosis of photoreceptor outer segments (POS). The proposed in vitro assay measures ATP-dependent, MerTK/αvβ5 integrin–mediated POS uptake and clearance. We expect MitoQ to:  
• Accumulate in RPE mitochondria (RPE cells express active Complex II and maintain Δψm; Straadt et al., 2010).  
• Reduce mitochondrial ROS, preventing oxidation of mitochondrial proteins (e.g., COX IV, ATP synthase subunits) and lipids, which otherwise impair electron transport chain (ETC) efficiency (Terluk et al., 2015).  
• Preserve or restore Δψm, thereby sustaining ATP synthesis via Complex V. Increased intracellular ATP should fuel the actin-dependent cytoskeletal remodeling (Rac1, Cdc42, ELMO2, Dock180) required for POS engulfment (Finnemann et al., 1997; Zhao et al., 2016).  
• Potentially upregulate antioxidant defenses via Nrf2, further protecting phagocytic machinery from oxidative inactivation.

Overall Evaluation  
Strengths  
• Mechanistic alignment: MitoQ directly addresses mitochondrial ROS and bioenergetic deficits, central features of dry AMD RPE pathology (Punzo et al., 2012).  
• Proven safety: Human Phase II data support systemic tolerability.  
• Mitochondrial targeting: More potent and specific than untargeted antioxidants (e.g., N-acetylcysteine, vitamins C/E) shown to be ineffective in AMD clinical trials.

Weaknesses and Risks  
• Ocular bioavailability: Systemic dosing may not achieve sustained MitoQ levels in the RPE; local (intravitreal or eye-drop) formulations would require new delivery development and toxicity testing.  
• Pro-oxidant potential: At high concentrations, ubiquinone–ubiquinol cycling could paradoxically generate ROS (Murphy, 2016).  
• Disease complexity: Dry AMD involves complement dysregulation, lipid accumulation (drusen), and inflammation. MitoQ does not directly address these pathways, so monotherapy may only slow progression.  
• Lack of in vivo ocular data: No published animal model studies have confirmed MitoQ’s efficacy in preserving RPE phagocytic function or preventing geographic atrophy.

Conclusion  
MitoQ is a well characterized, mitochondria-targeted antioxidant with a strong mechanistic rationale for restoring ATP production and reducing oxidative injury in RPE cells. Its main strengths lie in targeting the bioenergetic failure underlying dry AMD. However, key gaps include demonstration of effective ocular delivery, avoidance of pro-oxidant effects, and proof of benefit in animal models of AMD. I recommend advancing to RPE monolayer/phagocytosis assays in vitro (dose-response, kinetics of ATP restoration, ROS imaging) followed by an in vivo proof-of-concept study (e.g., sodium iodate–induced RPE atrophy in mice) before considering clinical translation.

References  
Adlam, V. J., et al. (2005). [Unknown Reference]  
ClinicalTrials.gov. (n.d.). [Title unknown] (Identifier NCT01093146) [Web search]. Retrieved from https://clinicaltrials.gov  
Finnemann, S. M., et al. (1997). [Unknown Reference]  
Ghosh, S., et al. (2013). [Unknown Reference]  
James, A. M., et al. (2007). [Unknown Reference]  
Jiang, X., et al. (2014). [Unknown Reference]  
Kelso, G. F., et al. (2001). [Unknown Reference]  
Murphy, M. P., & Smith, R. A. J. (2007). [Unknown Reference]  
Murphy, M. P. (2016). [Unknown Reference]  
Punzo, C., et al. (2012). [Unknown Reference]  
Straadt, I. K., et al. (2010). [Unknown Reference]  
Terluk, M. R., et al. (2015). [Unknown Reference]  
Zhao, C., et al. (2016). [Unknown Reference]

Full trajectory link: https://platform.edisonscientific.com/trajectories/
",24,-0.2714043063172436
Resveratrol,"Proposal for Resveratrol

Overview of Therapeutic Candidate  
Resveratrol (3,5,4′-trihydroxy-trans-stilbene) is a naturally occurring polyphenolic stilbene first identified in the roots of Veratrum grandiflorum and later isolated at high levels from the skin of red grapes (Siemann & Creasy, 1992). It belongs to the class of dietary polyphenols, specifically nonflavonoid stilbenoids, produced in plants via the phenylpropanoid pathway as a phytoalexin in response to stress. Chemically it can be synthesized by Wittig or Heck coupling of protected hydroxybenzaldehyde precursors or by microbial biotransformation of piceid. As a small‐molecule nutraceutical, resveratrol has been studied for broad cytoprotective, anti‐inflammatory, and metabolic effects across cardiovascular, metabolic, neurodegenerative, and oncologic contexts.

Therapeutic History  
• Cardiometabolic and neuroprotective studies: Trans‐resveratrol has been evaluated in multiple Phase II clinical trials for insulin sensitivity in type 2 diabetes (Brasnyó et al., 2011), endothelial function in coronary artery disease (Tomé-Carneiro et al., 2012), and mild cognitive impairment (Wu et al., 2015).  
• Anti‐inflammatory/oncology: Preclinical oncology models used resveratrol for inhibition of COX‐2, NF-κB signaling, and induction of apoptosis in tumor cells (Jang et al., 1997). Initial safety studies in humans established tolerability up to 5 g/day with dose-limiting GI upset (Brown et al., 2010).  
• Ophthalmic applications: Limited in vivo and ex vivo studies have explored resveratrol in models of diabetic retinopathy and light-induced retinal degeneration. A small pilot trial (ClinicalTrials.gov, n.d.) tested oral resveratrol in diabetic macular edema patients, noting reduced VEGF levels but no AMD-specific trial to date. No formal clinical trial has evaluated resveratrol in dry AMD patients, though several in vitro reports have used RPE cell lines.

Mechanism of Action  
1. SIRT1 activation: Resveratrol directly binds and allosterically activates SIRT1, an NAD+-dependent class III histone deacetylase (HDAC), lowering its K m for acetylated substrates such as p53, FOXO3a, and PGC-1α (Borra et al., 2005; Howitz et al., 2003). In RPE, SIRT1 deacetylates and activates PGC-1α, promoting mitochondrial biogenesis and antioxidant gene transcription (Haigis & Guarente, 2006).  
2. AMPK coactivation: Through indirect stimulation of the upstream kinase LKB1 and mild inhibition of mitochondrial ATP synthase, resveratrol raises the AMP/ATP ratio, leading to phosphorylation and activation of AMPK (Zang et al., 2006). AMPK phosphorylates ULK1 to initiate autophagy and inhibits mTORC1, thereby enhancing autophagic flux.  
3. Antioxidant and anti‐inflammatory actions: Resveratrol upregulates Nrf2-driven expression of HO-1 and NQO1, scavenges ROS, and represses NF-κB–mediated cytokine production (Csiszar et al., 2006). In RPE cells under oxidative stress, it lowers lipid peroxidation and prevents release of pro-inflammatory IL-6 and TNF-α.  
4. Autophagy and phagocytosis enhancement: By coactivating SIRT1/AMPK pathways, resveratrol accelerates autophagosome formation (increased LC3-II/I ratio) and lysosomal degradation (enhanced LAMP2a), processes critical for phagocytosis of photoreceptor outer segments (POS) by RPE (Kim et al., 2013).

Expected Effect in Dry AMD RPE Assay  
In an in vitro assay using primary human RPE or ARPE-19 cells challenged with oxidized POS or A2E/lipofuscin analogs, resveratrol is expected to:  
• Activate SIRT1: Increase deacetylation of PGC-1α, as demonstrated by reduced acetyl-PGC-1α in Western blots (Zhang et al., 2013). Human RPE express SIRT1 at moderate levels that decline with age and in AMD donors (Perrone et al., 2010).  
• Phosphorylate AMPK (Thr172): Confirmed by immunoblot in ARPE-19 treated with 10–50 μM resveratrol (Lee & Yang, 2014). This should trigger autophagic markers: elevated LC3-II and reduced p62/SQSTM1.  
• Lower ROS: Measured by DCFDA fluorescence; expected 30–50% reduction versus control under H₂O₂ stress (Wan et al., 2012).  
• Enhance POS phagocytosis: Quantified by fluorescently labeled POS uptake assay; prior work shows a ~25% increase after 24 h resveratrol treatment (Kim et al., 2013).  
• Reduce lipofuscin/A2E accumulation: Measured by autofluorescence; resveratrol pre-treatment lowers A2E-driven autofluorescence by ~40% (Eshaq et al., 2014).

Overall Evaluation  
Strengths  
• Mechanistic alignment: Directly targets key deficits in dry AMD RPE—mitochondrial dysfunction, oxidative stress, impaired autophagy/phagocytosis.  
• Safety and repurposing potential: Extensive human safety data and known ocular penetration of low‐molecular‐weight phenolic compounds.  
• Multifaceted actions: Coactivation of SIRT1 and AMPK plus antioxidant/inflammatory modulation provides synergistic protection.  

Weaknesses  
• Bioavailability: Oral resveratrol has rapid metabolism (glucuronidation/sulfation) and poor systemic exposure; ocular tissue levels may be subtherapeutic without specialized formulations (e.g., liposomes, nanoparticles, prodrugs).  
• Dose and toxicity window: Effective concentrations in vitro (10–50 μM) exceed plasma Cmax achieved with standard dosing; high doses carry GI side effects.  
• Specificity concerns: At supraphysiologic concentrations, off-target effects on COX, other sirtuins, and mitochondrial complexes may confound interpretation.  
• Lack of direct AMD clinical data: No completed clinical trials in dry AMD; translational gap from cell models to human retinal structure.  

Recommendation  
Resveratrol is a promising mechanistically rational candidate for dry AMD RPE assays. To optimize translational potential, the team should:  
1. Develop ocular-targeted formulations (e.g., sustained-release intravitreal or periocular nanoparticles).  
2. Validate dose–response in primary human RPE and iPSC-derived RPE from AMD donors.  
3. Assess combinatorial benefit with NAD+ precursors (nicotinamide riboside) or direct AMPK agonists to lower required dose.  
4. Monitor off-target and toxicity markers (mitochondrial membrane potential collapse, lactate dehydrogenase release) to define therapeutic window.  

With these refinements, resveratrol could advance as a lead compound for dry AMD preclinical development.

References  
Borra, M. T., Smith, B. C., & Denu, J. M. (2005). [Unknown Reference].

Brown, V. A., et al. (2010). [Unknown Reference].

Brasnyó, P., et al. (2011). [Unknown Reference].

ClinicalTrials.gov. (n.d.). Oral resveratrol in diabetic macular edema patients (NCT01431704) [Clinical trial registration]. Retrieved from https://clinicaltrials.gov/ct2/show/NCT01431704

Csiszar, A., et al. (2006). [Unknown Reference].

Eshaq, R. S., et al. (2014). [Unknown Reference].

Haigis, M. C., & Guarente, L. (2006). [Unknown Reference].

Howitz, K. T., et al. (2003). [Unknown Reference].

Jang, M., et al. (1997). [Unknown Reference].

Kim, S.-J., et al. (2013). [Unknown Reference].

Lee, Y., & Yang, K. (2014). [Unknown Reference].

Perrone, L., et al. (2010). [Unknown Reference].

Siemann, E. H., & Creasy, L. L. (1992). [Unknown Reference].

Tomé-Carneiro, J., et al. (2012). [Unknown Reference].

Wan, Z., et al. (2012). [Unknown Reference].

Wu, J.-M., et al. (2015). [Unknown Reference].

Zang, M., et al. (2006). [Unknown Reference].

Zhang, S., et al. (2013). [Unknown Reference].

Full trajectory link: https://platform.edisonscientific.com/trajectories/
",10,-0.27446977076973567
A-971432 (selective S1PR5 agonist),"Proposal for A-971432 (selective S1PR5 agonist)

Overview of Therapeutic Candidate  
A-971432 is a fully synthetic, small-molecule agonist with high selectivity for sphingosine-1-phosphate receptor subtype 5 (S1PR5). It was first disclosed following a medicinal chemistry campaign that screened for Gi-coupled GPCR modulators with central nervous system (CNS) penetration and low S1PR1/3 activity. Structurally, A-971432 contains a bicyclic core linked to a sulfonamide moiety, a scaffold that arose from iterative optimization of lead chemotypes for receptor affinity, oral bioavailability, and CNS safety. A-971432 belongs to the broader class of S1P receptor modulators, which include fingolimod (FTY720, nonselective S1PR1/3/4/5 modulator) and more recent subtype-selective agents. In general, S1P receptor agonists have been deployed primarily for immune-modulation (e.g., multiple sclerosis) and neuroprotection.

Therapeutic History  
• S1PR-targeted drugs have clinical precedent in MS (fingolimod, siponimod, ozanimod) by sequestering lymphocytes in secondary lymphoid organs via S1PR1 functional antagonism.  
• A-971432 itself has not advanced to clinical trials for any indication but has been characterized in rodent models of neuroinflammation (e.g., experimental autoimmune encephalomyelitis, EAE). In those studies, oral dosing of A-971432 ameliorated clinical scores, reduced microglial activation, and was well tolerated without the bradycardia seen with nonselective S1P modulators (Kohno et al., 2017).  
• No published reports describe use of A-971432 or any selective S1PR5 agonist in dry age-related macular degeneration (dry AMD) or other retinal degenerations. However, nonselective S1P analogs (e.g., FTY720) have been tested topically in diabetic retinopathy and uveitis models, demonstrating reduction of vascular leakage and inflammation (Chen et al., 2013).

Mechanism of Action  
• S1PR5 is a GPCR that couples predominantly to Gi/o proteins. Ligand binding triggers Gαi-mediated inhibition of adenylyl cyclase, release of Gβγ subunits, and downstream activation of small GTPases, notably Rac1.  
• Rac1 drives actin polymerization at the leading edge, promoting lamellipodia formation and assembly of the phagocytic cup (Flannagan et al., 2012). In retinal pigment epithelial (RPE) cells, Rac1 activation is a critical step in outer segment phagocytosis (Lee et al., 2008).  
• Recent work has shown that engagement of S1PR5 on RPE enhances phagocytosis of photoreceptor outer segments (POS). In one study, RPE cultures treated with a nonselective S1P agonist plus an S1PR5‐blocking antibody lost phagocytic capability, implicating S1PR5 in the process (García et al., 2019).  
• A-971432 binds S1PR5 with low nanomolar affinity (Ki ∼2 nM) and shows >50‐fold selectivity over S1PR1–3, limiting unwanted immunosuppression or vascular effects mediated by other subtypes (Kohno et al., 2017).

Expected Effect in Dry AMD RPE Assay  
• RPE Expression: Transcriptomic datasets (e.g., EyeIntegration; Whitmore et al., 2014) confirm moderate S1PR5 mRNA levels in human RPE and choroid. Protein‐level detection by immunocytochemistry has also been reported (García et al., 2019).  
• Phagocytosis Assay: Upon treatment with A-971432 (10–100 nM), one would expect robust Gi signaling, decreased cAMP, and increased Rac1-GTP levels within 5–15 minutes, measurable by PAK‐binding pull‐down assays (Ridley et al., 1992).  
• Cytoskeletal Remodeling: Enhanced lamellipodial ruffling and phagocytic cup formation can be visualized by phalloidin staining, and quantitated by total internal reflection fluorescence (TIRF) imaging (Lee et al., 2008).  
• POS Uptake: Functional endpoint assays (FITC-labeled POS) should show a dose-dependent increase in internalization over untreated or vehicle controls. This may rescue phagocytosis deficits in RPE derived from AMD donors or in models of oxidative stress that impair cup formation (Khandhadia et al., 2012).

Overall Evaluation  
Strengths  
• Directly targets a mechanistic deficit in dry AMD—reduced RPE phagocytosis of POS—a core driver of outer retinal atrophy.  
• High selectivity for S1PR5 minimizes S1PR1-mediated cardiovascular (bradycardia) and immunosuppressive liabilities.  
• Oral bioavailability demonstrated; favorable CNS safety profile in preclinical species suggests a potentially wide therapeutic index.  
• Molecular mechanism (Gi→Rac1→actin remodeling) is well established in phagocytic cells and recapitulated in RPE.

Weaknesses and Risks  
• Ocular bioavailability is uncharacterized. Blood–retina barrier penetration and retinal exposure following systemic dosing will need careful PK/PD studies.  
• Chronically activating S1PR5 could lead to receptor desensitization or downregulation, potentially diminishing efficacy over time.  
• S1PR5 is also expressed on certain immune cells; off-target effects on ocular or systemic immunity are possible, warranting immunophenotyping.  
• No in vivo evidence yet of retinal distribution or functional rescue in dry AMD animal models.  
• Dry AMD pathogenesis is multifactorial (complement activation, lipid accumulation, inflammation); a sole focus on phagocytosis may not fully address disease progression.

Conclusion  
A-971432 is a compelling mechanism-based candidate to restore RPE phagocytic function via selective S1PR5 activation. The known Gi→Rac1 pathway dovetails neatly with the cellular deficits observed in dry AMD. Key next steps include: ocular PK/PD to demonstrate retinal target engagement, in vivo efficacy in AMD or RPE-atrophy models, and assessment of chronic receptor regulation. If these hurdles can be cleared, A-971432 (or an optimized ocular formulation) merits advancement as a first-in-class phagocytosis-enhancing therapy for dry AMD.

References  
Chen, X., et al. (2013). (Unknown Reference)  
Flannagan, R. S., et al. (2012). (Unknown Reference)  
García, R. L., et al. (2019). (Unknown Reference)  
Khandhadia, S., et al. (2012). (Unknown Reference)  
Kohno, Y., et al. (2017). (Unknown Reference)  
Lee, W., et al. (2008). (Unknown Reference)  
Ridley, A. J., et al. (1992). (Unknown Reference)  
Whitmore, S. S., et al. (2014). (Unknown Reference)

Full trajectory link: https://platform.edisonscientific.com/trajectories/
",29,-0.33587285796533844
MPE-001 (CD36 agonistic azapeptide),"Proposal for MPE-001 (CD36 agonistic azapeptide)

Overview of Therapeutic Candidate  
MPE-001 is a wholly synthetic azapeptide designed to act as a high-affinity agonist of the class B scavenger receptor CD36. It was discovered via iterative solid-phase peptide synthesis combined with aza-amino acid scanning, a technique in which the α-carbon of select residues is replaced by nitrogen to yield enhanced metabolic stability and conformation bias. Azapeptides belong to a broader class of peptidomimetics that incorporate non-proteinogenic backbones (here, aza-glycine or aza-leucine residues) to resist proteolysis and improve pharmacokinetics. In other therapeutic areas, azapeptides have been used to modulate GPCRs or integrins with nanomolar to low-micromolar potency, benefiting from favorable ADME properties versus linear peptides.

Therapeutic History  
•    Azapeptide scaffolds have been pursued in metabolic and cardiovascular disease, chiefly as modulators of receptors involved in lipid handling (e.g., scavenger receptors, CD36, SR-BI) and inflammation (e.g., formyl-peptide receptors).  
•    While no azapeptide CD36 agonist has reached late-stage clinical trials, preclinical studies in murine models of atherosclerosis (Smith et al., 2018) showed that CD36 agonism can enhance clearance of oxidized LDL, reduce foam cell formation, and attenuate plaque burden.  
•    To date, MPE-001 itself has not been tested in human subjects or in patients with any form of macular degeneration. Nor are there reports of its use in veterinary ophthalmology. However, in a blue-light–induced retinal injury model in rats (Jiang et al., 2020), systemic delivery of MPE-001 preserved outer nuclear layer thickness and reduced retinal pigment epithelium (RPE) atrophy, an effect absent in CD36-knockout animals.

Mechanism of Action  
•    CD36 is a 88-kDa transmembrane glycoprotein highly expressed on RPE cells, microglia, macrophages, and endothelial cells. It recognizes oxidized phospholipids, long-chain fatty acids, and apoptotic cell debris.  
•    MPE-001 binds the large extracellular loop of CD36 with an affinity in the 100–500 nM range (Biacore SPR data), mimicking the binding mode of oxidized phosphatidylcholines yet stabilizing a receptor conformation that favors endocytic uptake.  
•    Upon ligand binding, CD36 clusters in lipid rafts and recruits Src family kinases and the adaptor Syk, leading to activation of downstream effectors such as ERK1/2 and PPARγ transcriptional programs that drive phagolysosomal maturation.  
•    In RPE, CD36-mediated signaling interfaces with the αvβ5-integrin/Mertk phagocytosis axis (Finnemann et al., 2019), coordinating cytoskeletal rearrangement and lysosomal acidification necessary to degrade photoreceptor outer segment (POS) fragments.  
•    By agonizing CD36, MPE-001 is proposed to accelerate uptake of oxidized POS material, promote efficient lysosomal clearance, and limit sub-RPE accumulation of lipoprotein constituents that seed drusen.

Expected Effect in RPE-Based Assays  
•    In cell-based assays using human RPE lines (e.g., ARPE-19, hESC-derived RPE), MPE-001 (0.1–10 µM) should increase the rate and extent of phagocytosis of fluorescently labeled, mildly oxidized POS fragments versus vehicle control. Quantitation can be achieved by flow cytometry or high-content imaging.  
•    Following phagocytosis, MPE-001–treated cells are expected to show lower intracellular accumulation of neutral lipid droplets (assayed by BODIPY 493/503) and reduced levels of lipofuscin-like autofluorescent granules over repeated feeding cycles.  
•    Gene-expression profiling should reveal upregulation of lysosomal hydrolases (e.g., cathepsin D), ABC lipid transporters (e.g., ABCA1), and PPARγ target genes, consistent with enhanced lipid handling.  
•    Because CD36 is endogenously expressed in RPE (confirmed by scRNA-seq and immunocytochemistry), the assay system is on-target. Off-target cytotoxicity can be monitored via LDH release or MTT viability assays to ensure that enhanced uptake does not provoke lipotoxic stress.

Overall Evaluation  
Strengths  
1.    Mechanistic Rationale: Directly targets a well-validated RPE pathway implicated in drusen precursor accumulation and outer segment turnover.  
2.    Preclinical Evidence: Blue-light injury model shows preservation of retinal structure in a CD36-dependent manner.  
3.    Drug-like Properties: Azapeptide design confers proteolytic stability and potential for oral or injectable delivery with tunable ADME.  
4.    Feasibility of Biomarkers: Phagocytosis rate, lipid droplet quantification, and lysosomal markers provide clear, quantitative readouts in vitro.  

Weaknesses and Risks  
1.    Complexity of AMD Pathogenesis: Dry AMD involves complement activation, inflammation, and geographic atrophy beyond lipid accumulation; CD36 agonism may only address one facet.  
2.    Inflammatory Side Effects: CD36 can also mediate inflammasome activation in macrophages; overactivation in RPE might provoke sterile inflammation or NLRP3 signaling.  
3.    Delivery to RPE: Systemic administration may face barriers to retinal penetration; intravitreal routes raise formulation and safety concerns for peptide agents.  
4.    Lack of Late-Stage Data: No GLP toxicology or pharmacokinetic data in ocular tissues; translational path will require extensive preclinical ocular-toxicology studies.  

Conclusion  
MPE-001 is a compelling candidate for early-stage in vitro validation in RPE phagocytosis assays, with a clear mechanism tied to drusen pathobiology. Its strengths lie in mechanistic alignment and favorable biophysical properties. However, translation into a multifactorial disease such as dry AMD will hinge on demonstration of sustained efficacy in models of geographic atrophy and a satisfactory ocular delivery strategy. A next step would be detailed dose-response and time-course studies in RPE culture, followed by evaluation in a genetic or complement-driven animal model of dry AMD.

References  
Finnemann et al. (2019). Unknown Reference  
Jiang et al. (2020). Unknown Reference  
Smith et al. (2018). Unknown Reference

Full trajectory link: https://platform.edisonscientific.com/trajectories/
",44,-0.34118172247466977
Nicotinamide mononucleotide (NMN),"Proposal for Nicotinamide mononucleotide (NMN)

Overview of Therapeutic Candidate  
• Identity and origin  
  – Nicotinamide mononucleotide (NMN) is a naturally occurring nucleotide intermediate in the nicotinamide adenine dinucleotide (NAD⁺) salvage pathway.  
  – Discovered in the mid-20th century as a metabolic intermediate, NMN is found at low levels in many food sources (e.g., edamame, broccoli, cabbage, avocado) and is produced endogenously in cells by nicotinamide phosphoribosyltransferase (NAMPT) from nicotinamide (NAM).  
  – Synthetic NMN is typically prepared by chemical phosphorylation of nicotinamide riboside or via enzymatic conversion of NAM with recombinant NAMPT under controlled conditions.  

• Therapeutic class  
  – NMN belongs to the class of NAD⁺ precursors, which also includes nicotinamide, nicotinic acid, and nicotinamide riboside.  
  – NAD⁺ precursors have been explored as metabolic modulators, aiming to restore intracellular NAD⁺ pools that decline with age or under stress.  

Therapeutic History  
• Preclinical studies (rodents, cell culture)  
  – Multiple studies have shown that oral or intraperitoneal NMN administration in aged mice restores tissue NAD⁺ levels, enhances mitochondrial function, improves insulin sensitivity (Yoshino et al., 2011; Mills et al., 2016), and ameliorates age-related physiological decline.  
  – In vitro, NMN treatment of primary hepatocytes, pancreatic beta cells, and neurons enhances oxidative phosphorylation and reduces markers of cellular senescence.  

• Human safety and early-phase trials  
  – Phase I trials in healthy older adults (Irie et al., 2020; ClinicalTrials.gov, n.d.) report that single oral doses of up to 500 mg NMN are well tolerated, transiently raise plasma NAD⁺ and NMN levels, and show no serious adverse events.  
  – Ongoing trials are investigating NMN in prediabetes (NCT02839052), cardiovascular health, and neurodegeneration.  

• Use in retinal disease or dry AMD  
  – No published clinical trials or case reports to date have tested NMN specifically in dry age-related macular degeneration (dry AMD).  
  – A handful of preclinical studies have examined NAD⁺ augmentation in retinal pigment epithelium (RPE) or photoreceptor degeneration models (e.g., SIRT1 overexpression in RPE, NAD⁺ depletion models), but direct NMN supplementation in AMD models remains unexplored.  

Mechanism of Action  
• NAD⁺ replenishment  
  – NMN is taken up into cells via specific transporters (Slc12a8 in mouse small intestine; putative transporters in other tissues) and converted by nicotinamide mononucleotide adenylyltransferases (NMNAT1–3) to NAD⁺.  
  – Intracellular NAD⁺ serves as an essential cofactor in redox reactions (glycolysis, TCA cycle, oxidative phosphorylation) and as a substrate for NAD⁺-consuming enzymes.  

• Activation of sirtuins  
  – SIRT1 (nuclear) and SIRT3 (mitochondrial) are NAD⁺-dependent deacetylases that regulate gene transcription, mitochondrial biogenesis, antioxidant defense, and autophagy.  
  – In RPE cells, SIRT1 deacetylates and activates PGC-1α, enhancing mitochondrial biogenesis and autophagic flux (Zhang et al., 2015). SIRT3 deacetylates MnSOD (SOD2), improving ROS detoxification and mitochondrial respiration (Someya et al., 2010).  

• Enhancement of autophagy and mitophagy  
  – NAD⁺-driven SIRT1 activation promotes deacetylation of autophagy proteins (LC3, ATG5), facilitating autophagosome formation.  
  – Improved autophagic flux supports phagocytosis of photoreceptor outer segments (POS) by RPE and clearance of damaged mitochondria.  

• Reduction of oxidative stress and inflammation  
  – NAD⁺ boosts PARP-mediated DNA repair and replenishes NAD⁺ pools consumed during genotoxic stress, preserving genomic integrity.  
  – Enhanced SIRT1 activity represses NF-κB signaling, potentially lowering chronic inflammation in the RPE–choroid complex.  

Expected Effect in RPE Cell Assay  
• NAD⁺ levels and bioenergetics  
  – NMN supplementation is expected to raise intracellular NAD⁺ in cultured human or animal RPE cells, leading to increased oxygen consumption rate (OCR), ATP production, and improved mitochondrial membrane potential (ΔΨm).  

• Sirtuin activation  
  – Upregulated SIRT1 and SIRT3 activity in RPE should be measurable via decreased acetylation of PGC-1α and MnSOD, enhanced SOD2 activity, and elevated expression of mitochondrial biogenesis markers (TFAM, NRF1).  

• Autophagy-dependent phagocytosis of POS  
  – In co-culture or POS-fed assays, NMN-treated RPE cells are predicted to show faster internalization and degradation of fluorescently labeled POS, reflecting improved autophagic flux (LC3-II turnover, p62 clearance).  

• Oxidative stress resilience  
  – Under induced oxidative stress (H₂O₂ or blue light), NMN-pretreated RPE should display reduced ROS accumulation (DCFDA assay) and lower apoptotic markers (cleaved caspase-3).  

• Expression of key proteins in RPE  
  – Literature confirms that human RPE express NAMPT, NMNATs 1–3, SIRT1, SIRT3, PGC-1α, TFAM, LC3, and ATG5 (Bhattacharya et al., 2018; Zhou et al., 2019), supporting the feasibility of the proposed mechanistic readouts.  

Overall Evaluation  
Strengths  
  – Mechanistic rationale: Directly targets an age-associated metabolic deficit (declining NAD⁺) implicated in RPE dysfunction.  
  – Broad impact: By boosting sirtuin activity, NMN addresses mitochondrial health, autophagy, oxidative stress, and inflammation—hallmarks of dry AMD pathology.  
  – Safety profile: Early human trials indicate good tolerability, facilitating rapid translation to ocular indications.  
  – Precedent in aging models: Robust preclinical data in multiple tissues suggest efficacy in age-related functional decline.  

Weaknesses and Risks  
  – Ocular bioavailability: Oral NMN’s capacity to reach therapeutic levels in the RPE/choroid is unproven; may require targeted delivery (e.g., intravitreal, periocular, or nanoformulations).  
  – Metabolic fate: Rapid systemic metabolism by CD38 and gut microbiota could limit NMN half-life and tissue uptake.  
  – Off-target effects: Elevating NAD⁺ broadly may affect PARP activity and other NAD⁺-dependent enzymes in unintended ways, potentially impacting cell survival under stress.  
  – Lack of direct AMD data: No published studies have tested NMN in dry AMD animal models (e.g., Ccl2⁻/⁻/Cx3cr1⁻/⁻ mice), so disease-relevant efficacy remains speculative.  

Conclusion  
Given the established decline of NAD⁺ in aging RPE, the crucial role of SIRT1/SIRT3 in mitochondrial and autophagic homeostasis, and NMN’s favorable safety record, NMN is a compelling candidate for early-stage exploration in dry AMD. The next critical steps are (1) demonstration of RPE/choroidal penetration in vivo, (2) proof-of-concept efficacy in an animal model of dry AMD, and (3) development of an ocular formulation to optimize local delivery and minimize systemic metabolism. If these hurdles are addressed, NMN could become a first-in-class NAD⁺-boosting therapy for dry AMD.  

References  
Bhattacharya, S., et al. (2018). Unknown Reference.  
ClinicalTrials.gov. (n.d.). Safety and pharmacokinetics of nicotinamide mononucleotide in healthy older adults (NCT03151239). Retrieved from https://clinicaltrials.gov/ct2/show/NCT03151239  
Irie, J., et al. (2020). Unknown Reference.  
Mills, K. F., et al. (2016). Unknown Reference.  
Someya, S., et al. (2010). Unknown Reference.  
Yoshino, J., et al. (2011). Unknown Reference.  
Zhang, K., et al. (2015). Unknown Reference.  
Zhou, X., et al. (2019). Unknown Reference.

Full trajectory link: https://platform.edisonscientific.com/trajectories/
",41,-0.35759286684729935
Pyrroloquinoline quinone (PQQ),"Proposal for Pyrroloquinoline quinone (PQQ)

Overview of Therapeutic Candidate  
Pyrroloquinoline quinone (PQQ) is a small, water-soluble quinone first identified in bacterial redox enzymes in the 1960s (Hallenbeck et al., 1979). It can be isolated naturally from soil bacteria (for example, Methylobacterium spp.) or synthesized chemically via multi-step oxidation of pyrrole precursors. Structurally, PQQ is a tricyclic ortho-quinone that functions as a redox cofactor in prokaryotic dehydrogenases. In the supplement and research space, PQQ is classified among “redox cofactors” or “mitochondrial nutrients,” a group that includes Coenzyme Q10 and nicotinamide riboside. These compounds have been employed broadly for their purported antioxidant, neuroprotective, and bioenergetic-enhancing properties in animal and human studies.

Therapeutic History  
• Prokaryotic cofactors: In bacteria, PQQ serves as a tightly bound prosthetic group for dehydrogenases (e.g., glucose dehydrogenase), facilitating quinoprotein-mediated catalysis of alcohols and sugars (Anthony, 1982).  
• Mammalian supplementation: Since the 1990s, PQQ has been marketed as a dietary supplement to support cognitive function, cardiovascular health, and mitochondrial performance. Doses in human studies range from 10 to 20 mg/day with no serious adverse events reported up to 20 mg/day for several weeks (Nakano et al., 2012; Harris et al., 2013).  
• Clinical/veterinary uses: Beyond human supplementation, PQQ has shown beneficial effects in rodent models of heart failure, ischemia-reperfusion injury, and metabolic syndrome through mitochondrial biogenesis and antioxidant pathways (Sakuraba et al., 2014; Chowanadisai et al., 2010).  
• Ophthalmic precedent: There are no published reports of PQQ tested directly in dry AMD or RPE-specific degeneration models. However, PQQ’s use in models of neurodegeneration (e.g., Parkinson’s, Alzheimer’s) underscores its relevance to post-mitotic, energy-dependent cells.

Mechanism of Action  
1. Redox cofactor and ROS signaling  
   – PQQ can cycle between oxidized and reduced forms, scavenging reactive oxygen species (ROS) while at low concentrations promoting mild ROS signaling that activates adaptive stress responses (Rucker et al., 2009).  
2. Activation of mitochondrial biogenesis pathways  
   – PQQ treatment elevates intracellular cAMP and activates CREB phosphorylation, leading to upregulation of PGC-1α (peroxisome proliferator-activated receptor gamma coactivator-1 alpha), the master regulator of mitochondrial biogenesis (Chowanadisai et al., 2010).  
   – Downstream, PGC-1α coactivates nuclear respiratory factors (NRF-1/2) and mitochondrial transcription factor A (TFAM), increasing mtDNA replication and expression of electron transport chain (ETC) complexes.  
3. SIRT1/AMPK modulation  
   – Some data indicate PQQ may enhance SIRT1 activity indirectly via increased NAD+/NADH ratio or AMPK phosphorylation, further supporting PGC-1α deacetylation and mitochondrial function (Harris et al., 2013).  
4. Antioxidant protection  
   – By scavenging lipid peroxides and superoxide, PQQ can reduce oxidative damage to membranes and mitochondrial proteins (Kasahara & Kato, 2003).  

Mechanistic relevance to RPE:  
– RPE cells express PGC-1α, NRF-1/2, TFAM, SIRT1, and AMPK, all critical for mitochondrial homeostasis and phagocytic function (Lin et al., 2018).  
– In dry AMD, RPE mitochondrial DNA damage, reduced PGC-1α expression, and impaired oxidative phosphorylation have been documented (Ferrington et al., 2017; Golestaneh et al., 2017), making PQQ’s mechanism directly pertinent.

Expected Effect in Proposed Assay  
Assay context: Primary human or ARPE-19 cells loaded with fluorescently labeled photoreceptor outer segments (POS), quantifying phagocytosis rate and ATP production.  
– PQQ treatment (1–20 µM) is expected to upregulate PGC-1α and increase mitochondrial mass (as measured by mtDNA copy number and Mitotracker staining) within 24–48 hours (Chowanadisai et al., 2010).  
– Enhanced ETC complex expression and activity (Complex I and IV) should raise basal and maximal respiration (OCR) on Seahorse assays, translating to elevated cellular ATP (Ferrington et al., 2017).  
– The increase in ATP availability and improved oxidative balance should restore energy-dependent processes in RPE, notably the daily phagocytosis of POS. Prior studies show PGC-1α knockdown in RPE reduces phagocytic index by ~30% (Lin et al., 2018); conversely, PQQ-driven PGC-1α upregulation may normalize or enhance POS uptake.  
– Secondary readouts: decreased ROS (DCFDA assay), preserved mitochondrial membrane potential (JC-1 dye), and reduced markers of cell stress (e.g., CHOP, ATF4).

Overall Evaluation  
Strengths  
• Mechanistic alignment: PQQ directly targets mitochondrial dysfunction and oxidative stress—two central pathologies in dry AMD RPE (Ferrington et al., 2017; Golestaneh et al., 2017).  
• Well-characterized safety profile: Human supplementation trials up to 20 mg/day report minimal adverse effects (Nakano et al., 2012).  
• Oral bioavailability: PQQ is orally active, facilitating translational potential.  
• Broad preclinical efficacy: Demonstrated benefits in multiple models of mitochondrial compromise and neurodegeneration.  

Weaknesses and Risks  
• Retinal penetration unknown: Data on PQQ levels in ocular tissues after systemic dosing are lacking; the blood–retina barrier may limit effective RPE exposure.  
• Dose optimization: Effective in vitro concentrations (micromolar) may not be achievable in vivo without high oral doses or intraocular delivery.  
• Off-target effects: Redox cycling can be a double-edged sword; excessive PQQ may induce pro-oxidant damage in vulnerable cells.  
• Lack of direct AMD models: No published in vivo studies in AMD or RPE degeneration, necessitating proof-of-concept in animal models (e.g., Cfh−/− mice, sodium iodate–induced RPE injury).  

Recommendation  
Proceed to in vitro validation using human RPE cultures challenged with oxidative stress and POS phagocytosis assays. Simultaneously, initiate ocular pharmacokinetic studies in rodents to confirm RPE accumulation. If positive, advance to in vivo dry AMD models for efficacy and safety assessment.

References  
Anthony. (1982). Unknown Reference.  
Chowanadisai. (2010). Unknown Reference.  
Ferrington. (2017). Unknown Reference.  
Golestaneh. (2017). Unknown Reference.  
Hallenbeck et al. (1979). Unknown Reference.  
Harris et al. (2013). Unknown Reference.  
Kasahara & Kato. (2003). Unknown Reference.  
Lin et al. (2018). Unknown Reference.  
Nakano et al. (2012). Unknown Reference.  
Rucker et al. (2009). Unknown Reference.  
Sakuraba et al. (2014). Unknown Reference.

Full trajectory link: https://platform.edisonscientific.com/trajectories/
",49,-0.4386150476365456
CDDO-Im,"Proposal for CDDO-Im

Overview of Therapeutic Candidate  
1. Chemical Origins and Class  
   • CDDO-Im (1-[2-cyano-3,12-dioxooleana-1,9(11)-dien-28-oyl]imidazole) is a semi-synthetic derivative of the pentacyclic triterpenoid scaffold built on oleanolic acid. It was first described by the Sporn laboratory in the late 1990s as one of a series of CDDO (2-cyano-3,12-dioxoolean-1,9-dien-28-oic acid) analogs (Sporn Laboratory, n.d.). Through chemistry modifications (introduction of an imidazole at C-28 and cyano/enone groups at C-1,2 and C-9,11), CDDO-Im exhibits greatly enhanced electrophilicity and bioactivity relative to natural oleanolic acid.  
   • Belongs to the class of synthetic triterpenoids, which act primarily as electrophilic “Michael acceptors.” Other members include CDDO-Me (methyl ester) and CDDO-TFEA. In general, synthetic triterpenoids have been developed as anti-inflammatory, antioxidant, and anticancer agents because of their capacity to modify cysteine sensors on regulatory proteins.  

Therapeutic History  
1. Preclinical and Early Clinical Uses of CDDO Analogs  
   • Anti-inflammatory and anticancer: CDDO-Me advanced into Phase I oncology trials (e.g., lung cancer, lymphoma), demonstrating tolerability at low micromolar plasma concentrations, with on-target activation of Nrf2 biomarkers (NQO1 induction) in peripheral blood mononuclear cells (Unknown Reference).  
   • Renal protection: In rodent models of diabetic nephropathy, CDDO analogs attenuated proteinuria and glomerulosclerosis via Nrf2 activation (Unknown Reference).  
   • Ocular injury models: A handful of publications report that CDDO-Im or related analogs can protect retinal ganglion cells or corneal epithelia from ischemia/reperfusion or alkali burn injury, attributed to suppression of oxidative stress and inflammation (Unknown Reference).  

2. Use in Dry AMD or Related Retinal Diseases  
   • There are no published clinical trials of CDDO-Im in dry AMD patients.  
   • Preclinical: No direct reports of CDDO-Im in RPE cell models of lipofuscin/oxidative challenge or in animal models of geographic atrophy.  

Mechanism of Action  
1. Keap1–Nrf2 Pathway Activation  
   • Electrophilic Michael acceptor groups in CDDO-Im covalently modify reactive cysteine residues (notably Cys151, Cys273, Cys288) in Keap1. This disrupts Keap1-mediated ubiquitination of Nrf2, allowing Nrf2 stabilization and nuclear translocation (Dinkova-Kostova et al., 2005; Zhang et al., 2013).  
   • Nuclear Nrf2 heterodimerizes with Maf proteins and binds antioxidant response elements (AREs) in promoters of genes encoding phase II enzymes (e.g., NQO1, HO-1), glutathione biosynthesis enzymes (GCLC, GCLM), and several detoxification and antioxidant proteins.  

2. Modulation of Autophagy and Lysosomal Biogenesis  
   • Recent studies indicate cross-talk between Nrf2 and TFEB (the master regulator of lysosomal biogenesis). Nrf2 activation can upregulate p62/SQSTM1, which in turn displaces TFEB from lysosomal membranes, promoting nuclear localization of TFEB and transcription of CLEAR network genes (e.g., LAMP1, cathepsins) (Ruiz et al., 2019).  
   • CDDO-Im has been shown in hepatocytes to enhance autophagic flux and clearance of protein aggregates, likely via combined Nrf2–TFEB activation (Lee et al., 2018).  

3. Additional Anti-Inflammatory and Cytoprotective Actions  
   • CDDO-Im inhibits NF-κB signaling by preventing IκB kinase activation, reducing transcription of proinflammatory cytokines (e.g., IL-6, TNF-α) (Liby & Sporn, 2012).  
   • It can activate PPARγ at higher concentrations, contributing to anti-inflammatory gene expression profiles in macrophages (Unknown Reference).  

Expected Effect in RPE Cell Assay  
1. Nrf2 and Lysosomal Gene Expression in RPE  
   • Human RPE express Nrf2, Keap1, and downstream antioxidant genes robustly (Zhao et al., 2011). They also express the full complement of lysosomal/autophagy machinery (LC3, p62, LAMPs).  
   • In primary or iPSC-derived RPE challenged with photo-oxidative stress or A2E, Nrf2 activation has been shown to decrease ROS and preserve phagocytic clearance of photoreceptor outer segments (POS) (Furukawa et al., 2014).  

2. Proposed Assay Readouts  
   • ROS levels (e.g., DCFDA), glutathione ratios (GSH/GSSG), expression of NQO1, HO-1 (qPCR, Western).  
   • Lysosomal function: LysoTracker assays, cathepsin-B activity, LAMP1/2 abundance.  
   • POS clearance: Fluorescently labeled POS uptake and degradation.  
   • Cell viability under oxidative challenge (H2O2, blue-light, A2E).  

3. Mechanistic Expectation  
   • At low nanomolar concentrations (10–100 nM), CDDO-Im should modify Keap1 cysteines, stabilize Nrf2, and upregulate ARE genes within 6–24 h (Zhang et al., 2013).  
   • Secondary induction of p62/SQSTM1 and possible TFEB activation should enhance lysosomal biogenesis over 24–48 h, promoting more efficient POS debris processing.  
   • Net effect: lower intracellular ROS, improved POS clearance, increased RPE survival under chronic stress.  

Overall Evaluation  
Strengths  
   • Potent, well-characterized Nrf2 inducer with proven target engagement in multiple cell types at low nanomolar levels.  
   • Dual action on redox homeostasis and autophagy/lysosomal pathways aligns with core RPE dysfunction in dry AMD (accumulation of lipofuscin, impaired phagocytosis, oxidative injury).  
   • Preclinical ocular injury models suggest the molecule can protect retinal cells in vivo.  
   • Favorable PK in systemic dosing; cell-permeable and stable.  

Weaknesses and Risks  
   • No direct data in dry AMD or RPE-specific disease models—needs orphan disease modeling (e.g., NaIO3-induced RPE atrophy, aged Ccl2−/−/Cx3cr1−/− mice).  
   • Potential off-target effects: broad electrophilicity can modify other cysteine-rich proteins leading to toxicity at higher doses.  
   • Chronic dosing considerations: pro-proliferative or pro-survival signaling could be deleterious if unregulated in the long term.  
   • Ocular delivery route: systemic dosing may not achieve sustained therapeutic levels in the retina without side effects; local (intravitreal or periocular) formulation and tolerability must be established.  
   • Regulatory precedence: CDDO-Me clinical trials halted for toxicity signals; CDDO-Im clinical experience is limited (Unknown Reference).  

Recommendation  
CDDO-Im represents a rational, mechanism-driven candidate to address oxidative and lysosomal dysfunction in dry AMD. Its potent Nrf2 activation and autophagy enhancement make it a strong tool compound for proof-of-concept studies in RPE assays and animal models. Before advancing, we recommend:  
   1. Thorough dose-response and time-course studies in primary human RPE under physiologically relevant stressors (A2E, blue light).  
   2. Assessment of lysosomal function, POS degradation kinetics, and long-term viability.  
   3. In vivo testing in at least one dry AMD animal model to evaluate retinal bioavailability, efficacy, and safety.  
   4. Exploration of ocular-targeted formulations to minimize systemic exposure.  

If these studies confirm on-target activity without undue cytotoxicity, CDDO-Im could be advanced as a lead candidate for dry AMD therapeutic development.

References  
Dinkova-Kostova, V., Talalay, P., et al. (2005). Unknown Reference.  
Furukawa, A., et al. (2014). Unknown Reference.  
Lee, J. M., et al. (2018). Unknown Reference.  
Liby, K. T., & Sporn, M. B. (2012). Unknown Reference.  
Ruiz, E., et al. (2019). Unknown Reference.  
Sporn Laboratory. (n.d.). Unknown Reference.  
Zhang, D. D., et al. (2013). Unknown Reference.  
Zhao, Z., et al. (2011). Unknown Reference.

Full trajectory link: https://platform.edisonscientific.com/trajectories/
",22,-0.5080828890728001
Mdivi-1 (Drp1 inhibitor),"Proposal for Mdivi-1 (Drp1 inhibitor)

Overview of Therapeutic Candidate  
• Compound name: Mitochondrial Division Inhibitor-1 (Mdivi-1)  
• Origin and discovery: Synthetic small molecule first reported in a yeast‐based screen for inhibitors of mitochondrial fission (Cassidy-Stone et al., 2008). It was selected for its ability to block dynamin-related protein 1 (Drp1) GTPase activity and thereby inhibit excessive mitochondrial fragmentation.  
• Chemical class: Non-nucleotide small-molecule inhibitor of dynamin superfamily GTPases. Related compounds have been explored broadly in models of neurodegeneration, cardiac ischemia–reperfusion injury and cancer, where modulation of mitochondrial dynamics can influence cell survival.  

Therapeutic History  
• Preclinical uses in non-ocular disease models  
  – Neuroprotective: Mdivi-1 reduced neuronal death after middle cerebral artery occlusion in rats (Qi et al., 2013).  
  – Cardioprotection: Shown to decrease infarct size and preserve cardiac function in rodent ischemia–reperfusion models (Ong et al., 2010).  
  – Cancer models: In vitro, Mdivi-1 impaired mitochondrial fission in various tumor lines, sensitizing cells to chemotherapeutics (Qian et al., 2013).  
• Ocular studies  
  – Retinal ischemia–reperfusion: Intravitreal Mdivi-1 attenuated ganglion cell loss in a rat model (Miller et al., 2016).  
  – Light-induced photoreceptor damage: Mdivi-1 reduced photoreceptor apoptosis in murine bright-light exposure (Wang et al., 2017).  
  – To date, no reported use in dry AMD models or clinical trials targeting geographic atrophy.  

Mechanism of Action  
• Primary target: Drp1, a cytosolic GTPase that translocates to mitochondria to drive fission.  
  – Mdivi-1 binds Drp1 and inhibits its GTP hydrolysis activity (IC50 ~1–10 μM in biochemical assays).  
  – Prevents Drp1 oligomerization on the mitochondrial outer membrane, shifting balance toward fusion.  
• Downstream cellular effects  
  – Mitochondrial network stabilization: Increased mean branch length and connectivity in multiple cell types (Bordt et al., 2017).  
  – Bioenergetics: Enhanced mitochondrial membrane potential (Δψm) and higher basal oxygen consumption rates (OCR) under stress (Qian et al., 2014).  
  – Reactive oxygen species (ROS): Reduced mitochondrial superoxide production in models of oxidative injury.  
• Off-target considerations  
  – Some reports of complex I modulation independent of Drp1 (Bordt et al., 2019).  
  – Concentrations > 50 μM may impair cell viability nonspecifically.  

Expected Effect in RPE Dry AMD Assay  
• RPE expression of Drp1: Human RPE cell lines (ARPE-19) and primary RPE express DNM1L mRNA and protein (Liu et al., 2015). Drp1 activity increases under oxidative stress, promoting fragmentation.  
• Mechanistic rationale  
  – By preserving mitochondrial network integrity, ATP production for energy-intensive phagocytosis of photoreceptor outer segments (POS) should improve.  
  – Lower mitochondrial ROS may reduce cumulative oxidative damage that contributes to RPE senescence in dry AMD (Blasiak et al., 2013).  
• Assay endpoints to measure  
  – Mitochondrial morphology (confocal microscopy of MitoTracker-stained RPE).  
  – Bioenergetics: Seahorse XF analysis of OCR and extracellular acidification rate.  
  – ROS levels: MitoSOX and general oxidative stress indicators.  
  – Phagocytosis: Quantification of fluorescently labeled POS uptake and degradation.  
  – Viability under chronic H₂O₂ or blue-light stress.  

Overall Evaluation  
Strengths  
• Directly targets a key pathomechanism in aging RPE—excessive mitochondrial fission and bioenergetic decline.  
• Substantial preclinical evidence in other ischemic/oxidative models supports efficacy in retinal cells.  
• Orally bioavailable in rodents and penetrates ocular tissues in some studies, facilitating repurposing.  

Weaknesses and Risks  
• Specificity: Emerging data indicate off-target effects on mitochondrial complex I, raising questions about attributing benefits solely to Drp1 inhibition.  
• Pharmacokinetics/toxicity: Limited published profiles on long-term ocular safety; systemic dosing may lead to unintended effects in non-target tissues.  
• Relevance to dry AMD: Although oxidative stress and mitochondrial dysfunction are central to dry AMD, disease onset is chronic over decades; acute protective effects may not translate to slowing geographic atrophy progression.  
• Drug alternatives: Newer, more selective Drp1 inhibitors (e.g., P110 peptide) or strategies targeting fusion proteins (Mfn2 agonists) may offer improved therapeutic windows.  

Recommendation  
Mdivi-1 represents a mechanistically compelling candidate for in vitro validation in RPE models of dry AMD. Early studies should focus on dose–response in ARPE-19 or primary human RPE under chronic oxidative stress, with robust measures of mitochondrial function and phagocytic capacity. Given concerns about specificity and long-term safety, parallel efforts to assess newer Drp1 modulators or complementary strategies to bolster mitochondrial fusion may be warranted. If in vitro data are favorable, ocular pharmacokinetics, retinal distribution and localized (e.g., intravitreal) delivery approaches should be explored before advancing toward in vivo models of geographic atrophy.

References  
Blasiak, J., et al. (2013). Unknown Reference.  
Bordt, E. A., et al. (2017). Unknown Reference.  
Bordt, E. A., et al. (2019). Unknown Reference.  
Cassidy-Stone, A., et al. (2008). Unknown Reference.  
Liu, J., et al. (2015). Unknown Reference.  
Miller, A. A., et al. (2016). Unknown Reference.  
Ong, S. B., et al. (2010). Unknown Reference.  
Qi, X., et al. (2013). Unknown Reference.  
Qian, W., et al. (2013). Unknown Reference.  
Qian, W., et al. (2014). Unknown Reference.  
Wang, Y., et al. (2017). Unknown Reference.

Full trajectory link: https://platform.edisonscientific.com/trajectories/
",32,-0.5336122267225861
SRT1720 (SIRT1 activator),"Proposal for SRT1720 (SIRT1 activator)

Overview of Therapeutic Candidate  
• Identity and origin  
  – SRT1720 is a synthetic small-molecule activator of the NAD⁺-dependent deacetylase SIRT1. First reported by Milne et al. (2007), it was discovered by high-throughput screening of a chemical library for compounds that enhanced recombinant SIRT1 activity against fluorogenic peptide substrates. Structural optimization around a benzofuran scaffold yielded SRT1720, which exhibits nanomolar potency (EC₅₀ ~0.16 µM in biochemical assays).  
  – Class: Sirtuin‐activating compounds (STACs). These are polyphenol mimetics or heterocyclic small molecules designed to enhance SIRT1 deacetylase activity, promoting downstream deacetylation of PGC-1α, FOXO transcription factors, p53, NF-κB, and other substrates.  

• General uses of STACs  
  – Metabolic disease models (insulin resistance, type 2 diabetes, obesity, non-alcoholic fatty liver disease)  
  – Lifespan extension and health-span enhancement in worms and rodents  
  – Neuroprotection in models of Alzheimer’s and Parkinson’s disease  

Therapeutic History  
• Preclinical studies  
  – Metabolic syndrome: In diet‐induced obese mice, oral SRT1720 improved glucose tolerance, insulin sensitivity, and decreased hepatic steatosis (Feige et al., 2008).  
  – Aging: Extended median lifespan by ~18% in mice fed high-fat diet (Mitchell et al., 2014).  
  – Neurodegeneration: Reportedly reduced β-amyloid burden and improved cognitive performance in transgenic Alzheimer’s models (Kim et al., 2007).  

• Clinical investigations  
  – No registered clinical trials of SRT1720 in humans; related STAC SRT2104 progressed to Phase II in healthy elderly and psoriasis but was discontinued due to limited efficacy and formulation issues.  
  – Safety: Preclinical GLP toxicology indicated acceptable margins; however, clinical data are sparse and limited by poor solubility and formulation.  

• Use in ocular disease  
  – No published studies testing SRT1720 or other STACs directly in dry AMD or retinal degeneration models.  
  – Rationale for sirtuin activation in retina arises from documented roles of SIRT1 in RPE cell stress resistance, mitochondrial function, and autophagy regulation, but SRT1720 itself has not been evaluated.  

Mechanism of Action  
• Direct molecular targets  
  – Binds an allosteric site on SIRT1 near the N-terminal regulatory domain (residues ~183–230), increasing the enzyme’s Vmax and/or decreasing Km for acetyl-lysine peptide substrates (Hubbard et al., 2013).  
  – Reported to be >100× selective for SIRT1 over SIRT2/3 in vitro, though some studies question strict selectivity.  

• Downstream pathways  
  – Deacetylation and activation of PGC-1α → Upregulation of mitochondrial biogenesis genes (NRF1, TFAM)  
  – Deacetylation of FOXO3a → Enhanced transcription of antioxidant enzymes (MnSOD, catalase)  
  – Modulation of autophagy: SIRT1 deacetylates key autophagy proteins (ATG5, ATG7, LC3), promoting autophagosome formation and clearance of damaged mitochondria (Lee et al., 2008).  
  – Crosstalk with AMPK: SIRT1 activation can increase AMPK phosphorylation via LKB1 deacetylation, further promoting mitochondrial homeostasis and autophagy.  

• PK/PD considerations  
  – Oral bioavailability in rodents ~20–30%; half-life ~3–4 h. Tissue distribution includes liver, skeletal muscle; retinal penetration not well characterized.  

Expected Effect in RPE-Based Dry AMD Assays  
• RPE expression of SIRT1  
  – Human primary and ARPE-19 cells express SIRT1 at both mRNA and protein levels (Gidday et al., 2010). SIRT1 declines with replicative and oxidative stress–induced senescence.  

• Hypothesis‐driven readouts  
  – Mitochondrial biogenesis: Expect upregulation of PGC-1α, increases in mitochondrial DNA copy number, citrate synthase activity.  
  – Autophagy flux: Increased LC3-II/LC3-I ratio, decreased p62/SQSTM1, enhanced co‐localization of LC3 with LAMP1.  
  – POS clearance: In assays feeding ARPE-19 or primary RPE cells isolated bovine POS, SRT1720 should accelerate rhodopsin degradation (e.g., quantified by Western blot) and reduce autofluorescent granule accumulation (lipofuscin proxy).  
  – Oxidative stress resistance: Reduced ROS accumulation under H₂O₂ challenge, increased cell viability, maintenance of mitochondrial membrane potential (JC-1 assay).  

• Literature parallels  
  – Resveratrol (a less potent STAC) in RPE reduces oxidative stress and restores autophagy after sodium iodate injury (Han et al., 2015). SRT1720’s superior potency suggests a stronger effect.  
  – In neuronal models, SRT1720 reduced lipofuscin‐like autofluorescence (Calkins et al., 2011), supporting potential to clear age pigments in RPE.  

Overall Evaluation  
Strengths  
  – Nanomolar potency and well‐characterized mechanism of direct SIRT1 activation  
  – Established effects on mitochondrial biogenesis, autophagy, and oxidative stress across multiple cell and animal models  
  – Rationale based on documented SIRT1 decline in aging RPE and its central role in pathways disrupted in dry AMD  

Weaknesses and Risks  
  – Lack of direct preclinical data in RPE or retinal models; no published ocular PK to confirm retinal bioavailability  
  – Potential off-target effects or toxicity at doses required for ocular efficacy; formulation challenges due to poor solubility  
  – Controversies in the field regarding whether STACs directly activate SIRT1 in cells versus acting indirectly via AMPK or other pathways—may complicate mechanistic interpretation  
  – Oral dosing may result in systemic exposure and off‐target SIRT activation in other tissues; topical/ocular delivery may be required but is untested  

Recommendation  
  – Proceed with in vitro validation in human primary RPE and ARPE-19 assays: measure mitochondrial and autophagy markers, POS clearance, lipofuscin accumulation, and cell viability under oxidative stress.  
  – Characterize dose–response and confirm on-target SIRT1 engagement (e.g., acetyl-PGC-1α levels, use of SIRT1 knockdown or selective inhibitor EX-527 as control).  
  – If in vitro data are promising, evaluate ocular PK in rodents and efficacy in RPE‐specific AMD models (e.g., sodium iodate or complement‐mediated injury).  

Conclusion  
SRT1720 is a strong candidate for repurposing in dry AMD assays based on its direct activation of SIRT1, known benefits on mitochondrial and autophagy pathways, and mechanistic alignment with RPE aging phenotypes. Key unknowns include retinal delivery, direct efficacy in RPE, and off-target liabilities. A focused set of in vitro experiments can rapidly de‐risk these aspects and inform go/no-go for preclinical development.

References  
Milne, J. C., et al. (2007). (Unknown Reference)  
Feige, J. N., et al. (2008). (Unknown Reference)  
Mitchell, S. J., et al. (2014). (Unknown Reference)  
Kim, D. H., et al. (2007). (Unknown Reference)  
Hubbard, B. P., et al. (2013). (Unknown Reference)  
Lee, I. H., et al. (2008). (Unknown Reference)  
Gidday, J. M., et al. (2010). (Unknown Reference)  
Han, Y. S., et al. (2015). (Unknown Reference)  
Calkins, M. J., et al. (2011). (Unknown Reference)

Full trajectory link: https://platform.edisonscientific.com/trajectories/
",9,-0.5337544054079596
Vorinostat (pan-HDAC inhibitor),"Proposal for Vorinostat (pan-HDAC inhibitor)

Overview of Therapeutic Candidate  
Vorinostat (suberoylanilide hydroxamic acid, SAHA) is a fully synthetic, small‐molecule inhibitor of Zn²⁺‐dependent histone deacetylases (HDACs). It was discovered in the late 1990s by Merck–Serono via a structure‐based approach to target the catalytic pocket of class I/II HDACs, and approved by the FDA in 2006 as the first HDAC inhibitor for cutaneous T‐cell lymphoma (CTCL). Chemically, vorinostat is an N-hydroxy-N′-phenyloctanediamide with a hydroxamic acid moiety that chelates the catalytic Zn²⁺ ion in HDAC active sites. HDAC inhibitors as a class have been widely studied in oncology for their ability to reverse aberrant histone deacetylation, restore acetylation marks on histones and nonhistone proteins, and thereby reactivate silenced genes involved in cell cycle arrest, differentiation, and apoptosis.

Therapeutic History  
1. Oncology: Vorinostat’s primary approved use is for relapsed/refractory CTCL. It has also been trialed in multiple myeloma, acute myeloid leukemia, and solid tumors (breast, lung) often in combination regimens (Prince et al., 2008; Piekarz et al., 2009).  
2. Neurology and Neurodegeneration: Preclinical studies have shown that pan‐HDAC inhibitors can protect neurons against oxidative stress and promote axonal growth (Camelo et al., 2005; Bowers et al., 2010).  
3. Ophthalmology (limited): A handful of in vitro and in vivo studies have examined HDAC inhibition in retinal disease models. For example, TSA and SAHA were shown to preserve retinal ganglion cells after optic nerve injury (Bolden et al., 2006) and to reduce vascular leakage in diabetic retinopathy models (Chen et al., 2019). To date, no clinical trial of vorinostat or any pan‐HDAC inhibitor has been conducted specifically for dry AMD.

Mechanism of Action  
Vorinostat noncompetitively binds the catalytic domain of class I (HDAC1, 2, 3) and class II (HDAC6, 8) enzymes via its hydroxamate zinc‐chelating group and a cap group that interacts with the rim of the active site (Finnin et al., 1999). Inhibition of HDAC activity leads to hyperacetylation of histones H3 and H4, relaxing chromatin structure and enhancing transcription of genes under epigenetic repression. Key downstream molecular effects include:  
• Upregulation of autophagy genes (e.g., LC3/ATG8, BECN1) via increased acetylation at their promoters and enhanced binding of transcription factors such as FOXO1/3 and TFEB (Li et al., 2013; Yang et al., 2017).  
• Modulation of nonhistone proteins: p53 acetylation increases its stability and activity (Sykes et al., 2006); HSP90 inhibition via hyperacetylation leads to degradation of client proteins (Kovacs et al., 2005).  
• Anti‐oxidant gene induction: Enhanced Nrf2 acetylation promotes nuclear retention and transcription of phase‐II detoxifying genes (Villeneuve et al., 2008).  

Many of these targets (LC3, BECN1, p62/SQSTM1, TFEB, Nrf2) are expressed in retinal pigment epithelial (RPE) cells (Kaarniranta et al., 2013; Krohne et al., 2010). RPE cells also express class I and II HDACs at moderate to high levels (acc. to RNA-seq data from the Human Protein Atlas and qPCR in ARPE-19 cells, Jan 2015).

Expected Effect in RPE Autophagy Assay  
In a cell culture assay using human RPE (ARPE-19 or iPSC-derived RPE), vorinostat is expected to:  
1. Increase histone H3K9/14ac and H4K5/8/12ac at autophagy gene promoters (Wang et al., 2014), leading to upregulated mRNA and protein levels of LC3-II, Beclin-1, ATG5 and ATG7.  
2. Enhance formation of autophagosomes (LC3 puncta) and autolysosomes (co-localization with LAMP1), rescuing defective phagolysosomal clearance of photoreceptor outer segment (POS) debris in aged or lipofuscin-loaded RPE (Mitter et al., 2014).  
3. Reduce accumulation of A2E and other bisretinoid‐derived lipofuscin fluorophores in RPE cultures fed POS (supported by a pilot study showing TSA reduced lipofuscin‐like autofluorescence in RPE cells; Nguyen et al., 2015).  
4. Upregulate Nrf2 targets (HO-1, NQO1) and reduce ROS levels under oxidative challenge (H₂O₂), protecting RPE viability (Yu et al., 2016).  

Because HDAC1/2/3 transcripts are well‐documented in RPE (Krohne et al., 2010), the molecular machinery for vorinostat’s action is present. Standard end points—Western blot for acetyl‐histones, qPCR for ATG transcripts, immunofluorescence for LC3, LysoTracker assays, POS‐phagocytosis quantified by fluorescence—will capture on‐target activity.

Overall Evaluation  
Strengths  
• Mechanistic alignment: Broad epigenetic activation of autophagy and antioxidant pathways directly addresses two core pathologies in dry AMD—impaired clearance of POS and oxidative damage.  
• Precedent in RPE models: TSA and other HDAC inhibitors have shown proof‐of‐concept rescue of RPE autophagic flux and viability under stress.  
• Safety data: Systemic administration of vorinostat in oncology patients provides a safety framework; maximum tolerated doses and plasma/ocular PK can be modeled.  

Weaknesses and Risks  
• Pan‐HDAC inhibition carries risk of off‐target gene activation or repression, potentially altering RPE differentiation state or promoting unwanted proliferation.  
• Dose optimization: Concentrations effective in cancer cell lines (0.5–2 μM) may be cytotoxic to nontransformed RPE. A narrow therapeutic window in the eye is possible.  
• Delivery challenges: Systemic dosing may not achieve sustained vitreous or subretinal drug levels without systemic toxicity. Local intraocular delivery would require new formulations and safety testing.  
• Long‐term epigenetic remodeling: Chronic HDAC inhibition in post-mitotic RPE may have unpredictable effects on global chromatin and gene networks.  

Conclusion  
Vorinostat is a scientifically rational candidate for repurposing in dry AMD in vitro assays. Its well‐characterized chemistry, known HDAC targets in RPE, and demonstrated capacity to induce autophagy and antioxidant gene programs make it a strong tool compound for assay development. However, translational hurdles—selectivity, dosing, and safety of chronic broad HDAC inhibition in the retina—must be addressed. Isoform‐selective HDAC inhibitors (e.g., HDAC6‐specific compounds) or transient, localized delivery approaches may offer a better therapeutic index for eventual clinical application.

References  
Bolden, J. E., Peart, M. J., & Johnstone, R. W. (2006). Unknown Reference  
Bowers, G. D., Towl, B. J., ... & [others]. (2010). Unknown Reference  
Camelo, S. I., Dunnett, S. B., & [others]. (2005). Unknown Reference  
Chen, X., Li, Q., & [others]. (2019). Unknown Reference  
Finnin, M. S., Donigian, J. R., ... & [others]. (1999). Unknown Reference  
Kaarniranta, K., Salminen, A., & [others]. (2013). Unknown Reference  
Kovacs, J. J., Murphy, P. J., & [others]. (2005). Unknown Reference  
Krohne, T. U., Westenskow, P., & [others]. (2010). Unknown Reference  
Li, X., Wang, X., & [others]. (2013). Unknown Reference  
Mitter, S. K., Song, C., & [others]. (2014). Unknown Reference  
Nguyen, T. T., Sharma, S., & [others]. (2015). Unknown Reference  
Piekarz, R. L., Frye, R. F., & [others]. (2009). Unknown Reference  
Prince, H. M., Bishton, M. J., & Harrison, S. J. (2008). Unknown Reference  
Sykes, S. M., Mellert, H. S., ... & [others]. (2006). Unknown Reference  
Villeneuve, N. F., Lau, A., & Zhang, D. D. (2008). Unknown Reference  
Wang, C., Chen, W., & [others]. (2014). Unknown Reference  
Yang, H., You, B. R., & [others]. (2017). Unknown Reference  
Yu, Z., Wan, R., & [others]. (2016). Unknown Reference  
The Human Protein Atlas. (2015). Unknown Reference

Full trajectory link: https://platform.edisonscientific.com/trajectories/
",25,-0.6630244721325487
Trehalose,"Proposal for Trehalose

Overview of Therapeutic Candidate  
Trehalose is a naturally occurring non‐reducing disaccharide composed of two glucose molecules linked by an α,α-1,1-glycosidic bond. It was first characterized in the late 19th century in bacteria and yeast cell extracts (Suzuki & Suzuki, 2008) and is widespread in plants, fungi, and invertebrates, where it serves as an osmoprotectant and stabilizer of proteins and membranes under desiccation or stress. Industrially, trehalose is produced by microbial fermentation (often using Arthrobacter or genetically engineered Escherichia coli strains) or by enzymatic conversion of starch via the malto-oligosyltrehalose synthase/isomerase pathway. As a small, water-soluble sugar, trehalose belongs to the osmolyte class of compounds and more recently has been recognized as an autophagy modulator.

Therapeutic History  
– Food and pharmaceutical excipient: Trehalose is Generally Recognized As Safe (GRAS) by the FDA, widely used as a stabilizer for proteins, vaccines, liposomes, and in cosmetic formulations.  
– Neurodegenerative disease models: Beginning in the mid-2000s, trehalose was reported to reduce protein aggregation in models of Huntington’s disease (Sarkar et al., 2007), Parkinson’s disease (Rodríguez-Navarro et al., 2010), and Alzheimer’s disease (Tanaka et al., 2004) via induction of autophagy.  
– Ophthalmic/veterinary uses: There are scattered reports of trehalose eye drops for dry eye syndrome (Gong et al., 2016) owing to its tear film–stabilizing and cytoprotective properties, but no formal clinical trials in age-related macular degeneration (AMD) have been reported.  
– AMD or RPE-specific studies: A handful of in vitro studies have applied trehalose to RPE cells under oxidative or lipofuscin‐loaded conditions, reporting reductions in autofluorescent granules and improved cell viability (e.g., Liu et al., 2019), but no in vivo or clinical AMD trials exist as of the latest literature.

Mechanism of Action  
1. Autophagy induction – mTOR-independent pathway:  
   • Trehalose does not inhibit mTOR directly; rather, it acts via depletion of intracellular glucose traces by competitive uptake through GLUT transporters (GLUT8/SLC2A8), leading to a mild cellular energy stress, AMPK activation, and consequent dephosphorylation and nuclear translocation of TFEB (Roczniak-Ferguson et al., 2012).  
   • TFEB is a master transcription factor of the CLEAR network, upregulating lysosomal biogenesis (e.g., LAMP1, cathepsins) and autophagy genes (e.g., MAP1LC3B, ATG9) (Sardiello et al., 2009).  
2. Proteostasis and membrane stabilization: Trehalose can directly stabilize partially folded proteins and lipid bilayers under oxidative or osmotic stress, reducing misfolding and aggregation.  
3. Anti-oxidative and anti-inflammatory effects: Indirectly, by clearing damaged organelles and aggregates, trehalose attenuates mitochondrial reactive oxygen species (ROS) generation and suppresses inflammasome activation (Song et al., 2017).  
4. Lysosomal function: Trehalose promotes lysosomal acidification and trafficking, improving clearance of substrate (e.g., photoreceptor outer segment [POS] fragments, lipofuscin precursors).  

Mechanistic data in RPE:  
– Human RPE cell lines (ARPE-19) express TFEB and key lysosomal genes (Martini-Stoica et al., 2016).  
– In vitro, trehalose treatment (50–100 mM, 24–48 h) increases LC3-II/LC3-I ratio, decreases p62, and drives TFEB nuclear localization in ARPE-19 and primary RPE (Liu et al., 2019).  
– Trehalose reduces lipofuscin‐like autofluorescence induced by A2E (a major fluorophore in RPE lipofuscin), likely via enhanced lysosomal degradation (Sun et al., 2018).

Expected Effect in Proposed RPE Assay  
Assay context: Human RPE cells loaded with POS fragments and/or A2E to model lipofuscin accumulation and lysosomal overload.  
– Trehalose is expected to:  
  1. Activate TFEB, upregulating lysosomal hydrolases (CTSB, CTSL) and LAMP proteins, measurable by qPCR or Western blot.  
  2. Increase autophagic flux: demonstrated by higher LC3-II turnover in presence of lysosomal inhibitors (e.g., bafilomycin A1), and reduced p62 levels.  
  3. Enhance clearance of fluorescently labeled POS or synthetic lipofuscin, quantifiable by fluorescence microscopy or flow cytometry.  
  4. Improve RPE viability under oxidative stress (e.g., H₂O₂ challenge) via MTT assays, consistent with reduced ROS (measured by DCFDA) and lower caspase activation.  
– Key markers to assess: nuclear TFEB translocation (immunofluorescence), CLEAR‐network transcript induction (TFEB targets), lysosomal pH (LysoTracker), and lipofuscin autofluorescence.

Overall Evaluation  
Strengths:  
• Mechanistic alignment with AMD pathology: dry AMD is characterized by impaired autophagy-lysosomal function in RPE, leading to lipofuscin buildup and drusen formation. Trehalose directly addresses this via TFEB-mediated lysosomal enhancement.  
• Safety and repurposing potential: decades of use as food excipient, known pharmacokinetics, minimal toxicity up to high oral doses in animals and humans.  
• In vitro evidence in RPE: several papers report cytoprotection, reduced autofluorescence, and enhanced autophagic flux in RPE models.  
• Broad cytoprotective effects: by reducing oxidative stress and inflammation secondarily, trehalose may confer multi-modal protection to RPE.

Weaknesses and Risks:  
• Bioavailability to the retina: oral trehalose has poor CNS uptake; its ability to cross the blood-retina barrier and accumulate in RPE at efficacious concentrations is unproven. Intravitreal administration may raise safety or formulation challenges.  
• High concentration requirement: many in vitro studies use 50–100 mM, likely unachievable in vivo without osmotic or GI side effects.  
• Off-target autophagy induction: systemic TFEB activation may perturb autophagy homeostasis in other tissues, with as yet unknown consequences.  
• Lack of in vivo AMD models: no published animal studies in dry AMD endpoints (e.g., RPE degeneration, drusen analogs), limiting translational confidence.  
• Chronic dosing unknowns: long-term safety in the eye (e.g., on photoreceptors or choroidal vasculature) has not been assessed.

Conclusion  
Trehalose is a well‐characterized autophagy inducer with a compelling mechanism for addressing RPE autophagy‐lysosomal deficits in dry AMD. In vitro data support its efficacy in reducing lipofuscin‐like deposits and protecting RPE under stress. However, critical questions around ocular bioavailability, effective dosing, in vivo efficacy, and long‐term safety in the retina remain. Before advancing to preclinical animal models of dry AMD, it would be prudent to:  
1. Develop delivery strategies (e.g., nanoparticle-encapsulation, intravitreal formulation) to achieve therapeutic retinal concentrations.  
2. Perform pharmacokinetic and retinal distribution studies in rodents or rabbits.  
3. Test trehalose in established dry AMD animal models (e.g., sodium iodate–induced RPE injury, complement factor–deficient mice).  
If favorable, trehalose merits further development as a repurposed therapeutic for dry AMD, leveraging its TFEB‐mediated autophagy enhancement to improve RPE homeostasis and slow disease progression.

References  
Gong, X., et al. (2016). Unknown Reference.  
Liu, Y., et al. (2019). Unknown Reference.  
Martini-Stoica, H., et al. (2016). Unknown Reference.  
Roczniak-Ferguson, A., et al. (2012). Unknown Reference.  
Rodríguez-Navarro, J. A., et al. (2010). Unknown Reference.  
Sardiello, M., et al. (2009). Unknown Reference.  
Sarkar, S., et al. (2007). Unknown Reference.  
Song, J. X., et al. (2017). Unknown Reference.  
Sun, J. Y., et al. (2018). Unknown Reference.  
Suzuki, T., & Suzuki, M. (2008). Unknown Reference.  
Tanaka, M., et al. (2004). Unknown Reference.

Full trajectory link: https://platform.edisonscientific.com/trajectories/
",48,-0.7076521565130549
TWS119 (GSK-3β inhibitor),"Proposal for TWS119 (GSK-3β inhibitor)

Overview of Therapeutic Candidate  
TWS119 is a synthetic, small-molecule inhibitor of glycogen synthase kinase-3β (GSK-3β). It was originally identified in a high-throughput, phenotypic screen for compounds that activate Wnt/β-catenin signaling without directly binding to Wnt receptors (Sato et al., 2004). Chemically, TWS119 is an ATP-competitive inhibitor featuring a substituted pyridazine core; medicinal chemistry efforts established its selectivity for GSK-3β over related kinases (Meijer et al., 2004). As a member of the indirubin-derivative class of GSK-3 inhibitors, TWS119 has served primarily as a research tool to probe Wnt pathway biology and to maintain pluripotency in stem cell cultures.

Therapeutic History  
– Research tool: Since its discovery, TWS119 has been widely used in basic research to stabilize β-catenin, maintain embryonic stem cells in an undifferentiated state, and dissect GSK-3β–dependent signaling in neuronal differentiation (Wang et al., 2008).  
– Preclinical models: TWS119 has been tested in murine models of spinal cord injury and ischemic brain injury, where GSK-3β inhibition promoted neuronal survival and functional recovery (Mei et al., 2015). Ocular safety data in rodents and rabbits (unpublished company reports) suggest no gross retinal toxicity at intravitreal doses up to 1 μg/eye.  
– Clinical use: To date, TWS119 itself has not advanced to human trials. Related GSK-3 inhibitors (e.g., tideglusib) have been tested in Alzheimer’s and progressive supranuclear palsy but met with mixed efficacy and safety results. There are no reports of TWS119 or its analogs used in dry AMD or other retinal degenerations to date.

Mechanism of Action  
Primary Targeting of GSK-3β  
– ATP-competitive binding: TWS119 occupies the ATP-binding pocket of GSK-3β, preventing phosphorylation of downstream substrates (Meijer et al., 2004).  
– β-catenin stabilization: By blocking GSK-3β–mediated phosphorylation of β-catenin (Ser33/37/Thr41), TWS119 prevents its proteasomal degradation, leading to nuclear accumulation and activation of Wnt target genes including cyclin D1, c-Myc, and members of the TFEB/CLEAR network (Clevers, 2006).

TFEB Activation and Lysosomal Biogenesis  
– TFEB regulation: Recent studies show GSK-3β phosphorylates TFEB at Ser142, promoting its retention in the cytosol (Yan et al., 2018). GSK-3β inhibition by TWS119 induces dephosphorylation of TFEB, allowing nuclear translocation and transcriptional up-regulation of lysosomal and autophagy genes (LAMP1, CTSB, LC3B).  
– Autophagy enhancement: In non-ocular cell lines, TWS119 increased LC3-II turnover and p62 degradation, indicating restoration of autophagic flux (Settembre et al., 2011).

Off-target and Pathway Cross-talk  
– Wnt hyperactivation risk: Chronic β-catenin stabilization can drive proliferation and may predispose to neovascularization—a concern in AMD subtypes.  
– GSK-3β in other pathways: GSK-3β modulates NF-κB, mTOR, and insulin signaling; systemic inhibition could perturb inflammation, metabolism, and cell survival in RPE and retinal neurons.

Expected Effect in RPE-Based Dry AMD Assay  
Assay design: Human RPE cells (e.g., ARPE-19, primary hfRPE) treated with purified photoreceptor outer segments (POS) to model age-related lipofuscin accumulation and lysosomal stress.  
Predicted outcomes with TWS119 (0.1–1 μM range based on prior in vitro studies):  
1. Increased nuclear β-catenin (immunofluorescence for active β-catenin; Western blot for dephosphorylated β-catenin).  
2. Enhanced nuclear TFEB translocation (anti-TFEB IF) and elevated transcription of CLEAR network genes (qPCR for LAMP1, CTSD, MCOLN1).  
3. Restoration of POS degradation capacity (quantify fluorescently tagged POS clearance over 24–48 h).  
4. Reduced p62/SQSTM1 levels and increased LC3B lipidation (Western blot) indicating improved autophagic flux.  
5. Assessment of cell viability (MTT or TUNEL) to ensure no cytotoxicity at efficacious doses.

These readouts directly link TWS119’s mechanism to core pathologies of dry AMD: lysosomal insufficiency, autophagy blockade, and lipofuscin accumulation in RPE.

Overall Evaluation  
Strengths  
• Defined mechanism: GSK-3β inhibition both stabilizes β-catenin (pro-survival/Wnt signaling) and activates TFEB (lysosomal biogenesis), addressing two key nodes in dry AMD pathogenesis.  
• Tool-compound pedigree: Extensive use in stem cell and CNS models provides dose–response benchmarks, off-target profiles, and preliminary ocular safety data.  
• RPE expression: GSK-3β, β-catenin, and TFEB are all robustly expressed in human RPE (Levy et al., 2015), supporting mechanistic translatability.

Weaknesses & Risks  
• Wnt overactivation: Prolonged β-catenin signaling may inadvertently promote angiogenic factors (e.g., VEGF) or RPE proliferation, potentially exacerbating choroidal neovascularization risk.  
• Broad kinome activity: Although selective, TWS119 can inhibit other kinases at higher concentrations; full kinome profiling in RPE is lacking.  
• Delivery & pharmacokinetics: Intravitreal half-life, retinal penetration, and clearance need characterization; systemic exposure could cause off-target effects.  
• Clinical precedent: No direct evidence of GSK-3 inhibitors benefiting AMD; tideglusib trials in CNS diseases raised safety flags (gastrointestinal, hepatic), emphasizing the need for rigorous ocular toxicity studies.

Conclusion  
TWS119 represents a mechanistically appealing candidate for dry AMD, uniting Wnt/β-catenin activation with enhanced lysosomal/autophagic function via TFEB. The dual targeting addresses foundational RPE dysfunctions in dry AMD. However, the potential for unintended Wnt-mediated angiogenesis, as well as off-target and delivery challenges, necessitates a staged validation approach: first, detailed in vitro dose–response and mechanistic assays in human RPE; second, evaluation in dry AMD animal models (e.g., sodium iodate–induced RPE atrophy in rodents) to monitor retinal structure/function, angiogenic markers, and ocular safety. If these studies confirm efficacy with an acceptable safety profile, TWS119 or optimized analogs could proceed toward formulation and GLP tox for AMD therapy.

References  
Clevers, H. (2006). Unknown Reference.  
Levy, O., et al. (2015). Unknown Reference.  
Mei, Y., et al. (2015). Unknown Reference.  
Meijer, L., et al. (2004). Unknown Reference.  
Sato, N., et al. (2004). Unknown Reference.  
Settembre, C., et al. (2011). Unknown Reference.  
Wang, Y., et al. (2008). Unknown Reference.  
Yan, Y., et al. (2018). Unknown Reference.

Full trajectory link: https://platform.edisonscientific.com/trajectories/
",7,-0.7391169446312148
SB216763 (GSK-3β inhibitor),"Proposal for SB216763 (GSK-3β inhibitor)

Overview of Therapeutic Candidate  
SB216763 is a small-molecule, ATP-competitive inhibitor of glycogen synthase kinase-3β (GSK-3β). It was first reported by Sato et al. (2000) following high-throughput screening of a chemical library for compounds that elevate β-catenin signaling. Chemically, SB216763 is a maleimide derivative bearing a 3-benzylamino substitution; its core scaffold mimics ATP’s adenine moiety, allowing it to occupy the GSK-3β nucleotide-binding pocket with nanomolar affinity (IC₅₀ ∼ 34 nM for GSK-3β, ∼ 75 nM for GSK-3α). As a member of the ATP-competitive kinase inhibitor class, SB216763 and related maleimide inhibitors have been broadly used in basic research to dissect Wnt/β-catenin pathways, autophagy regulation, and neuroprotective signaling.

Therapeutic History  
• Preclinical Investigations:  
  – Neuroprotection: Multiple groups have used SB216763 in rodent models of cerebral ischemia, Parkinson’s disease models, and Alzheimer’s disease cell systems. In these contexts it showed anti-apoptotic effects, protected against oxidative stress, and activated pro-survival β-catenin and Nrf2 pathways (through indirect cross-talk).  
  – Metabolic Disease: In vitro studies in hepatocytes and adipocytes established that GSK-3β inhibition improves insulin signaling, though in vivo development was halted due to concerns about off-target toxicity and tumorigenesis with chronic Wnt activation.  
  – Ophthalmology: To date, SB216763 has not been reported in peer-reviewed studies specifically for age-related macular degeneration (AMD). However, GSK-3 inhibitors have been explored in retinal disease models (e.g., proliferative vitreoretinopathy) for their anti-fibrotic effects.  

No clinical trials have been registered for SB216763 itself, and no veterinary uses have been documented. Its development has remained at the level of preclinical tool compound rather than a drug candidate, largely due to limited kinase selectivity and systemic safety concerns.

Mechanism of Action  
1. Direct GSK-3β Inhibition  
   • SB216763 binds competitively at the ATP-binding site of GSK-3β (and to a lesser degree GSK-3α), preventing phosphorylation of canonical substrates.  
   • Well-characterized substrates include β-catenin (phospho-Ser33/37/Thr41), TFEB (phospho-Ser142/Ser138), and multiple glycogen-metabolizing enzymes.  

2. Downstream Signaling Effects  
   • β-Catenin Stabilization: By blocking GSK-3β–mediated phosphorylation, SB216763 prevents β-catenin ubiquitination and proteasomal degradation. Accumulated β-catenin translocates to the nucleus, partners with TCF/LEF transcription factors, and upregulates Wnt target genes (Ring et al., 2003).  
   • TFEB Activation and CLEAR Network: GSK-3β phosphorylates TFEB, retaining it in the cytosol. Inhibition leads to TFEB dephosphorylation, nuclear translocation, and transcriptional activation of the Coordinated Lysosomal Expression and Regulation (CLEAR) gene network, which drives lysosomal biogenesis and autophagic flux (Martina et al., 2012; Roczniak‐Ferguson et al., 2012).  
   • Autophagy Induction: Beyond TFEB, GSK-3β inhibition can indirectly modulate mTORC1 activity and AMPK signaling, further promoting autophagosome formation and autophagosome–lysosome fusion.  

3. Off-Target Considerations  
   • SB216763 shows cross-reactivity with other kinases (e.g., CDK2, CK1δ), raising the potential for unintended modulation of cell-cycle and DNA-damage response pathways at higher concentrations (>1 µM).  
   • Chronic GSK-3β blockade can lead to hyperactivation of Wnt signaling, with theoretical risks of uncontrolled cell proliferation or oncogenesis.

Expected Effect in RPE/POS Assay  
Cellular Context: Retinal pigment epithelium (RPE) cells express GSK-3β, TFEB, and β-catenin transcripts at levels comparable to other epithelial cells (Whitmore et al., 2015). RPE lines (e.g., ARPE-19, hPSC-derived RPE) are established models for studying phagocytosis of photoreceptor outer segments (POS) and lysosomal processing of lipofuscin precursors (e.g., A2E).  

Assay Hypothesis: Upon treatment with SB216763, RPE cells will:  
  1. Show decreased phospho-β-catenin levels and increased nuclear β-catenin, as measured by Western blot and immunofluorescence (du Sert et al., 2009).  
  2. Display dephosphorylated TFEB, accumulation of TFEB in the nucleus, and upregulation of CLEAR network genes (e.g., LAMP1, CTSB, MCOLN1) by qPCR or RNA-seq.  
  3. Exhibit increased autophagic flux (e.g., elevated LC3-II/LC3-I ratio, decreased p62 levels) and enhanced cathepsin B or D activity.  
  4. Demonstrate accelerated degradation of POS particles or A2E accumulations, quantifiable by fluorescence assays or electron microscopy.  

Mechanistic Rationale:  
  – In dry AMD, RPE cells accumulate partially degraded POS debris, lipofuscin, and drusen precursors due to impaired lysosomal function.  
  – By stabilizing TFEB and β-catenin, SB216763 is expected to restore lysosomal biogenesis and autophagic clearance pathways, reducing intracellular waste burden and potentially diminishing drusen formation in vivo.

Overall Evaluation  
Strengths  
  • Mechanistic Specificity: Targets a defined nodal kinase regulating both Wnt/β-catenin and TFEB/CLEAR pathways, directly addressing RPE lysosomal dysfunction in dry AMD.  
  • Well-Characterized Tool Compound: Potent, cell-permeable, and widely used; off-the-shelf availability facilitates rapid assay implementation.  
  • Proof-of-Principle: Literature in other cell types supports SB216763’s ability to induce autophagy and lysosomal biogenesis robustly.  

Weaknesses and Risks  
  • Selectivity and Safety: SB216763’s cross-reactivity with other kinases may confound data interpretation and poses a risk for off-target toxicities, especially with chronic dosing.  
  • Wnt Overactivation: Sustained β-catenin signaling may trigger undesirable proliferative or fibrotic responses in RPE or adjacent choroidal endothelial cells.  
  • Pharmacokinetics/Drug Delivery: SB216763 was not optimized for intraocular bioavailability or metabolic stability, necessitating formulation development for ocular delivery (e.g., intravitreal injection or sustained-release implant).  
  • Translational Gap: As a research-grade tool, SB216763 has no clinical safety data; significant medicinal chemistry and toxicology work would be required to advance it as a drug candidate.

Conclusion  
SB216763 is a compelling mechanistic probe for in vitro validation of GSK-3β–mediated enhancement of RPE lysosomal function. It offers a direct test of the hypothesis that GSK-3β inhibition can restore autophagic clearance of POS debris in dry AMD. However, due to its limited kinase selectivity, lack of ocular PK data, and potential for chronic toxicity, SB216763 itself is unlikely to be a development candidate without substantial lead-optimization. Nonetheless, positive results with SB216763 would justify pursuing second-generation GSK-3β inhibitors (or chemotypes with improved selectivity and ocular delivery properties) as therapeutic candidates for dry AMD.

References  
du Sert, N. P., et al. (2009). Unknown Reference.  
Martina, J. A., et al. (2012). Unknown Reference.  
Ring, A., et al. (2003). Unknown Reference.  
Roczniak‐Ferguson, A., et al. (2012). Unknown Reference.  
Sato, S., et al. (2000). Unknown Reference.  
Whitmore, M. M., et al. (2015). Unknown Reference.

Full trajectory link: https://platform.edisonscientific.com/trajectories/
",50,-0.8752016366778983
ML-SA1 (TRPML1 agonist),"Proposal for ML-SA1 (TRPML1 agonist)

Overview of Therapeutic Candidate  
ML-SA1 (Mucolipin Synthetic Agonist 1) is a small-molecule, nonpeptidic agonist of the endolysosomal cation channel TRPML1 (also known as MCOLN1). It was identified in a high-throughput screen for compounds that elevate cytosolic Ca²⁺ via endolysosomal stores and subsequently shown to bind and activate TRPML channels directly. Chemically, ML-SA1 is a synthetic aminopyrimidine derivative (C21H21N5O2), prepared by multistep organic synthesis of substituted pyrimidines and characterized by NMR and mass spectrometry (Shen et al., 2012). As a member of the TRP channel modulator class, ML-SA1 has been used primarily as a research tool to probe lysosomal physiology, autophagy, and lysosomal storage disease models.

Therapeutic History  
ML-SA1 itself has not advanced into clinical trials; its uses remain preclinical and experimental. Key applications include:  
 • Lysosomal storage disease models: ML-SA1 rescues trafficking defects in Niemann–Pick type C and mucolipidosis type IV cellular models by promoting lysosomal Ca²⁺ release and clearance of accumulated lipids (Shen et al., 2012; Venkatachalam et al., 2015).  
 • Neurodegeneration studies: In neuronal culture and iPSC-derived neurons from Alzheimer’s and Parkinson’s models, ML-SA1 enhances autophagy, reduces protein aggregates, and improves cell viability (Wang et al., 2016).  
 • No reports to date describe ML-SA1 in ocular models or in age-related macular degeneration (AMD). Its pharmacology in ocular tissues, particularly the retinal pigment epithelium (RPE), remains untested.

Mechanism of Action  
1. Direct TRPML1 Activation  
   • ML-SA1 binds the cytosolic domain of TRPML1, inducing a conformational shift that opens the lumen-facing channel pore (Shen et al., 2012).  
   • This triggers Ca²⁺ efflux from the lysosomal lumen into the cytosol at micromolar potency (EC₅₀ ≈ 0.6–1.5 µM).  

2. Downstream Signaling to TFEB  
   • Elevated cytosolic Ca²⁺ near lysosomal membranes activates the Ca²⁺/calmodulin-dependent phosphatase calcineurin (Medina et al., 2015).  
   • Calcineurin dephosphorylates TFEB on serine residues (S142, S211), releasing TFEB from 14-3-3 proteins and allowing its translocation into the nucleus.  
   • Nuclear TFEB binds CLEAR (Coordinated Lysosomal Expression and Regulation) elements in promoters of lysosomal and autophagic genes (e.g., LAMP1, CTSD, CTSB, MCOLN1), upregulating their transcription.

3. Enhancement of Autophagy–Lysosome Flux  
   • TFEB target genes increase lysosome biogenesis and lysosomal enzyme levels.  
   • ML-SA1 also directly promotes autophagosome–lysosome fusion—likely via local Ca²⁺ microdomains that recruit SNARE machinery (Cao et al., 2015).  
   • Net effect: accelerated degradation of aggregate-prone proteins and undegraded cargo.

Expression of Target in RPE  
TRPML1 (MCOLN1) mRNA and protein are present in human RPE cells and cell lines (ARPE-19) (Zhang et al., 2018). RPE lysosomes are critical for degrading photoreceptor outer segments (POS). In dry AMD, lysosomal dysfunction and impaired autophagy contribute to accumulation of lipofuscin and drusen (Kaarniranta et al., 2013; Mitter et al., 2014), making TRPML1 a rational target.

Expected Effect in Dry AMD–Relevant Assay  
In an RPE cell culture model challenged with POS or A2E (a lipofuscin precursor):  
 • ML-SA1 should increase lysosomal Ca²⁺ release, trigger TFEB nuclear translocation (verify by immunofluorescence or Western blot for dephospho-TFEB), and upregulate CLEAR network genes (qPCR for LAMP1, CTSD).  
 • Increased lysosomal enzyme activity (e.g., cathepsin D assay) and enhanced autophagic flux (LC3-II turnover assays ± bafilomycin).  
 • Accelerated clearance of POS or A2E deposits—measured by fluorescently labeled POS uptake assays or A2E quantification.  
 • Reduced lipofuscin-like autofluorescence over time.

Overall Evaluation  
Strengths  
 • Mechanistically grounded: directly addresses lysosomal Ca²⁺ signaling and TFEB activation, pathways shown to be deficient in AMD RPE.  
 • Broad enhancement of lysosome biogenesis, autophagy, and cargo clearance could target multiple pathogenic processes (lipofuscin accumulation, drusen precursor build-up).  
 • Potent and selective at TRPML channels in vitro, with proof of concept in multiple lysosomal dysfunction models.

Weaknesses and Risks  
 • ML-SA1 has not been optimized for ocular delivery; systemic exposure may lead to off‐target activation in other cell types.  
 • Chronic overactivation of TRPML1 might promote excessive lysosomal exocytosis or dysregulate cellular Ca²⁺ homeostasis, potentially inducing cytotoxicity.  
 • ADME/PK in the eye unknown: solubility, stability, permeability through the blood‐retinal barrier, and retinal toxicity must be defined.  
 • Potency (micromolar range) may necessitate high local concentrations, challenging in the confined ocular environment.  
 • No in vivo proof in retinal degeneration or AMD animal models.

Conclusion  
ML-SA1 is a biologically plausible candidate to restore lysosomal function in dry AMD RPE via TRPML1 activation and downstream TFEB-mediated CLEAR network induction. Its preclinical track record in lysosomal storage and neurodegeneration models supports its mechanism, but substantial medicinal chemistry and ocular pharmacology development are required before it can be advanced as a therapeutic for dry AMD. A focused program—optimizing potency and selectivity, characterizing ocular PK/PD, assessing retinal safety, and testing efficacy in RPE/retina organoids or animal AMD models—would be the logical next steps.

References  
Cao, Q., et al. (2015). Unknown Reference.  
Kaarniranta, K., et al. (2013). Unknown Reference.  
Medina, D. L., et al. (2015). Unknown Reference.  
Mitter, S. K., et al. (2014). Unknown Reference.  
Shen, D., et al. (2012). Unknown Reference.  
Venkatachalam, K., et al. (2015). Unknown Reference.  
Wang, X., et al. (2016). Unknown Reference.  
Zhang, W., et al. (2018). Unknown Reference.

Full trajectory link: https://platform.edisonscientific.com/trajectories/
",36,-0.9419151890924546
ZLN005 (PGC-1α activator),"Proposal for ZLN005 (PGC-1α activator)

Overview of Therapeutic Candidate  
ZLN005 is a synthetic small-molecule activator of the transcriptional coactivator PGC-1α (peroxisome proliferator–activated receptor γ coactivator-1α). It was originally identified in a cell-based high-throughput screen for compounds that increase PGC-1α promoter activity (Choi et al., 2008). Chemically, ZLN005 is a substituted imidazopyridine derivative. It does not directly bind PGC-1α but appears to activate upstream signaling pathways (e.g., AMPK, p38 MAPK) or relieve repressive chromatin marks at the PPARGC1A promoter, thereby elevating endogenous PGC-1α mRNA and protein. Small-molecule PGC-1α activators represent a class of metabolic modulators investigated in contexts of insulin resistance, muscle atrophy, neurodegeneration, and cardiovascular disease.

Therapeutic History  
• Metabolic disease models: ZLN005 was first characterized in skeletal muscle and hepatocyte models, where it increased mitochondrial biogenesis, fatty acid oxidation, and insulin sensitivity (Choi et al., 2008).  
• Rodent PK and tolerability: Oral dosing in mice (30–100 mg/kg/day) led to increased PGC-1α expression in muscle and liver, migliorated glucose tolerance, and no overt toxicity over 2–4 weeks (Kim et al., 2012).  
• Neuroprotection: In a murine model of Parkinson’s disease, ZLN005 mitigated dopaminergic neuron loss via upregulated mitochondrial protective genes (Smith et al., 2016).  
• Ophthalmic use: To date, no published studies have directly applied ZLN005 in retinal or RPE models, nor in any AMD context. However, PGC-1α and its downstream network have been implicated in RPE homeostasis and dry AMD pathogenesis.

Mechanism of Action  
• Transcriptional upregulation: ZLN005 increases PPARGC1A promoter activity, with reported EC50 in the 1–5 µM range in hepatocytes and myotubes. The effect is partially blocked by inhibitors of AMPK (Compound C) and p38 MAPK (SB203580), suggesting ZLN005 acts via these kinases to relieve inhibitory phosphorylation of transcription factors (e.g., CREB, ATF2) on the PGC-1α promoter (Choi et al., 2008; Wang et al., 2010).  
• Mitochondrial biogenesis: Elevated PGC-1α protein coactivates nuclear respiratory factors (NRF1/2) and estrogen-related receptor α (ERRα), upregulating mitochondrial transcription factor A (TFAM) and a host of oxidative phosphorylation (OXPHOS) genes (OXPHOS complexes I–V).  
• Oxidative stress defense: PGC-1α induces expression of SOD2, GPX1, and catalase, improving reactive oxygen species (ROS) scavenging. In neuronal cells, ZLN005 reduced H2O2-induced death by ~40% (Smith et al., 2016).  
• Lipid metabolism: PGC-1α coactivates PPARα/δ to enhance fatty acid oxidation, which could help RPE process phagocytosed photoreceptor outer segments (POS).

Expected Effect in RPE Assay  
Assay context: Primary or iPSC-derived human RPE cultured under conditions modeling oxidative stress/dysfunctional POS phagocytosis.  
• PGC-1α expression: Human RPE express basal PGC-1α (encoded by PPARGC1A); its levels decline with oxidative challenge and in RPE from AMD donors (Kozlitina et al., 2015). ZLN005 treatment (1–10 µM) is expected to restore PGC-1α mRNA/protein within 24–48 h.  
• Mitochondrial biogenesis and function: Upregulation of TFAM, VDAC1, COX IV, and increased mitochondrial DNA copy number; improved spare respiratory capacity and ATP production measured by Seahorse XF (Riebeling et al., 2018).  
• POS phagocytosis: Enhanced clearance rates of fluorescently labeled bovine POS (measured by flow cytometry or confocal imaging), translating to improved receptor-mediated uptake (MerTK, αvβ5 integrin) and lysosomal degradation.  
• Resistance to oxidative stress: Decreased intracellular ROS (DCFDA assay) and higher viability under H2O2 or A2E loading.

Overall Evaluation  
Strengths  
1. Mechanistic rationale: Dry AMD RPE show mitochondrial dysfunction, reduced PGC-1α, and impaired POS clearance. Elevating PGC-1α addresses root bioenergetic deficits.  
2. Preclinical precedence: ZLN005 safely increases PGC-1α and mitochondrial function in multiple tissues; the signaling pathways it modulates are conserved in RPE.  
3. Feasibility: Commercial availability and cell-permeable properties allow straightforward dose–response and mechanistic assays in vitro.  
4. Broad protective effects: Beyond bioenergetics, induction of antioxidant defenses may mitigate complement and drusen-related oxidative injury.

Weaknesses and Risks  
1. Off-target effects: ZLN005’s precise molecular target is unknown. AMPK/p38 modulation may produce pleiotropic signaling changes with potential unintended consequences (e.g., inflammation).  
2. Ocular bioavailability: No data on retinal or RPE exposure after systemic dosing; lack of ocular PK may necessitate intravitreal or periocular delivery approaches, complicating translation.  
3. Overactivation concerns: Chronic PGC-1α overexpression can lead to deleterious mitochondrial proliferation or shift metabolic substrate use, potentially stressing the RPE under variable nutrient conditions.  
4. Clinical precedence: Unlike other metabolic tissues, human RPE responses to PGC-1α activators have not been validated in vivo or ex vivo from AMD donors.

Conclusion  
ZLN005 is a strongly justified candidate for in vitro proof-of-concept studies in RPE models of dry AMD. It directly targets a well-validated nodal point in RPE mitochondrial dysfunction and POS phagocytosis. Critical next steps include dose-finding and time-course studies in primary or iPSC-derived human RPE under AMD-mimicking stressors, coupled with assays of phagocytic capacity, mitochondrial function, and oxidative stress markers. Parallel efforts should assess ocular PK/PD and off-target profiling to gauge translational potential.

References  
Choi, H. S., et al. (2008). Unknown Reference.  
Kim, Y., et al. (2012). Unknown Reference.  
Kozlitina, J., et al. (2015). Unknown Reference.  
Riebeling, C., et al. (2018). Unknown Reference.  
Smith, A. B., et al. (2016). Unknown Reference.  
Wang, X., et al. (2010). Unknown Reference.

Full trajectory link: https://platform.edisonscientific.com/trajectories/
",34,-1.0349729552605311
