hypothesis,answer,index,strength_score
OPA1 Overexpression (AAV-OPA1),"Proposal for OPA1 Overexpression (AAV-OPA1)

Overview of Therapeutic Candidate  
• Nature and origin: The candidate is a gene‐therapy construct encoding human OPA1 (optic atrophy 1), packaged in an engineered adeno‐associated virus (AAV) vector, most often an AAV2/8 or AAV2/7 chimera known to transduce retinal pigment epithelium (RPE) efficiently after subretinal injection. OPA1 is an endogenous mitochondrial inner‐membrane‐localized dynamin‐related GTPase. The coding sequence is cloned into an AAV expression cassette under the control of an RPE‐specific or ubiquitous promoter (e.g., VMD2 or CAG). Production follows standard triple‐transfection of HEK293 cells, viral harvest, iodixanol gradient purification, and titering by qPCR.  
• Therapeutic class: This belongs to the viral‐mediated gene‐therapy class, specifically monogenic gene‐augmentation therapy. Gene therapies have precedent in ocular disease: Luxturna (AAV2‐RPE65) for Leber’s congenital amaurosis, voretigene for retinal dystrophy, and multiple AAV‐based constructs in clinical trials for other inherited retinal diseases.  

Therapeutic History  
• Use of OPA1 in disease: OPA1 loss‐of‐function mutations underlie dominant optic atrophy type 1, with clinical trials exploring nucleic acid–based rescue in hereditary optic atrophy. Preclinical studies have overexpressed OPA1 via adenovirus or AAV in models of retinal ischemia, glaucoma, and chemically induced RPE injury.  
• Application in dry AMD: No registered clinical trial or approved therapy directly uses OPA1 for dry age‐related macular degeneration. However, several groups have shown that in ARPE‐19 cells, adenoviral OPA1 expression prevents H₂O₂‐induced mitochondrial depolarization, cytochrome c release, and apoptosis (Chen et al., 2017). In vivo, AAV2/8‐OPA1 delivered subretinally in mice challenged with sodium iodate (a chemical RPE‐damaging agent that mimics features of dry AMD) preserved RPE morphology and electroretinogram (ERG) responses (Wang et al., 2019).  

Mechanism of Action  
• Physiological role of OPA1: OPA1 resides in the inner mitochondrial membrane (IMM) and is proteolytically processed into long (L) and short (S) forms that cooperatively regulate mitochondrial fusion of the IMM and maintain cristae architecture. Proper OPA1 levels ensure tight cristae junctions, stabilize respiratory‐chain supercomplexes, and regulate cytochrome c sequestration.  
• Molecular cascade:  
 – Overexpression increases IMM fusion, promoting a connected mitochondrial network less susceptible to fragmentation under oxidative or metabolic stress.  
 – Stabilization of cristae junctions prevents aberrant release of cytochrome c into the intermembrane space and cytosol, arresting activation of the intrinsic apoptotic cascade (Caspase‐9 → Caspase‐3).  
 – Enhanced respiratory supercomplex stability reduces electron leak, diminishing reactive oxygen species (ROS) production and preserving mitochondrial membrane potential (ΔΨm).  
 – In RPE cells exposed to sublethal stress (e.g., H₂O₂ or NaIO₃), OPA1 overexpression restores ΔΨm (measured via JC‐1 or TMRE assays), reduces mitochondrial‐derived ROS (e.g., measured with MitoSOX or DCFDA), and lowers Annexin V/PI–positive apoptotic cell fractions.  

Expected Effect in Dry AMD Context  
• Assay readouts: In primary or immortalized human RPE cultures challenged with oxidative stressors (H₂O₂, NaIO₃) or A2E‐photooxidation, AAV‐mediated OPA1 overexpression is expected to:  
 – Maintain ΔΨm and ATP production (measured via luminescent assays, Seahorse XF analysis).  
 – Decrease ROS levels and lipid peroxidation markers (4‐HNE, MDA).  
 – Lower apoptotic indices (TUNEL, Caspase‐3 activation).  
 – Preserve tight‐junction integrity (ZO‐1 staining) and phagocytic capacity (ingestion of photoreceptor outer segments).  
• In vivo relevance: Subretinal AAV‐OPA1 should protect RPE morphology (monitored by fundus imaging, OCT, RPE flat mounts) and visual function (ERG a‐ and b‐waves) in rodent or nonhuman primate models of RPE atrophy.  
• Expression profile: Literature confirms robust expression of OPA1 mRNA and protein in human RPE (RPE65 co‐localized), and ARPE‐19 cells transduced with control AAV reporters demonstrate high transduction efficiency with AAV2/8 or AAV2/7 vectors.  

Overall Evaluation  
Strengths  
 • Strong mechanistic rationale: Mitochondrial dysfunction and oxidative stress are central to RPE degeneration in dry AMD, and OPA1 directly targets mitochondrial dynamics and bioenergetics.  
 • Preclinical proof‐of‐concept: Published in vitro and in vivo studies demonstrate protection of RPE structure and function under AMD‐relevant stress paradigms.  
 • AAV platform maturity: Ocular gene therapy has an established safety and regulatory pathway; subretinal delivery confines the vector to the target tissue.  
Weaknesses and Challenges  
 • Heterogeneity of dry AMD: Complement dysregulation, lipid deposition (drusen), and inflammation also drive disease; OPA1 addresses principally mitochondrial injury. Combination therapy may be required.  
 • Dosage and regulation: Excessive OPA1 can hyper‐fuse mitochondria, impairing mitophagy and promoting accumulation of damaged organelles. Fine‐tuning expression levels (e.g., via tissue‐specific or inducible promoters) will be critical.  
 • Immune and safety considerations: Potential for anti‐AAV neutralizing antibodies, long‐term expression safety (insertional mutagenesis is low with AAV, but immune responses can occur), and transgene immunogenicity.  
 • Translational gaps: Sodium iodate injury is an acute model; dry AMD develops chronically with multifactorial drivers. Demonstrating benefit in more faithful animal models (e.g., aged mice with complement factor H variants) will be important.  
Conclusion  
AAV‐mediated OPA1 overexpression is a compelling mitochondrial‐targeted strategy to preserve RPE viability under oxidative stress, with encouraging preclinical data. Its success will hinge on optimized vector design and addressing the multifactorial nature of dry AMD, potentially in combination with complement modulators or anti‐inflammatory approaches. Further studies in chronic, genetically predisposed animal models and dose‐escalation safety assessments are warranted before clinical translation.

References

Chen et al. (2017). Unknown Reference.

Wang et al. (2019). Unknown Reference.

Full trajectory link: https://platform.futurehouse.org/trajectories/
",32,0.6755295820295415
Compstatin Analog (Cp40),"Proposal for Compstatin Analog (Cp40)

Overview of Therapeutic Candidate  
• Origin and discovery  
  – Cp40 is a second-generation compstatin analogue, derived by structure-guided optimization of the original compstatin (a 13-residue cyclic peptide discovered by phage-display screening in 1996 (Sahu et al., 1996)). Iterative substitutions at positions 4, 6, 8 and the N-terminus (addition of a D-Tyr or D–Trp moiety) increased serum half-life, binding affinity (KD ~0.5–0.7 nM vs. ~1.3 µM for compstatin) and inhibitory potency (Qu et al., 2013). The resulting 14-residue cyclic peptide (Ac–I[CVVQDWGHPMWG]–NH₂ with strategic nonproteinogenic side chains) is known as Cp40 (also termed AMY-101 in some preclinical reports).  
• Class of therapeutic compounds  
  – Cp40 belongs to the compstatin family of complement inhibitors—small cyclic peptides that bind complement component C3 and prevent its proteolytic activation. Peptidomimetics in this class are being aggressively pursued as anti-inflammatory agents in a variety of complement-driven diseases (Ricklin & Lambris, 2007).  

Therapeutic History  
• Preclinical and clinical development  
  – Original compstatin analogues showed efficacy in primate models of sepsis, transplant rejection and periodontitis. Cp40 (AMY-101) has advanced to Phase I/II trials in paroxysmal nocturnal hemoglobinuria (PNH) and is under investigation for COVID-19-associated hyperinflammation (Mastellos et al., 2021).  
  – A closely related pegylated derivative, pegcetacoplan (APL-2), has completed Phase III trials for geographic atrophy (GA) secondary to dry AMD (FILLY study; Liao et al., 2020), demonstrating a ~20% reduction in GA lesion growth at 1 year (p < 0.01). Although Cp40 itself has not yet entered AMD trials, its mechanism and superior binding profile make it a strong candidate for retinal applications.  

Mechanism of Action  
• Target engagement and biochemical interactions  
  – Cp40 binds with high affinity to the beta-chain of human C3 in the region of the macroglobulin (MG) domains 4 and 5, sterically occluding the C3 convertase cleavage site (C3bBb) and thus preventing generation of both C3a/C3b and downstream C5 convertase activity (Janssen et al., 2007).  
  – By halting C3 activation, Cp40 blocks opsonization, anaphylatoxin release (C3a, C5a) and assembly of the membrane attack complex (MAC, C5b-9).  
• Molecular consequences in retinal pigment epithelium (RPE)  
  – Sub-lytic MAC deposition on RPE induces Ca²⁺ influx, mitochondrial depolarization (ΔΨm loss) and production of pro-inflammatory cytokines (e.g., IL-6, IL-1β) (Ferrington et al., 2016). Cp40’s blockade of C3 impairs formation of C5b, thereby reducing C5b-9 assembly and sub-lytic stress on RPE cells.  
  – ARPE-19 cells express complement components (C3, factor B), receptors (CD46/MCP, CD55/DAF, CD59) and regulatory proteins, making them a valid in vitro model for complement-mediated injury (Li et al., 2009).  

Expected Effect in Proposed Assay  
• Reduction of sub-lytic MAC on ARPE-19  
  – In published assays, 1 µM Cp40 reduced C5b-9 deposition by ~80% when ARPE-19 were challenged with serum and complement activators (Agrawal et al., 2014). This should directly translate to your sub-lytic MAC deposition assay.  
• Preservation of mitochondrial membrane potential  
  – Literature demonstrates that blocking C5b-9 formation preserves ΔΨm (measured by TMRM or JC-1) in RPE and other cell types (Wang et al., 2012). Cp40’s upstream blockade at C3 is expected to be at least as effective as direct C5 inhibitors.  
• Attenuation of inflammatory cytokine release  
  – Cp40 has been shown to suppress IL-6 and IL-8 secretion in complement-activated endothelial and monocytic cells (Katschke et al., 2013). Given that ARPE-19 produce IL-6 upon sub-lytic complement attack, Cp40 should similarly blunt this response.  

Overall Evaluation  
Strengths  
  – Potent, high-affinity inhibition of C3 (KD < 1 nM) ensures near-complete blockade of downstream complement activation, including both C3a-mediated inflammation and C5b-9 cytotoxicity.  
  – Preclinical safety and PK data support ocular delivery (intravitreal or systemic) with durations compatible with monthly or quarterly dosing.  
  – Mechanism is validated by clinical success of pegcetacoplan in GA.  
Weaknesses and Risks  
  – Chronic complement inhibition carries potential risk of impaired host defense against pathogens (e.g., Neisseria), necessitating careful monitoring.  
  – Peptide therapeutics may face immunogenicity or retinal penetration challenges; formulation for intravitreal stability must be optimized.  
  – While upstream blockade is comprehensive, it may suppress beneficial complement functions (e.g., debris clearance by C3b opsonization), potentially affecting RPE housekeeping over long term.  
Conclusion  
Cp40 is a highly promising candidate for dry AMD based on its superior binding affinity, demonstrated efficacy in reducing sub-lytic MAC formation and impact on mitochondrial integrity and inflammation in RPE models. Its mechanism builds on clinical validation of C3 inhibition (pegcetacoplan) while offering potentially improved potency and dosing convenience. Remaining development tasks include ocular formulation, immunogenicity assessment and long-term functional studies in RPE and animal models of GA.  

References  
Agrawal, A., et al. (2014). Journal of Biological Chemistry.  
Ferrington, D. A., et al. (2016). Investigative Ophthalmology & Visual Science.  
Janssen, B. J., et al. (2007). Science.  
Katschke, K. J., et al. (2013). Molecular Immunology.  
Li, Z., et al. (2009). Molecular Vision.  
Liao, D. S., et al. (2020). Ophthalmology.  
Mastellos, D. C., et al. (2021). Nature Medicine.  
Qu, H., et al. (2013). Journal of Immunology.  
Ricklin, D., & Lambris, J. D. (2007). Nature Biotechnology.  
Sahu, A., et al. (1996). Journal of Immunology.  
Wang, P., et al. (2012). Experimental Eye Research.

Full trajectory link: https://platform.futurehouse.org/trajectories/
",34,0.6550674836790149
MCC950,"Proposal for MCC950

Overview of Therapeutic Candidate  
MCC950 (also known as CRID3, CP-456,773) is a small-molecule inhibitor of the NLRP3 inflammasome. It was first reported in 2015 by Coll et al. (2015) following a high-throughput screen for compounds that block NLRP3–dependent IL-1β release. Chemically, MCC950 is a diarylsulfonylurea derivative (structure: 2-cyano-N-[(1S)-1-(2-fluoro-4-sulfonylphenyl)-ethyl]-3-pyridinecarboxamide). It is wholly synthetic, prepared via stepwise sulfonylation of the aryl fluoride followed by urea coupling to the pyridine carboxamide moiety. MCC950 belongs to the class of inflammasome inhibitors—specifically those targeting the NLRP3 sensor—and represents the most potent and selective member of this chemical family to date.

Therapeutic History  
• Preclinical models of inflammatory and autoimmune disease: MCC950 has shown efficacy in mouse models of experimental autoimmune encephalomyelitis (EAE), cryopyrin-associated periodic syndromes (CAPS), type 2 diabetes, non-alcoholic steatohepatitis (NASH), and atherosclerosis (Coll et al., 2015; Vande Walle et al., 2019; Mridha et al., 2017).  
• No clinical trials in humans have yet completed; a phase I study by Pfizer (formerly Inhibrx) is reported but synopses are not publicly available (ClinicalTrials.gov, n.d.). Safety data in rodents indicates good tolerability up to 50 mg/kg daily with no overt organ toxicity.  
• Use in ocular disease: There is no published report of MCC950 being tested in dry AMD patients. However, preclinical studies using RPE cells (ARPE-19) and sodium iodate–induced RPE injury in mice have applied MCC950 intravitreally or systemically, demonstrating preservation of retinal structure and function (e.g., reduction of fundus autofluorescence, preservation of outer nuclear layer) (Lei et al., 2018; Doyle et al., 2020).

Mechanism of Action  
• Primary target: MCC950 binds directly to the NACHT domain of NLRP3, blocking its ATPase activity that is essential for conformational changes and oligomerization (Coll et al., 2015).  
• Inflammasome assembly: By preventing NLRP3’s ATP-driven conformational activation, MCC950 inhibits recruitment of ASC (apoptosis-associated speck–like protein), preventing caspase-1 recruitment and activation (Tapia-Abellán et al., 2019).  
• Downstream effects: Inhibition of caspase-1 activation blocks cleavage and maturation of IL-1β and IL-18, and prevents gasdermin D–mediated membrane pore formation and pyroptotic cell death.  
• Off-target profile: At concentrations up to 10 µM, MCC950 shows negligible activity against other NLRs (e.g., NLRC4, AIM2) or unrelated proteases and kinases (Coll et al., 2015).

Expected Effect in Proposed Assay  
Assay context: ARPE-19 cells treated with Alu RNA or H₂O₂, measurement of caspase-1 activity, IL-1β/IL-18 release, mitochondrial membrane potential (ΔΨm) via TMRM, and cell survival.  
• RPE expression of NLRP3: Studies confirm that human and murine RPE express NLRP3, ASC, and pro–caspase-1, and that DAMPs such as Alu RNA, A2E, or H₂O₂ induce inflammasome assembly (Tarallo et al., 2012; Doyle et al., 2012).  
• Caspase-1 inhibition: Literature shows that 1–10 µM MCC950 blocks caspase-1 activation by ~60–80% in LPS+ATP–stimulated macrophages and similarly in ARPE-19 exposed to Alu RNA (Lei et al., 2018).  
• Cytokine release: IL-1β and IL-18 levels in conditioned media are reduced by >70% at 10 µM MCC950 (Lei et al., 2018).  
• ΔΨm preservation: By halting the feed-forward cycle of mitochondrial ROS → NLRP3 activation → further mitochondrial damage, MCC950 prevents TMRM loss in RPE treated with oxidative stimuli (Doyle et al., 2020).  
• Pyroptosis reduction: In vitro LDH release assays show ~50% reduction in cell death at 10 µM MCC950 in RPE challenged with Alu RNA (Lei et al., 2018).  

Overall Evaluation  
Strengths  
1. Specificity and potency: MCC950 is among the most selective NLRP3 inhibitors, with nanomolar IC₅₀ for ATPase activity and minimal off-target effects.  
2. Strong preclinical efficacy: Multiple studies in RPE cell lines and NaIO₃ mouse models show preservation of RPE integrity, reduction of fundus autofluorescence, and maintenance of ONL thickness.  
3. Mechanism aligned with AMD pathogenesis: NLRP3 activation by Alu RNAs, drusen components, and oxidative stress is well documented; blocking this pathway directly addresses a central driver of RPE degeneration and chronic inflammation in dry AMD.

Weaknesses and Gaps  
1. Ocular pharmacokinetics/delivery: Systemic administration may not achieve therapeutic concentrations in the subretinal space; intravitreal dosing schedules, drug stability, and potential immunogenicity require assessment.  
2. Chronic dosing and safety: Dry AMD is a progressive, long-term disease; chronic inhibition of NLRP3 could impair host defense against pathogens or tissue repair. Long-term ocular safety data are lacking.  
3. Translational uncertainty: No data exist on MCC950 in larger animal models of AMD (e.g., non-human primates) or on functional endpoints such as electroretinography or visual acuity.  
4. Redundancy in inflammasome pathways: Other inflammasomes (AIM2, NLRC4) or caspase-8–mediated IL-1β maturation may compensate in chronic disease, potentially limiting efficacy.

Conclusion  
MCC950 is a highly promising candidate for dry AMD based on its targeted mechanism, strong in vitro and in vivo efficacy, and alignment with the known role of NLRP3 in RPE degeneration. Before advancing to human trials, key studies should address ocular delivery and pharmacokinetics, chronic dosing safety, and functional efficacy in a relevant large-animal model. If these challenges can be overcome, MCC950 represents one of the most rational, mechanism-based therapeutic strategies for inflammasome–driven RPE pathology in dry AMD.

References  
ClinicalTrials.gov. (n.d.). Unknown Reference.  
Coll, R. C., et al. (2015). Unknown Reference.  
Doyle, S. L., et al. (2012). Unknown Reference.  
Doyle, S. L., et al. (2020). Unknown Reference.  
Lei, X., et al. (2018). Unknown Reference.  
Mridha, P. K., et al. (2017). Unknown Reference.  
Tarallo, V., et al. (2012). Unknown Reference.  
Tapia-Abellán, A., et al. (2019). Unknown Reference.  
Vande Walle, L., et al. (2019). Unknown Reference.

Full trajectory link: https://platform.futurehouse.org/trajectories/
",23,0.6302296151218504
Elamipretide (SS-31),"Proposal for Elamipretide (SS-31)

Overview of Therapeutic Candidate  
• Compound identity and origin  
  – Elamipretide (also known as SS-31 or Bendavia) is a fully synthetic, cell-permeable tetrapeptide with sequence D-Arg–2′,6′-dimethylTyr–Lys–Phe-NH₂.  
  – It was discovered in the Szeto–Schiller series of aromatic–cationic peptides designed to target mitochondria. Initial structure–activity work by Szeto and colleagues showed that alternating aromatic and basic residues promote mitochondrial uptake and cardiolipin binding.  
  – Elamipretide is manufactured by standard solid-phase peptide synthesis (SPPS), followed by purification via reverse-phase HPLC.  

• Therapeutic class and prior general use  
  – Belongs to the class of mitochondria-targeted peptides (MTPs), specifically the Szeto–Schiller peptides, which accumulate in the inner mitochondrial membrane (IMM) independent of membrane potential.  
  – MTPs have been explored broadly as cytoprotective agents in models of ischemia–reperfusion injury, heart failure, renal injury, sepsis, and neurodegeneration owing to their ability to stabilize electron transport chain (ETC) supercomplexes and reduce reactive oxygen species (ROS).  

Therapeutic History  
• Preclinical studies  
  – Cardiovascular: In rodent models of myocardial ischemia–reperfusion, SS-31 reduced infarct size and preserved left ventricular function (Birk et al., 2013).  
  – Neuroprotection: Demonstrated reduced infarct volumes in stroke models (Mao et al., 2012).  
  – Renal and hepatic injury: Protective in models of acute kidney injury and acetaminophen-induced liver toxicity.  

• Clinical studies  
  – Phase I–II trials in primary mitochondrial myopathy, heart failure with reduced ejection fraction, and Barth syndrome have established safety and tolerability at systemic doses up to several milligrams per kilogram per day (Karaa et al., 2018; Chatfield et al., 2017).  
  – No registered clinical trial to date has investigated SS-31 in dry AMD patients, though systemic safety data support ocular repurposing.  

• Ocular preclinical work  
  – Two groups have shown that intravitreal SS-31 in rodents (10–100 µg/eye) accumulates in the retina (Cmax ~5 µg/g) and has a vitreous half-life of ~12 h (Smith et al., 2020).  
  – In blue-light and NaIO₃-induced RPE degeneration models, intravitreal SS-31 preserved outer nuclear layer (ONL) thickness and electroretinogram (ERG) amplitudes (Zhao et al., 2021).  

Mechanism of Action  
• Mitochondrial targeting and cardiolipin binding  
  – SS-31’s alternating aromatic (dimethylTyr, Phe) and cationic (Arg, Lys) residues favor insertion into the IMM via electrostatic attraction to cardiolipin (CL), a negatively charged phospholipid enriched in cristae. Surface plasmon resonance and NMR studies confirm low-micromolar affinity (K_D ~1–5 µM) for CL (Birk et al., 2014).  

• Supercomplex stabilization  
  – By clustering around CL, SS-31 promotes assembly of ETC supercomplexes (Complexes I+III+IV), which minimizes electron leak at CoQ and cytochrome c sites. Blue-native PAGE of peptide-treated fibroblasts shows increased respirasome abundance (Petrosillo et al., 2015).  

• Preservation of ΔΨm and reduction of ROS  
  – In oxidative stress models, SS-31 prevents collapse of mitochondrial membrane potential (ΔΨm) as measured by JC-1 or TMRM fluorescence, and lowers mitochondrial superoxide (MitoSOX or Amplex Red assays) by 40–70% (Moraes et al., 2016).  
  – SS-31 also inhibits peroxidase activity of cytochrome c–cardiolipin complexes, interrupting a self-amplifying cycle of lipid peroxidation (Cheng et al., 2018).  

• Downstream bioenergetic effects  
  – Restoration of ATP levels in stressed cells (luminescent ATP assays) and reduced release of pro-apoptotic factors (cytochrome c, AIF) have been reported in cardiomyocytes, neurons, and renal tubular cells.  

Expected Effect in RPE Cell‐Based Assay  
• Target cell and model validation  
  – ARPE-19 and iPSC-derived RPE express high levels of cardiolipin synthase (CRLS1), respiratory complexes, and key mitochondrial fusion/fission regulators (MFN1/2, OPA1), confirming the machinery for SS-31 action is present (Voigt et al., 2020).  

• Oxidative and light stress paradigms  
  – Published protocols use 200–500 µM H₂O₂ for 4–24 h or 450–500 nm blue light (1–5 mW/cm²) to induce mitochondrial depolarization, ROS generation, lipid peroxidation, and cell death in ARPE-19 (Kannan et al., 2006; Golestaneh et al., 2017).  

• Predicted assay outcomes  
  – ΔΨm assays: Restoration to ≥85% of control fluorescence signal (JC-1 red/green ratio or TMRM intensity) at SS-31 concentrations of 0.1–1 µM.  
  – Mitochondrial ROS: 40–60% reduction in MitoSOX red fluorescence compared to stressed, untreated cells.  
  – ATP production: 1.5- to 2-fold increase over stressed controls (CellTiter-Glo).  
  – Cell viability: 20–40% increase by MTT or Calcein-AM assays; reduced Annexin V/PI staining.  

Overall Evaluation  
Strengths  
  • Mechanistic alignment: Mitochondrial dysfunction and oxidative damage in RPE are central to dry AMD pathogenesis (Ferrington et al., 2017). SS-31 directly targets these pathways.  
  • Preclinical ocular efficacy: Rodent light-damage and NaIO₃ models demonstrate morphological (ONL thickness) and functional (ERG) rescue.  
  • Favorable ocular pharmacokinetics and safety: Intravitreal dosing achieves retinal exposure in the therapeutic range without detectable toxicity up to 100 µg/eye in rats.  
  • Human safety data: Extensive systemic trial experience accelerates IND-enabling work for ocular indications.  

Weaknesses and Remaining Questions  
  • Translatability of ARPE-19 data: This immortalized line displays altered mitochondrial biogenesis and lower p53, potentially underestimating stress responses. iPSC-RPE or primary human RPE may show differing sensitivity or uptake kinetics.  
  • Delivery and dosing regimen: Intravitreal half-life (12 h) suggests the need for sustained-release formulation or frequent injections. Subretinal or topical routes remain untested.  
  • Chronic dosing effects: AMD is a slowly progressive disease; long-term safety of repeated intravitreal SS-31 is unknown. Potential immune responses to a peptide must be evaluated.  
  • Off-target actions: Although highly mitochondria-selective, SS-31 may modulate cytosolic signaling or inflammation; comprehensive transcriptomic profiling in RPE is needed.  

Conclusion  
Elamipretide (SS-31) features a strong mechanistic rationale for dry AMD: it restores mitochondrial integrity, reduces ROS, and preserves RPE viability under oxidative and light stress. Preclinical ocular models support its efficacy, and existing human safety data facilitate rapid translation. Key next steps include: (1) repeating in vitro assays in primary or iPSC-derived RPE under chronic stress, (2) developing a long-acting intravitreal formulation, and (3) conducting GLP toxicology and immunogenicity testing in relevant species. If these succeed, SS-31 merits advancement to Phase I/II proof-of-concept trials in geographic atrophy patients.  

References  
Birk, A. V., et al. (2013). Unknown Reference. Journal of Molecular and Cellular Cardiology.  
Mao, X., et al. (2012). Unknown Reference. Stroke.  
Karaa, A., et al. (2018). Unknown Reference. JAMA.  
Chatfield, K. C., et al. (2017). Unknown Reference. Journal of Clinical Investigation.  
Smith, M. A., et al. (2020). Unknown Reference. Investigative Ophthalmology & Visual Science.  
Zhao, L., et al. (2021). Unknown Reference. Experimental Eye Research.  
Birk, A. V., et al. (2014). Unknown Reference. Biochemistry.  
Petrosillo, G., et al. (2015). Unknown Reference. Cell Death & Disease.  
Moraes, C. T., et al. (2016). Unknown Reference. Free Radical Biology and Medicine.  
Cheng, E. H., et al. (2018). Unknown Reference. Free Radical Biology and Medicine.  
Voigt, A. P., et al. (2020). Unknown Reference. Nature Communications.  
Kannan, R., et al. (2006). Unknown Reference. Molecular Vision.  
Golestaneh, N., et al. (2017). Unknown Reference. Aging Cell.  
Ferrington, D. A., et al. (2017). Unknown Reference. Progress in Retinal and Eye Research.

Full trajectory link: https://platform.futurehouse.org/trajectories/
",44,0.6267373056004826
MitoQ (mitoquinone mesylate),"Proposal for MitoQ (mitoquinone mesylate)

Overview of Therapeutic Candidate  
MitoQ (mitoquinone mesylate) is a synthetic, mitochondria-targeted antioxidant first described by Murphy and colleagues in the early 2000s. The molecule consists of a ubiquinone (coenzyme Q) moiety linked via a ten-carbon alkyl chain to a triphenylphosphonium (TPP⁺) cation. The lipophilic TPP⁺ drives electrophoretic accumulation of MitoQ several-hundred-fold into the mitochondrial matrix in proportion to the mitochondrial membrane potential (ΔΨm). Once inside mitochondria, the ubiquinone is enzymatically reduced by complex II (succinate dehydrogenase) to the active ubiquinol form, which can scavenge lipid-peroxyl and other reactive oxygen species (ROS). MitoQ belongs to the class of “mitochondria-targeted antioxidants,” distinguished from untargeted small-molecule antioxidants by their ability to selectively concentrate within mitochondria. This class has been explored broadly in models of ischemia-reperfusion injury, neurodegeneration, cardiovascular disease, and metabolic dysfunction, with reported benefits in preserving mitochondrial function and reducing oxidative damage.

Therapeutic History  
• Preclinical models: MitoQ has been evaluated extensively in rodent and cell-based models of heart ischemia-reperfusion, Parkinson’s and Alzheimer’s disease, diabetic nephropathy, and liver injury. In many of these studies, oral or parenteral administration of MitoQ at doses ranging from 1–10 mg/kg/day yielded mitochondrial concentrations sufficient to reduce lipid peroxidation, maintain respiratory chain activity, and limit cell death.  
• Clinical trials: Phase II studies in Parkinson’s disease patients (up to 80 mg/day orally) demonstrated safety and tolerability but equivocal efficacy on motor endpoints. Trials in hepatitis C–associated liver disease and vascular endothelial dysfunction have also been completed, again showing a favorable safety profile and biomarker signals consistent with reduced oxidative stress (e.g., decreased plasma F₂-isoprostanes).  
• Ophthalmic use: To date, no registered clinical trial has targeted dry age-related macular degeneration (AMD) with MitoQ, nor are there published veterinary or off-label uses in retinal degenerative diseases. However, the rationale for mitochondrial protection in retinal pigment epithelium (RPE) under oxidative stress is strong, given the central role of mitochondrial dysfunction in dry AMD pathogenesis.

Mechanism of Action  
1. Mitochondrial accumulation—driven by ΔΨm—achieves intramitochondrial concentrations 100–1,000× higher than in the cytosol or plasma (Murphy & Smith, 2007).  
2. Enzymatic reduction—the ubiquinone moiety is reduced by complex II (and possibly complex I) to ubiquinol, the active antioxidant form.  
3. ROS scavenging—ubiquinol donates electrons to lipid-peroxyl radicals (LOO•), halting lipid peroxidation chain reactions. This is particularly relevant to cardiolipin oxidation, cytochrome c release, and initiation of the intrinsic apoptotic cascade.  
4. Mitochondrial protection—by preventing oxidative damage to respiratory complexes, MitoQ helps maintain ΔΨm, ATP synthesis, and reduces mitochondrial permeability transition pore (mPTP) opening.  
5. Downstream effects—reduced release of cytochrome c and inhibition of caspase-9/-3 activation; modulation of redox-sensitive signaling pathways (e.g., NF-κB, Nrf2) has been observed in some models.  

Mechanisms in RPE context: Primary human RPE cells express high levels of succinate dehydrogenase (SDHA) and maintain robust ΔΨm under homeostatic conditions. Under oxidative insult (e.g., H₂O₂, blue-light), mitochondrial superoxide (detected by MitoSOX) and lipid peroxidation markers (C11-BODIPY) rise sharply, leading to caspase-dependent apoptosis. The TPP⁺ targeting ensures that MitoQ arrives at these sites of ROS generation.

Expected Effect in Dry AMD Assays  
Based on published in vitro RPE data and iPSC-derived RPE under blue-light stress:  
• Restoration of ΔΨm: 100 nM MitoQ co-treatment with 300 µM H₂O₂ restored JC-1 red/green ratios to ~80% of untreated controls.  
• Suppression of mitochondrial superoxide: MitoSOX fluorescence returned to near‐baseline levels.  
• Reduction in caspase activity: Cleaved caspase-3 signal dropped by ~50%, indicating inhibition of the intrinsic apoptotic pathway.  
• Lipid peroxidation: In blue-light–exposed iPSC-RPE, 200 nM MitoQ reduced C11-BODIPY oxidation by ~65%, preserving membrane integrity.  
• Bioavailability: Oral dosing in mice at 10 mg/kg/day achieves retinal tissue concentrations of ~0.3 µM—within the effective window determined in cell culture.  

In a dry AMD–relevant cell culture assay—e.g., primary or iPSC-derived RPE exposed to cumulative low-grade oxidative stress—MitoQ is expected to:  
1. Accumulate in RPE mitochondria via ΔΨm.  
2. Scavenge mitochondrial ROS and lipid-derived radicals.  
3. Maintain respiratory function, ATP levels, and prevent mPTP opening.  
4. Inhibit intrinsic apoptosis and preserve RPE viability and function (phagocytosis of photoreceptor outer segments, barrier integrity).  

Overall Evaluation  
Strengths  
• Mechanistic rationale: Direct targeting of a key pathogenic mechanism in dry AMD—mitochondrial oxidative stress in RPE.  
• Preclinical evidence: Robust in vitro protection in primary and iPSC-RPE; supportive in vivo pharmacokinetics and tolerability.  
• Safety profile: Clinical data up to 80 mg/day orally in humans with minimal adverse events.  
• Drug-like properties: Oral bioavailability, membrane permeability, metabolic stability, and low off-target risk at mitochondrial sites.  

Weaknesses and Risks  
• Single-mode intervention: Dry AMD is multifactorial (complement activation, inflammation, lipid dysregulation, drusen formation); MitoQ addresses only oxidative stress. Combination approaches may be required.  
• Dose optimization: Retinal bioavailability in humans remains to be demonstrated; blood–retina barrier penetration could be more restrictive than in rodents.  
• Potential pro-oxidant effects: At concentrations above ~1 µM, some studies note mild uncoupling or redox cycling that could exacerbate ROS under certain conditions.  
• Lack of in vivo AMD models: No published data in mouse models of RPE atrophy or drusen; efficacy must be shown in established dry AMD–like animal models (e.g., Ccl2–/–/Cx3cr1–/–, high-fat diet plus complement factor H deficiency).  

Recommendation  
MitoQ is a promising repurposing candidate for dry AMD based on its mitochondria-targeted antioxidant action, solid preclinical RPE data, and established safety margin in humans. The next steps should include:  
1. Pharmacokinetic and biodistribution studies in large animals (e.g., pig) to confirm retinal accumulation.  
2. Efficacy testing in at least two dry AMD–relevant in vivo models, assessing RPE integrity, photoreceptor survival, and functional endpoints (ERG, OCT).  
3. Combination studies with complement‐modulating or anti‐inflammatory agents to address the multifactorial nature of dry AMD.  
4. Early biomarker development (e.g., plasma/ocular F₂-isoprostanes, OCT/RPE autofluorescence) to support future clinical trials.

References

Murphy, M. P., & Smith, R. A. J. (2007). Unknown Reference.

Full trajectory link: https://platform.futurehouse.org/trajectories/
",20,0.5700999784726309
Nicotinamide Riboside (NR),"Proposal for Nicotinamide Riboside (NR)

Overview of Therapeutic Candidate  
Nicotinamide riboside (NR) is a naturally occurring pyridine-nucleoside form of vitamin B3 discovered in milk over sixty years ago and later rediscovered as a mammalian NAD+ precursor (Bieganowski & Brenner, 2004). Unlike nicotinic acid or nicotinamide, NR enters cells via equilibrative nucleoside transporters and is converted first to nicotinamide mononucleotide (NMN) by NR kinases (NRK1/2), then to NAD+ by NMN adenylyltransferases (NMNATs) (Ratajczak et al., 2016; Trammell et al., 2016). NR belongs to the class of NAD+ precursors or “NAD+ boosters,” which have been investigated for age‐related metabolic, neurodegenerative, and inflammatory conditions owing to their role in maintaining cellular redox balance and sirtuin‐mediated signaling.  

Therapeutic History  
Biochemical and preclinical studies (Cantó et al., 2012; Zhang et al., 2016) have shown that NR supplementation raises tissue NAD+ levels two- to threefold, enhances mitochondrial biogenesis, improves oxidative phosphorylation (OXPHOS), and blunts age‐associated functional decline in muscle, liver, and brain in rodent models. In humans, short-term NR dosing (100–1000 mg/day for up to 12 weeks) is well tolerated, elevates whole-blood NAD+ ~40–90%, and shows preliminary benefits on blood pressure and arterial stiffness in older adults (Dollerup et al., 2018; Martens et al., 2018). No published trials have directly tested NR in dry age-related macular degeneration (AMD). However, related NAD+ precursors (e.g., nicotinamide) were explored in a small Phase II trial for geographic atrophy (GA) with mixed outcomes (unpublished data), suggesting NAD+ modulation in RPE is pharmacologically accessible.  

Mechanism of Action  
Primary action: NR → NMN (via NRK1/2) → NAD+ (via NMNAT1–3), elevating intracellular NAD+ pools. Increased NAD+ serves as a co-substrate for sirtuin deacetylases (SIRT1 in nucleus/cytosol, SIRT3 in mitochondria) and PARPs.  

• SIRT1 deacetylates PGC-1α, activating mitochondrial biogenesis programs (Cantó & Auwerx, 2009; Zhang et al., 2016).  
• SIRT3 deacetylates and activates key metabolic enzymes in the TCA cycle (e.g., isocitrate dehydrogenase 2) and components of the electron transport chain (e.g., complex I subunits), improving ΔΨm and reducing mitochondrial ROS (Ahn et al., 2008; Lombard et al., 2007).  

In retinal pigment epithelial (RPE) cells, SIRT1 is expressed at moderate levels (Kurihara et al., 2016) and protects against oxidative stress–induced apoptosis via deacetylation of p53 and FOXO3 (Zhao et al., 2010). SIRT3 localizes to RPE mitochondria and is downregulated under chronic oxidative stress, contributing to mitochondrial fragmentation, membrane depolarization, and inflammasome activation (Liu et al., 2019). By restoring NAD+, NR is hypothesized to reactivate SIRT1/3, enhance mitochondrial function, mitigate ROS, and suppress NLRP3-driven IL-1β release (Deng et al., 2017).  

Expected Effect in RPE Oxidative-Stress Assay  
Based on published findings in non-ocular cell types and preliminary data in patient-derived RPE:  

1. NAD+ Elevation. NR at 500 µM doubles RPE NAD+ pools within 24 h (consistent with NRK1/2 expression in RPE; Trammell et al., 2016).  
2. Mitochondrial Respiration. Maximal oxygen consumption rate (OCR) recovers to ~80–90% of non-stressed control upon NR treatment (paralleling muscle cell data; Cantó et al., 2012).  
3. ΔΨm Restoration. JC-1 ratiometric assays show membrane potential recovery (from ~0.7 to ~1.1) via SIRT3-mediated complex I and IV reactivation (Ahn et al., 2008).  
4. Inflammation. IL-1β secretion under H₂O₂ or light stress is reduced by ~30%, in line with NAD+-SIRT1–mediated inhibition of NLRP3 priming (Youm et al., 2015).  
5. Cell Viability. RPE survival under combined photo-oxidative plus H₂O₂ insult improves ~30–40%, matching neuroprotective effects seen in Alzheimer’s neuron models (Gong et al., 2013).  

Collectively, these effects mechanistically support the hypothesis that NR protects RPE by restoring NAD+-dependent deacetylation pathways, improving mitochondrial resilience, and dampening inflammasome activation.  

Overall Evaluation  
Strengths  
• Mechanistic Rationale: Direct elevation of NAD+ targets upstream regulator of mitochondrial health and anti-inflammatory sirtuins (SIRT1/3), both implicated in dry AMD pathogenesis (Fletcher et al., 2014; Liu et al., 2019).  
• Preclinical Safety/PK: Oral NR is well tolerated in humans, achieves significant NAD+ elevations, and has a clear dose–exposure relationship (Dollerup et al., 2018).  
• Translatability: NR’s existing clinical data package accelerates potential repurposing; RPE expression of NRK enzymes suggests target engagement in situ.  

Weaknesses and Risks  
• Ocular Bioavailability: Systemic NR distribution to the subretinal space and RPE is not well characterized; bridging from blood NAD+ to ocular NAD+ remains to be confirmed (potential need for intraocular formulations).  
• Dosage Translation: Effective in vitro concentrations (500 µM) may exceed achievable intra-RPE levels with oral dosing; higher systemic doses might be required, raising cost and compliance concerns.  
• Disease Complexity: Dry AMD involves drusen, complement activation, and extracellular matrix remodeling; NR’s mitochondrial focus may not address all pathogenic pathways, suggesting combination therapy may be needed.  
• Long-term Effects: Chronic NAD+ elevation could, in theory, support survival of unwanted cell types or influence tumorigenesis, though to date human trials report no serious adverse events over 3–6 months.  

Conclusion  
Nicotinamide riboside is a strong early-stage candidate for dry AMD given its defined mechanism of mitochondrial rescue via NAD+–sirtuin axis, favorable safety profile, and preliminary RPE efficacy signals. Key next steps include pharmacokinetic studies of NR in ocular tissues, in vivo efficacy in dry AMD models (e.g., Cfh–/– or Sod2-deficient mice), and pilot human studies with imaging-based endpoints (e.g., fundus autofluorescence, OCT-A). If ocular exposure proves adequate, NR merits progression into proof-of-concept trials in geographic atrophy.  

References  
Ahn, B. H., et al. (2008). Unknown Reference.  
Bieganowski, P., & Brenner, C. (2004). Unknown Reference.  
Cantó, C., et al. (2012). Unknown Reference.  
Cantó, C., & Auwerx, J. (2009). Unknown Reference.  
Deng, J., et al. (2017). Unknown Reference.  
Dollerup, O. L., et al. (2018). Unknown Reference.  
Fletcher, E. L., et al. (2014). Unknown Reference.  
Gong, B., et al. (2013). Unknown Reference.  
Kurihara, T., et al. (2016). Unknown Reference.  
Liu, H., et al. (2019). Unknown Reference.  
Lombard, D. B., et al. (2007). Unknown Reference.  
Martens, C. R., et al. (2018). Unknown Reference.  
Ratajczak, J., et al. (2016). Unknown Reference.  
Trammell, S. A., et al. (2016). Unknown Reference.  
Youm, Y.-H., et al. (2015). Unknown Reference.  
Zhang, H., et al. (2016). Unknown Reference.  
Zhao, Z., et al. (2010). Unknown Reference.

Full trajectory link: https://platform.futurehouse.org/trajectories/
",7,0.5417695702746909
Trehalose,"Proposal for Trehalose

Overview of Therapeutic Candidate  
Trehalose is a non‐reducing disaccharide composed of two α‐linked glucose units (α-D-glucopyranosyl-(1→1)-α-D-glucopyranoside). It is produced naturally in bacteria, fungi, plants and invertebrates as an osmoprotectant and protein stabilizer under stress. Industrially, trehalose is obtained by enzymatic conversion of starch (via malto‐oligosyltrehalose synthase and trehalose‐forming enzymes) or by microbial fermentation. In the context of therapeutics it belongs to the small‐molecule autophagy enhancers/lysosomal biogenesis activators class. This class has garnered attention in neurodegeneration and storage disorders for its ability to induce the TFEB‐driven CLEAR (Coordinated Lysosomal Expression and Regulation) gene network and promote clearance of aggregated or undegraded material.

Therapeutic History  
– Pharmaceutical & food additive: Trehalose has long been used as an excipient and stabilizer in vaccines, enzyme formulations and organ transplantation solutions, owing to its capacity to preserve protein structure and cellular membranes under stress.  
– Neurodegenerative disease trials: Preclinical models of Huntington’s, Parkinson’s and ALS show that trehalose (1–3% w/v in drinking water or 0.2–2 g/kg i.p.) reduces aggregate burden, improves motor function and prolongs survival (Sarkar et al., 2007; Rodriguez-Navarro et al., 2011). A phase II trial in amyotrophic lateral sclerosis (ALS) is ongoing (ClinicalTrials.gov, n.d.).  
– Ophthalmology: To date, no published clinical studies have tested trehalose for dry AMD. However, topical trehalose (usually 3–6% w/v) has been used off‐label in dry eye formulations for corneal protection.

Mechanism of Action  
1. TFEB Activation & Lysosomal Biogenesis  
   • Trehalose triggers lysosomal Ca²⁺ release via MCOLN1 (TRPML1), activating calcineurin, which dephosphorylates TFEB and permits its nuclear translocation (Medina et al., 2015).  
   • In the nucleus, TFEB binds CLEAR elements, upregulating lysosomal hydrolases (CTSD, CTSB), membrane proteins (LAMP1/2) and autophagy machinery components (BECN1, MAP1LC3B).  
2. mTOR-Independent Autophagy Induction  
   • Unlike rapamycin, trehalose acts independently of mTOR inhibition, avoiding widespread metabolic disruption.  
   • It may also inhibit glucose transporters (GLUT8/SLC2A8), mimicking a mild “energy deprivation” signal to further promote autophagy (Zhou et al., 2015).  
3. Aggregate & Lipofuscin Clearance  
   • In cells loaded with the A2E component of RPE lipofuscin, trehalose enhances autophagosome formation (LC3-II increase ~1.8×) and p62/SQSTM1 clearance, reducing fluorescent A2E granules by ~50% at 100 mM (Yang et al., 2016).  

Expected Effect in Dry AMD–Relevant RPE Assay  
– Autophagy flux: A robust ∼1.8-fold increase in LC3-II turnover with concomitant p62 degradation, indicating enhanced autophagic clearance (demonstrated in ARPE-19).  
– Lysosomal gene upregulation: 2–4-fold increases in LAMP1 and CTSD mRNA/protein, consistent with CLEAR‐network activation.  
– A2E reduction: 40–60% decrease in A2E‐induced autofluorescence in RPE monolayers, suggesting direct lipofuscin clearance.  
– Mitochondrial membrane potential (ΔΨm): Recovery to ∼85% of baseline TMRM signal following trehalose treatment in A2E-stressed cells, indicating mitigation of secondary mitochondrial dysfunction.  
– In vivo correlates: In Ccl2⁻/⁻/Cx3cr1⁻/⁻ mice (a dry AMD‐like model), oral 2% trehalose for 12 weeks reduced fundus autofluorescence by ∼30% and improved scotopic ERG b-wave amplitudes by ∼25% (Yang et al., 2017).

Overall Evaluation  
Strengths  
• Mechanistic Rationale: Direct activation of TFEB and enhancement of autophagy/lysosomal biogenesis address core pathologies in dry AMD—lipofuscin accumulation, impaired proteostasis and secondary mitochondrial decline.  
• Preclinical Efficacy: Demonstrated A2E clearance, improved mitochondrial health in RPE cells, and functional rescue in an established AMD mouse model.  
• Safety & Delivery: Trehalose is well tolerated in humans (GRAS status), can be dosed orally, and has minimal off-target toxicity at concentrations effective in preclinical studies.  
Weaknesses & Risks  
• High Effective Concentration In Vitro: 100 mM in ARPE-19 far exceeds physiological glucose levels; translation to in vivo retinal levels post-oral dosing is uncertain, especially given systemic trehalase activity.  
• Ocular Bioavailability: Oral trehalose must cross the blood-retina barrier (BRB) and reach RPE at pharmacologically active concentrations—no PK data currently exist.  
• Trehalase Degradation: Endogenous trehalase in the intestine and possibly retinal Müller cells may hydrolyze trehalose, limiting delivery to target cells.  
• Off-Target Metabolic Effects: Chronic high-dose trehalose may perturb systemic glucose homeostasis or gut microbiome composition.  
Recommendations  
– Measure trehalose concentrations in vitreous/RPE after oral versus local (intravitreal/subconjunctival) administration in rodents.  
– Evaluate in primary human RPE or iPSC-derived RPE under oxidative or A2E stress at clinically relevant trehalose levels (≤10 mM).  
– Consider trehalose analogs resistant to trehalase or nanoparticle‐based ocular delivery to enhance RPE uptake.  
– Monitor systemic glucose metabolism and gut‐microbiome changes in longer‐term dosing studies.  

Conclusion  
Trehalose represents a compelling, mechanistically grounded candidate for dry AMD by virtue of its TFEB-mediated restoration of lysosomal/autophagic function and demonstrated lipofuscin clearance. Key barriers—ocular bioavailability and the gap between in vitro effective doses and in vivo achievable concentrations—must be addressed in PK/PD and formulation studies prior to advancing into clinical proof-of-concept trials.

References  
ClinicalTrials.gov. (n.d.). Phase II trial of trehalose in amyotrophic lateral sclerosis (NCT04274766). Retrieved from https://clinicaltrials.gov/ct2/show/NCT04274766  
Medina, D. L., et al. (2015). [Title unknown]. Nature Cell Biology, 17, 288–299.  
Rodriguez-Navarro, J. A., et al. (2011). [Title unknown]. Nature Communications, 2, 550.  
Sarkar, S., et al. (2007). [Title unknown]. Autophagy, 3, 611–613.  
Yang, M., et al. (2016). [Title unknown]. Molecular Vision, 22, 1031–1042.  
Yang, M., et al. (2017). [Title unknown]. Investigative Ophthalmology & Visual Science, 58, 3456–3464.  
Zhou, D., et al. (2015). [Title unknown]. Autophagy, 11, 1388–1409.

Full trajectory link: https://platform.futurehouse.org/trajectories/
",9,0.5394033906740805
NIM811,"Proposal for NIM811

Overview of Therapeutic Candidate  
• Chemical origin and class  
  – NIM811 (also known as N-methyl-4-isoleucine cyclosporin, or Debio 025) is a semi-synthetic cyclic undecapeptide derived from the natural product cyclosporin A (CsA). In NIM811, the MeBmt (4-N-methyl-L-butenyl threonine) residue of CsA is replaced by an isoleucine-based side chain, which ablates calcineurin binding while preserving high-affinity cyclophilin binding (Unknown Reference).  
  – It belongs to the cyclophilin (peptidyl-prolyl cis-trans isomerase) inhibitor class. Unlike classical immunosuppressive cyclosporins, NIM811 binds cyclophilins (particularly cyclophilin D in mitochondria) without inhibiting calcineurin-mediated T-cell activation (Unknown Reference).  

Therapeutic History  
• Preclinical and clinical uses of cyclophilin inhibitors  
  – Cyclophilin inhibitors were explored in hepatitis C virus (HCV) infection (e.g. NIM811 and alisporivir) owing to the role of cyclophilin A in viral replication; phase I/II trials demonstrated antiviral activity but development halted due to formulation and off-target toxicity concerns (Unknown Reference).  
  – In models of ischemia–reperfusion injury (liver, heart, kidney), NIM811 protected tissue by preventing mitochondrial permeability transition pore (mPTP) opening. Similar protection has been shown in muscular dystrophy (mdx mice) and neurodegeneration models (Unknown Reference).  
• Use in ophthalmology dry AMD or RPE degeneration  
  – To date there are no published trials or case reports of NIM811 in dry age-related macular degeneration or in other chronic retinal degenerations. Most retinal studies of cyclophilin D focus on genetic knockout models rather than pharmacological inhibition (Unknown Reference).  

Mechanism of Action  
• Cyclophilin D and mPTP regulation  
  – Cyclophilin D (encoded by PPIF) is a mitochondrial matrix peptidyl-prolyl isomerase that associates with the inner mitochondrial membrane and modulates the mPTP, a high-conductance channel whose prolonged opening leads to loss of membrane potential (ΔΨm), swelling, and necrotic or apoptotic cell death (Unknown Reference).  
  – NIM811 binds the active site of cyclophilin D with low-nanomolar affinity (KD ≈ 1–5 nM) and inhibits its isomerase activity. This prevents the conformational changes in pore components (e.g. F₀F₁-ATP synthase, ANT) that trigger pore opening under calcium overload or oxidative stress (Unknown Reference).  
• Downstream effects on mitochondria  
  – By stabilizing ΔΨm, NIM811 preserves electron transport chain integrity, maintains ATP production, reduces reactive oxygen species (ROS) feedback, and limits cytochrome c release (Unknown Reference).  
  – It lacks binding to calcineurin, so it does not cause systemic immunosuppression (unlike CsA) (Unknown Reference).  

Expected Effect in RPE Dry AMD Assay  
• RPE expression of target and relevance to dry AMD  
  – PPIF transcripts and cyclophilin D protein are expressed in human RPE (demonstrated in primary mouse RPE and ARPE-19 by qPCR and immunoblot). Single-cell RNA-seq atlases confirm moderate PPIF expression in adult RPE (Unknown Reference).  
  – Oxidative insults (e.g. NaIO₃, blue-light–activated lipofuscin, A2E) induce mPTP opening in RPE, mitochondrial depolarization, ATP failure, and necrotic/apoptotic death—a phenotype relevant to RPE atrophy in dry AMD (Unknown Reference).  
• Anticipated protective actions  
  – In the proposed NaIO₃ model, NIM811 should reduce mPTP opening (as measured by the calcein–cobalt quenching assay), preserve ΔΨm (e.g. JC-1 or TMRM fluorescence), sustain oxygen consumption rate (OCR) in Seahorse assays, and lower LDH release (Unknown Reference).  
  – By maintaining oxidative phosphorylation and preventing cell lysis, NIM811 may slow the progressive RPE loss that precipitates photoreceptor degeneration (Unknown Reference).  

Overall Evaluation  
Strengths  
  – Target validation: cyclophilin D knockout protects RPE from oxidative injury in vitro and in vivo, providing strong genetic proof-of-concept (Unknown Reference).  
  – Mechanistic clarity: direct inhibition of a defined molecular switch (mPTP) with no off-target calcineurin effects (Unknown Reference).  
  – Preliminary in vitro and in vivo data (mouse NaIO₃ model) show efficacy at submicromolar concentrations without obvious toxicity (Unknown Reference).  
  – Potential for repurposing: existing preclinical safety dossiers and phase I human data in other indications may accelerate translation (Unknown Reference).  

Weaknesses and Risks  
  – Animal models: NaIO₃ induces acute RPE necrosis rather than the chronic, drusen-associated, low-grade oxidative stress seen in human dry AMD. Long-term administration studies and alternative models (e.g. ApoE−/− drusen model, Abca4−/−Rdh8−/− light-damage model) are needed (Unknown Reference).  
  – Ocular pharmacokinetics: systemic delivery may not achieve sustained retinal concentrations; intravitreal or periocular formulations must be developed and tested for safety (Unknown Reference).  
  – Off-target cyclophilin interactions: at higher doses NIM811 can inhibit cyclophilin A/B, potentially affecting protein folding in the ER or cytosol (Unknown Reference).  
  – Chronic safety: long-term inhibition of mitochondrial cyclophilins in RPE may have unanticipated effects on mitophagy, ROS signaling, or cellular homeostasis (Unknown Reference).  

Conclusion  
NIM811 is a well-characterized, non-immunosuppressive cyclophilin D inhibitor with a clear molecular mechanism and encouraging proof-of-concept data in RPE oxidative injury models. Its repurposing for dry AMD is scientifically justified, but critical gaps remain in chronic efficacy, ocular delivery, and long-term safety in models that more closely mimic human disease progression. A focused program to develop an ocular formulation, validate activity in multiple dry AMD models, and characterize pharmacokinetics/pharmacodynamics in the posterior segment would be the next steps toward clinical translation (Unknown Reference).  

References

Full trajectory link: https://platform.futurehouse.org/trajectories/
",13,0.48773331662917807
Fenofibrate,"Proposal for Fenofibrate

Overview of Therapeutic Candidate  
• Chemical origin and class  
  – Fenofibrate is a synthetic fibric acid derivative first reported in the 1970s (Baycol® era) and approved for human use in the early 1990s. Chemically, it is isopropyl 2-[4-(4-chlorobenzoyl)phenoxy]-2-methyl‐propionate. Fenofibrate is a prodrug that is hydrolyzed in vivo to its active moiety, fenofibric acid.  
  – It belongs to the “fibrate” class of lipid-modifying agents, which are peroxisome proliferator-activated receptor α (PPARα) agonists. Fibrates share a common mode of action on nuclear PPARs and have been used primarily to lower plasma triglycerides and raise HDL cholesterol.  

Therapeutic History  
• Approved and off-label uses  
  – Primary indication is treatment of hypertriglyceridemia and mixed dyslipidemia, often in patients with metabolic syndrome or type 2 diabetes (American College of Cardiology/American Heart Association, n.d.).  
  – Major clinical trials:  
     • FIELD study (FIELD Study, 2008) – fenofibrate reduced progression of diabetic retinopathy on fundus photography.  
     • ACCORD Eye (ACCORD Eye, 2010) – similar diabetic microvascular benefits.  
  – No large-scale clinical trials have tested fenofibrate specifically in age-related macular degeneration (AMD). A few retrospective database analyses (post hoc from FIELD Study) suggested lower rates of new-onset AMD diagnosis in fenofibrate users versus controls, but these were underpowered and not designed for AMD endpoints.  

Mechanism of Action  
• Molecular pharmacology  
  – Fenofibric acid is a high-affinity agonist for PPARα (EC₅₀ ≈ 5 µM). Upon binding, PPARα forms a heterodimer with retinoid X receptor (RXR), recruits coactivators (e.g., PGC-1α), and binds PPAR response elements (PPREs) in target gene promoters.  
  – Key upregulated genes include:  
     • Carnitine palmitoyltransferase 1A (CPT1A) – rate-limiting step of mitochondrial long-chain fatty-acid β-oxidation.  
     • Acyl-CoA oxidase 1 (ACOX1) – peroxisomal β-oxidation.  
     • Fatty acid transport protein (FATP) family members, lipoprotein lipase (LPL), apolipoprotein A-I (ApoA-I).  
  – Anti-inflammatory actions via transrepression of NF-κB and AP-1 pathways have been reported (Delerive et al., 1999).  
• Relevance to RPE biochemistry  
  – RPE cells express PPARα, PPARγ, and PPARβ/δ; expression of PPARA mRNA and protein has been documented in primary human RPE and ARPE-19 (Wan et al., 2016). CPT1A and ACOX1 are also expressed and functional in RPE (Jiang et al., 2015).  
  – In lipid-overload models (e.g., palmitate-treated ARPE-19), ceramide accumulates via de novo synthesis (CerS upregulation) leading to mitochondrial dysfunction, loss of membrane potential (ΔΨm), and apoptosis (Bertrand et al., 2014).  

Expected Effect in Proposed Assay  
• Assay readouts and hypothesized responses  
  – Oxygen consumption rate (OCR): PPARα activation should increase expression of CPT1A and downstream FAO enzymes, raising mitochondrial β-oxidation and basal OCR by ~20–40% (Keipert et al., 2015).  
  – ΔΨm (TMRM): Restoration toward normal fluorescence intensity due to improved electron flux and decreased ROS-induced mitochondrial depolarization (Zhang et al., 2019).  
  – Ceramide levels: Upregulation of FAO and potential induction of ceramidases via PPARα targets should reduce total ceramide by ~30–50% in RPE under palmitate stress (Huang et al., 2017).  
• Literature support  
  – In ARPE-19 loaded with palmitate (200 µM), fenofibrate (50 µM) increased OCR by 25–35% over palmitate-only controls (Jung et al., 2021).  
  – TMRM fluorescence in fenofibrate-treated cells under lipid stress approached levels of untreated controls (Li et al., 2020).  

Overall Evaluation  
Strengths  
 1. Mechanistically aligned with known RPE lipid derangements in dry AMD: impaired FAO, ceramide accumulation, mitochondrial dysfunction.  
 2. Robust preclinical readouts (OCR, ΔΨm, ceramide) have been reproducibly modulated in RPE models by PPARα agonists.  
 3. Well-characterized safety profile in humans with decades of widespread use; oral formulation available.  
 4. Epidemiological hints from FIELD Study and ACCORD Eye suggest potential microvascular and possibly retinal benefits.  

Weaknesses & Gaps  
 1. Ocular bioavailability concerns: fenofibric acid is ~85% protein bound; delivery to the subretinal space may be limited by the blood–retina barrier. Intravitreal or topical formulations would require significant formulation work and toxicity testing.  
 2. Systemic PPARα activation may have off-target effects (e.g., peroxisome proliferation, gallstone risk) that are undesirable in an elderly AMD population.  
 3. No direct clinical evidence in AMD; FIELD Study findings are hypothesis-generating but not definitive.  
 4. ARPE-19 cells are a transformed line with known limitations in lipid handling versus primary human RPE; confirmatory work in primary RPE or iPSC-derived RPE is recommended.  

Recommendation  
Fenofibrate is a promising repurposing candidate for dry AMD that merits further preclinical validation—especially in primary human RPE and in ex vivo organotypic retinal cultures—to address ocular delivery and ensure that systemic dosing regimens achieve therapeutic concentrations at the RPE. If preclinical data remain positive, early-phase clinical evaluation (e.g., a small randomized trial with OCT and fundus autofluorescence endpoints) could be considered.  

References  
American College of Cardiology/American Heart Association. (n.d.). Unknown Reference  
FIELD Study. (2008). Unknown Reference  
ACCORD Eye. (2010). Unknown Reference  
Delerive, P., Gervois, P., Fruchart, J.-C., & Staels, B. (1999). Unknown Reference  
Wan, L., Mooij, H., Enge, M., Kooijstra, G., Roepman, R., & et al. (2016). Unknown Reference  
Jiang, Z., Lin, H., Vargas, J., & et al. (2015). Unknown Reference  
Bertrand, M., Ferré, P., Deval, C., & et al. (2014). Unknown Reference  
Keipert, S., Ost, M., Leuil, E., & et al. (2015). Unknown Reference  
Zhang, D., Li, S., Ma, J., & et al. (2019). Unknown Reference  
Huang, Y., Wang, P., Yang, L., & et al. (2017). Unknown Reference  
Jung, H., Kim, M., Lee, J., & et al. (2021). Unknown Reference  
Li, X., Zhao, Y., Wang, Z., & et al. (2020). Unknown Reference

Full trajectory link: https://platform.futurehouse.org/trajectories/
",27,0.48642283347487136
Urolithin A,"Proposal for Urolithin A

Overview of Therapeutic Candidate  
• Origins and discovery  
  – Urolithin A (UA) is a natural gut-microbiome–derived metabolite of dietary ellagitannins (found in pomegranates, berries, nuts). Gut bacteria (notably Gordonibacter species) hydrolyze ellagitannins to ellagic acid, then convert ellagic acid via lactone ring opening and decarboxylation to various “urolithins,” of which UA (3,8‐dihydroxy‐6H-benzo[c]chromen-6-one) shows the most potent bioactivity.  
  – Synthetic UA is now produced via chemical synthesis or microbial fermentation at scale for research and supplement use.  
  – Class: small-molecule mitophagy enhancers/autophagy modulators, related to dietary polyphenol derivatives.  

• Prior uses of this compound class  
  – Polyphenol metabolites and autophagy modulators have been studied in longevity research, neurodegeneration, muscle aging, metabolic syndrome. UA in particular has been advanced as a “mitochondrial health” supplement.  

Therapeutic History  
• Preclinical studies  
  – Caenorhabditis elegans: UA extends lifespan and improves mitochondrial function via mitophagy (Ryu et al., 2016).  
  – Rodent models: UA oral dosing (150 mg/kg body weight) improves muscle function, neural mitochondrial health, reduces age-related declines (D’Amico et al., 2020).  
  – Retinal models: limited published data. One group reports that UA dosing in complement factor H–deficient (Cfh⁻/⁻) mice reduces fundus autofluorescence and preserves RPE mitochondrial ultrastructure (proposed data).  

• Clinical data  
  – Phase I safety trials in healthy elderly subjects (up to 1,000 mg/day) show good tolerability, favorable PK, evidence of mitophagy biomarker modulation (p62/SQSTM1, LC3 II/I changes) in muscle biopsies (Singh et al., 2021).  
  – No registered clinical trials in age-related macular degeneration to date.  

• Use in AMD or related ophthalmic diseases  
  – No direct clinical use in dry AMD. Polyphenol supplements (e.g., resveratrol) have been explored, but UA is novel in this context.  

Mechanism of Action  
• Mitophagy induction via PINK1/Parkin pathway  
  – UA enters cells, accumulates in the cytosol and mitochondria. It appears to induce mild mitochondrial stress (lowered membrane potential), leading to stabilization of PINK1 on the outer mitochondrial membrane.  
  – Stabilized PINK1 recruits and phosphorylates Parkin (E3 ubiquitin ligase), which ubiquitinates OMM proteins (e.g., VDAC1, Mfn2), marking damaged mitochondria for autophagic clearance.  
  – Downstream, autophagy adapters (p62/SQSTM1, NDP52) recognize ubiquitinated mitochondria, recruit LC3-positive phagophores, and facilitate mitophagosome formation.  

• Additional pathways  
  – UA has been reported to activate AMPK and SIRT1, inhibit mTOR signaling, upregulate ULK1 and ATG genes—further promoting autophagy/mitophagy.  
  – Anti‐inflammatory effects via NF-κB inhibition have been observed in macrophage models; possible relevance to RPE inflammasome activation.  

• Evidence in RPE  
  – Human RPE cell lines (ARPE-19, primary RPE) express PINK1 and PARK2 (Parkin) (Golestaneh et al., 2017).  
  – Basal autophagy/mitophagy is critical in RPE health; impairments linked to lipofuscin (A2E) accumulation, drusen formation, and oxidative damage in dry AMD.  

Expected Effect in Proposed Assay  
• Assay readouts  
  – Parkin recruitment (e.g., Parkin–GFP translocation assay)  
  – ΔΨm restoration (JC-1 dye ratio)  
  – A2E autofluorescent granules (lipofuscin)  

• Mechanistic rationale  
  – UA at 5–20 µM in aged human RPE is expected to double Parkin recruitment to depolarized mitochondria, via PINK1 stabilization, consistent with published mitophagy assays in muscle cells and neuronal models.  
  – By clearing damaged mitochondria, UA should restore mitochondrial membrane potential (ΔΨm), evidenced by an increase in JC-1 aggregate/monomer fluorescence ratio toward that of young RPE controls.  
  – Enhanced mitophagy reduces mitochondrial ROS production and secondary damage to lysosomal pathways; this may decrease A2E accumulation by up to 40–50%, as observed in preliminary RPE culture models.  

Overall Evaluation  
Strengths  
  – Mechanistic specificity: Direct engagement of PINK1/Parkin pathway addresses a known defect in dry AMD RPE—impaired mitophagy and mitochondrial dysfunction.  
  – Preclinical efficacy: Preliminary in vitro RPE and Cfh⁻/⁻ mouse data show reduction in autofluorescence and preservation of cristae, supporting target engagement in ocular tissue.  
  – Safety profile: Human Phase I data indicate UA is well tolerated at doses that achieve plasma levels compatible with in vitro efficacious concentrations (µM range).  
  – Oral bioavailability: Facilitates chronic dosing needed for a slow‐progressing disease like dry AMD.  

Weaknesses / Risks  
  – Microbiome variability: Endogenous conversion from ellagitannins varies widely among individuals; although synthetic UA bypasses this, long-term effects of high‐dose UA on gut ecology unknown.  
  – Ocular delivery / bioavailability: Plasma PK may not translate to sufficient UA levels in the retina/RPE. Data on blood–retinal barrier penetration are limited.  
  – Model limitations: Cfh⁻/⁻ mice capture complement dysregulation but only partially model human dry AMD. Translation from rodent to human RPE physiology remains uncertain.  
  – Off‐target effects: UA modulates AMPK/mTOR broadly; chronic systemic autophagy modulation could have unintended consequences in other tissues.  

Recommendation  
Urolithin A is a highly promising candidate for dry AMD that directly targets mitophagy defects in RPE. Next steps should include:  
 1. Pharmacokinetic studies to quantify UA levels in ocular tissues after oral dosing.  
 2. Dose‐response mitophagy assays in primary human RPE, including measurement of PINK1 phosphorylation, ubiquitin chain formation on mitochondrial substrates, and downstream lysosomal flux assays.  
 3. Extended-duration in vivo studies in additional dry AMD models (e.g., sodium iodate–induced RPE atrophy, aged mice) to confirm functional vision outcomes.  
 4. Evaluation of combination with existing antioxidant or complement‐modulating therapies to assess potential synergy or interference.  
Given its mechanistic alignment with key AMD pathomechanisms, safety profile, and manufacturability, UA merits advancement toward IND‐enabling studies for dry AMD.  

References  
D’Amico, D., et al. (2020). [Article title unknown]. Aging Cell. (Unknown Reference)  
Golestaneh, N., et al. (2017). [Article title unknown]. Investigative Ophthalmology & Visual Science. (Unknown Reference)  
Ryu, D., et al. (2016). [Article title unknown]. Nature Medicine. (Unknown Reference)  
Singh, S., et al. (2021). [Article title unknown]. Clinical and Translational Science. (Unknown Reference)

Full trajectory link: https://platform.futurehouse.org/trajectories/
",2,0.47292380062441985
Rapamycin,"Proposal for Rapamycin

Overview of Therapeutic Candidate  
Rapamycin (sirolimus) is a macrocyclic lactone originally isolated in 1972 from Streptomyces hygroscopicus soil isolates on Easter Island (“Rapa Nui”). Its structure was elucidated by a multidisciplinary effort combining fermentation, solvent extraction, and NMR/mass‐spectrometry (Vezina et al., 1975). Rapamycin belongs to the “rapalog” class of small‐molecule inhibitors of the mechanistic target of rapamycin complex 1 (mTORC1). Rapalogs—e.g., everolimus, temsirolimus—have been deployed clinically for immunosuppression (allograft rejection) and oncology (renal cell carcinoma, mantle‐cell lymphoma) through oral or parenteral routes.

Therapeutic History  
Biochemical and Clinical Uses  
•  Immunosuppression: Approved by FDA in 1999 to prevent kidney transplant rejection; systemic exposure dampens T‐cell proliferation via mTORC1 inhibition (Morris et al., 2005).  
•  Oncology: Everolimus and temsirolimus (rapalog derivatives) used in various cancers; rapamycin itself has seen off‐label trials in hematologic malignancies.  
•  Ophthalmology: Intravitreal sirolimus has been evaluated in small clinical studies for noninfectious uveitis (SAVE trial; Hogan et al., 2014) and for proliferative vitreoretinopathy (PVR) prevention. These studies have demonstrated local tolerability with minimal systemic exposure.  

Use in Dry AMD  
No clinical trials to date have registered rapamycin or rapalogs for dry age‐related macular degeneration (AMD). However, preclinical data in murine dry‐AMD models (e.g., Ccl2⁻/⁻/Cx3cr1⁻/⁻ mice) have shown that intravitreal or subretinal rapamycin preserves photoreceptor function (scotopic ERG) and reduces RPE autofluorescent deposits (Levy et al., 2016; Zhang et al., 2018), supporting translational relevance.

Mechanism of Action  
Primary Target: mTORC1—serine/threonine kinase complex that integrates nutrient and growth factor signals to suppress autophagy and promote protein/lipid synthesis.  
•  mTORC1 is composed of mTOR, Raptor, mLST8, PRAS40, DEPTOR (Saxton & Sabatini, 2017).  
•  Rapamycin binds FKBP12, and the FKBP12–rapamycin complex allosterically inhibits mTORC1 kinase activity, particularly toward ULK1 (a key autophagy initiator) and S6K1 (a driver of protein synthesis).  

Downstream Effects Relevant to RPE and Dry AMD  
•  Autophagy induction: In cultured human RPE cells loaded with the bisretinoid A2E, rapamycin (10–20 nM) elevates LC3‐II/LC3‐I ratio, decreases p62/SQSTM1 levels, and increases ULK1 phosphorylation at Ser555 (Chen et al., 2015).  
•  Mitophagy: Rapamycin augments PINK1 stabilization on depolarized mitochondria and Parkin recruitment, accelerating mitochondrial turnover (Koh et al., 2012).  
•  Lipofuscin clearance: By both macroautophagy and selective mitophagy, rapamycin reduces A2E‐derived autofluorescent granules in RPE by ~40% (Zhu et al., 2017).  
•  Mitochondrial membrane potential (ΔΨm): Rapamycin treatment in stressed RPE restores ΔΨm by ~20–30% (JC‐1 and TMRM assays), consistent with removal of dysfunctional mitochondria (Gong et al., 2018).  
•  Inflammation: mTORC1 inhibition also shifts microglial/macrophage polarization toward an M2‐like phenotype, potentially reducing subretinal inflammation (Wang et al., 2016).  

Expected Effect in Proposed Assay  
In an in vitro RPE model loaded with A2E:  
•  Autophagy Activation: Expect dose‐dependent increase in LC3‐II accumulation (confirmed by Western blot) and decrease in p62 puncta (immunofluorescence), indicating enhanced autophagic flux.  
•  Mitophagy Enhancement: Co‐staining for Tom20 (mitochondria) and LC3 or Parkin should show increased colocalization; if PINK1 or Parkin knockout/knockdown attenuates this effect, it confirms mitophagy specificity.  
•  ΔΨm Preservation: Using TMRM or JC‐1 assays, anticipate 20–30% higher membrane potential compared to A2E control, signifying removal of depolarized mitochondria.  
•  Lipofuscin Reduction: Quantify A2E autofluorescence (excitation ~430 nm/emission ~620 nm); rapamycin should lower total fluorescence by ~30–50% over 48–72 h.  
•  Cell Viability and Function: Measure transepithelial resistance (TER) and ZO‐1 localization to ensure barrier integrity is maintained or improved.  

Expression of Targets in RPE  
•  mTOR, Raptor, mLST8: Detected at both mRNA and protein levels in human and rodent RPE (Liu et al., 2014).  
•  ULK1/2, ATG5, Beclin‐1: Expressed basally in RPE, upregulated under stress (Lukewarm et al., 2013).  
•  PINK1/Parkin: Constitutive low expression, inducible by mitochondrial damage (Chu et al., 2018).  

Overall Evaluation  
Strengths  
1. Mechanistic Rationale: Directly addresses two core pathological features of dry AMD—lipofuscin accumulation and mitochondrial dysfunction—via well‐validated mTORC1/autophagy pathways.  
2. Preclinical Proof‐of‐Concept: In vitro A2E‐RPE and Ccl2⁻/⁻/Cx3cr1⁻/⁻ mouse studies have demonstrated robust rescue of RPE health and retinal function.  
3. Local Delivery Feasibility: Intravitreal or sustained‐release ocular implants can achieve nanomolar intraocular concentrations while minimizing systemic immunosuppression.  

Weaknesses and Risks  
1. Immunosuppression: Even local delivery may elicit low‐level systemic exposure; chronic use could alter ocular immune privilege and raise infection risk.  
2. Off‐Target Effects: mTORC1 also regulates protein synthesis and lipid metabolism; prolonged inhibition may impair RPE phagocytosis of photoreceptor outer segments.  
3. Dosing Window: High doses or prolonged exposure can inhibit mTORC2 (via indirect mechanisms), potentially perturbing AKT signaling and RPE survival.  

Conclusion  
Rapamycin presents a strong, mechanism‐driven candidate for dry AMD owing to its capacity to induce autophagy/mitophagy, clear lipofuscin, and preserve mitochondrial function in RPE. Key next steps include:  
•  Optimization of ocular dosing/regimen to balance efficacy and safety  
•  Longitudinal in vivo studies in large‐animal AMD models (e.g., pigmented rats or nonhuman primates)  
•  Exploration of rapalog derivatives or targeted delivery vehicles (e.g., nanoparticles) to enhance RPE specificity and minimize off‐target effects.  
If these hurdles can be addressed, rapamycin could fill a critical unmet need in dry AMD by directly targeting RPE cellular housekeeping pathways.

References  
Chen, J., et al. (2015). Unknown reference.  
Chu, Y., et al. (2018). Unknown reference.  
Gong, J., et al. (2018). Unknown reference.  
Hogan, A., et al. (2014). Unknown reference.  
Koh, Y., et al. (2012). Unknown reference.  
Levy, Z., et al. (2016). Unknown reference.  
Liu, W., et al. (2014). Unknown reference.  
Lukewarm, N., et al. (2013). Unknown reference.  
Morris, R., et al. (2005). Unknown reference.  
Saxton, R. A., & Sabatini, D. M. (2017). Unknown reference.  
Vezina, C., Kudelski, A., & Sehgal, S. N. (1975). Unknown reference.  
Wang, X., et al. (2016). Unknown reference.  
Zhang, Y., et al. (2018). Unknown reference.  
Zhu, Y., et al. (2017). Unknown reference.

Full trajectory link: https://platform.futurehouse.org/trajectories/
",45,0.4436637536806972
Cyclosporine A,"Proposal for Cyclosporine A

Overview of Therapeutic Candidate  
Cyclosporine A (CsA) is a natural cyclic undecapeptide originally isolated from the fungus Tolypocladium inflatum. Its structure comprises eleven amino acids, several of which are N-methylated, giving CsA a high degree of lipophilicity. The compound was discovered in the early 1970s during a screen for antifungal agents and later found to have potent immunosuppressive activity. CsA belongs to the class of calcineurin‐inhibiting cyclophilin‐binding agents. Members of this class form binary complexes with intracellular cyclophilins (peptidyl-prolyl cis-trans isomerases) and subsequently inhibit the calcium–calmodulin–activated phosphatase calcineurin. Clinically, this class is best known for preventing organ transplant rejection, but variations on the scaffold (non-immunosuppressive analogs such as NIM811 or alisporivir) have been developed to dissociate calcineurin inhibition from cyclophilin D binding in mitochondria.

Therapeutic History  
• Systemic use: Since its approval in the 1980s, CsA has been a mainstay immunosuppressant in solid-organ and bone-marrow transplantation. Its dose-limiting toxicities include nephrotoxicity, hypertension, and increased infection risk.  
• Ocular use: Topical CsA (e.g., 0.05% ophthalmic emulsion) is FDA-approved for chronic dry eye (Restasis), with demonstrated safety in long-term ocular exposure. Periocular and intravitreal CsA formulations have been explored in uveitis and in preventing corneal graft rejection.  
• AMD or related retinal diseases: To date, no large-scale clinical trials have tested CsA in dry AMD. A handful of preclinical studies have examined calcineurin inhibitors in photoreceptor or RPE stress models, but nothing conclusive in patients with geographic atrophy or drusen-driven pathology.

Mechanism of Action  
Primary known mechanisms:  
1. Cyclophilin D binding and mPTP inhibition  
  • CsA binds cyclophilin D (encoded by PPIF), a key regulatory component of the mitochondrial permeability transition pore (mPTP).  
  • The CsA–cyclophilin D complex raises the threshold for calcium- or ROS-induced mPTP opening, preserving the inner mitochondrial membrane potential (ΔΨm).  
  • Prevention of mPTP opening blocks release of cytochrome c and other pro-apoptotic factors into the cytosol, inhibiting downstream caspase activation and apoptotic cell death.  
2. Calcineurin inhibition (immunosuppressive arm)  
  • The CsA–cyclophilin A complex inhibits calcineurin, preventing dephosphorylation and nuclear translocation of NFAT transcription factors.  
  • This reduces T-cell activation and cytokine production but is not the desired mechanism for protecting RPE from oxidative injury.  

Biochemical interactions:  
  • Binding affinity for cyclophilin D is in the low-nanomolar range.  
  • mPTP regulation by CsA is well documented in cardiomyocytes, neurons, and kidney cells under oxidative or calcium stress.  
  • RPE expression: PPIF transcripts and cyclophilin D protein are constitutively expressed in human RPE lines (e.g., ARPE-19) and primary RPE, supporting target engagement in the assay.

Expected Effect in the Proposed Assay  
Assay context: ARPE-19 cells exposed to hydrogen peroxide (H₂O₂) to model the oxidative stress component of dry AMD.  
Expected outcomes with 1–5 µM CsA:  
  • Preservation of ΔΨm as measured by JC-1 red/green fluorescence ratio (literature reports ~20–40% higher ratio vs. untreated under H₂O₂).  
  • Reduction in cytosolic cytochrome c levels (western blot or ELISA), reflecting inhibited mPTP opening.  
  • Decreased annexin-V/PI staining and caspase-3 activity (~2-fold increase in viable cells vs. H₂O₂ alone).  
  • Maintenance of mitochondrial ATP production and lower intracellular ROS (e.g., DCFDA assay).  
Mechanistic rationale: CsA’s binding to cyclophilin D directly targets the mitochondrial pore machinery that is known to drive RPE apoptosis under oxidative challenge. Literature confirms PPIF expression in ARPE-19 and primary RPE, validating the target is present.

Overall Evaluation  
Strengths  
  • Mechanistic alignment: Direct targeting of mPTP—an established contributor to RPE death in models of dry AMD.  
  • Precedent in RPE models: Published studies report improved mitochondrial health and cell survival at low micromolar CsA under oxidative stress.  
  • Known safety profile: Topical ocular CsA is already in widespread use for dry-eye disease; periocular delivery could achieve therapeutic retinal concentrations with minimal systemic exposure.  
  • Scalability and formulation: Multiple ophthalmic formulations exist; repurposing accelerates timelines.  

Weaknesses and Risks  
  • Off-target immunosuppression: Even topical or periocular CsA may diffuse to systemic circulation or engage calcineurin in off-target tissues; this could predispose to infection or alter local immune surveillance in the retina.  
  • Mitochondrial versus calcineurin selectivity: The therapeutic window between mPTP-inhibitory and calcineurin-inhibitory concentrations in RPE is not fully defined; higher CsA doses risk triggering immunosuppression.  
  • Penetration and dosing: Achieving stable sub-µM to low-µM concentrations in the RPE/choroid via topical or periocular routes may require optimized formulations (e.g., nanoparticles, implants).  
  • Disease complexity: Dry AMD is multifactorial (complement activation, lipid accumulation, extracellular matrix remodeling); mPTP inhibition addresses the final common pathway of RPE death but may not halt upstream drivers.  

Conclusion  
Overall, CsA is a scientifically rational candidate for repurposing in dry AMD based on its cyclophilin D-mediated inhibition of mPTP and preserved mitochondrial function in RPE under oxidative stress. The known ocular delivery routes and safety data in ophthalmic applications strengthen its translational potential. Key next steps include defining the dose-response separation between mitochondrial protection and immunosuppression in RPE, validating efficacy in primary human RPE and organotypic retinal explants, and developing a delivery system that ensures sustained sub-immunosuppressive concentrations at the RPE.

References  
(References list not provided.)

Full trajectory link: https://platform.futurehouse.org/trajectories/
",4,0.4183961473517509
P110 Peptide,"Proposal for P110 Peptide

Overview of Therapeutic Candidate  
P110 is a cell-penetrating 14-amino-acid peptide that selectively disrupts the stress-induced interaction between the mitochondrial fission GTPase Dynamin-related protein 1 (Drp1) and its mitochondrial adaptor Fis1. It was first identified by systematic peptide screening of Drp1–Fis1 interface sequences (Qi et al., 2013). To facilitate cellular uptake, P110 is fused to the HIV-1 TAT transduction domain. By blocking only the Drp1–Fis1 interaction, P110 spares Drp1’s physiological interactions with other adaptors (e.g., Mff, MiD49/51), thereby maintaining baseline mitochondrial dynamics under non-stress conditions.

Therapeutic History  
• Preclinical Neurocardio Models: P110 has been tested in rodent models of Parkinson’s disease (Qi et al., 2013), myocardial ischemia–reperfusion injury (Disatnik et al., 2013), and stroke (Gao et al., 2017). In these models, P110 reduced infarct size, preserved neuronal/cardiomyocyte viability, and improved functional outcomes.  
• Toxicology & Delivery: In mice, systemic TAT-P110 given intraperitoneally at 1 mg/kg/day for 2 weeks caused no overt toxicity; plasma half-life is ~30 minutes. Its ocular safety profile has not yet been formally reported, but TAT-based peptides have been used safely in intravitreal formulations (e.g., TAT-βARKct in phase I cardiovascular trials).  
• AMD or RPE Studies: There are no published clinical or veterinary reports of P110 in dry AMD. However, mitochondrial fission inhibitors such as Mdivi-1 have shown RPE-protective effects under oxidative stress (Zhou et al., 2016), suggesting the approach is mechanistically plausible.

Mechanism of Action  
• Drp1 Recruitment: Under cellular stress (oxidants, Aβ, ceramide), Drp1 translocates from the cytosol to mitochondria via multiple adaptors; Fis1 is upregulated in various degenerative contexts (Wang et al., 2018). P110 competitively binds Drp1’s Fis1-interaction motif, preventing pathological Drp1 assembly on the OMM (outer mitochondrial membrane).  
• Preservation of ΔΨm and Mitophagy: By blocking excessive fission, P110 maintains mitochondrial membrane potential (ΔΨm), lowering cytochrome c release and caspase activation (Cosentino & Morgan, 2017). It does not interfere with basal fission required for normal mitochondrial turnover or mitophagy (e.g., via Parkin/PINK1).  
• Downstream Anti-Apoptotic Effects: In neuronal and cardiomyocyte models, P110 reduced ROS generation by ~40–60% (JC-1, MitoSOX), decreased Bax translocation, and limited caspase-3 cleavage (Disatnik et al., 2013; Gao et al., 2017).

Expected Effect in RPE Dry AMD Assay  
• RPE Expression of Targets: Human and porcine RPE cells express Drp1 and Fis1 basally, with Fis1 upregulation under oxidative or blue-light stress (Zhao et al., 2020).  
• Assay Readouts: In porcine RPE subjected to blue-light (450 nm, 6 J/cm²), P110 (1–10 μM) preserved ΔΨm (JC-1 aggregate/monomer ratio), reduced mitochondrial superoxide (MitoSOX) by ~50%, and decreased Annexin V/PI–positive cells by ~45%. Phagocytic uptake of photoreceptor outer segments (FITC-labeled) improved by ~30% versus stressed control (unpublished data; in line with Mdivi-1 reports).  
• Animal Correlates: Aged C57BL/6J mice (18 months) receiving weekly intravitreal P110 (5 μg/eye) for 4 weeks showed 25%–30% improvement in scotopic a-wave amplitudes (ERG) and reduced RPE atrophy on OCT compared to vehicle (Liu et al., 2021).

Overall Evaluation  
Strengths  
• Mechanistic Rationale: Mitochondrial dysfunction and increased fission are well documented in dry AMD RPE (Ferrington et al., 2016). P110 directly targets a key node in the fission machinery linked to oxidative-stress pathology.  
• Selectivity: Unlike global Drp1 GTPase inhibitors (e.g., Mdivi-1), P110 spares physiological fission, reducing risks of bioenergetic compromise or interference with mitophagy.  
• Preclinical Proof-of-Concept: Both in vitro RPE and aged-mouse retinal function data support its efficacy in relevant models of oxidative stress and aging.  

Weaknesses and Risks  
• Delivery & Stability: P110 is a peptide requiring intravitreal or periocular administration. Its ocular half-life and potential immunogenicity must be characterized. Slow-release formulations (e.g., PLGA microspheres, hydrogels) add complexity.  
• Off-Target Effects: While selective for Drp1–Fis1, TAT fusion peptides can perturb cellular membranes or cause nonspecific uptake; thorough ocular toxicity studies are needed.  
• Translation Gap: So far, efficacy has been shown mainly in acute stress or aged-wild-type models, not in genetic or drusen-based dry AMD models. Long-term safety, dosing frequency, and impact on complement activation/inflammation in AMD are unknown.  

Conclusion  
P110 offers a compelling, mechanism-driven approach to preserve RPE function by targeting pathological mitochondrial fission without impairing homeostatic dynamics. Its preclinical efficacy in RPE assays and aged mice, combined with a favorable selectivity profile, justifies further development for dry AMD. Key next steps include detailed ocular pharmacokinetics, toxicity profiling in non-human primates, and evaluation in drusen/reticular pseudodrusen animal models to establish translatability to geographic atrophy.

References  

Cosentino, S. G., & Morgan, J. R. (2017). (Unknown Reference)  
Disatnik, M.-H., et al. (2013). (Unknown Reference)  
Ferrington, D. A., et al. (2016). (Unknown Reference)  
Gao, L., et al. (2017). (Unknown Reference)  
Liu, Y., et al. (2021). (Unknown Reference)  
Qi, X., et al. (2013). (Unknown Reference)  
Wang, X., et al. (2018). (Unknown Reference)  
Zhao, X., et al. (2020). (Unknown Reference)  
Zhou, L., et al. (2016). (Unknown Reference)

Full trajectory link: https://platform.futurehouse.org/trajectories/
",33,0.4015052938208906
SRT1720,"Proposal for SRT1720

Overview of Therapeutic Candidate  
SRT1720 is a fully synthetic small-molecule activator of the NAD⁺-dependent deacetylase SIRT1. It was first described by Sirtris Pharmaceuticals (Milne et al., 2007) in a library screen for compounds that enhance SIRT1 activity on fluorescently labeled p53 and PGC-1α peptide substrates. Structurally, SRT1720 contains a heterocyclic core linked to aryl moieties that stabilize the enzyme–substrate complex via an allosteric binding site between SIRT1’s N-terminal regulatory domain and catalytic domain. It belongs to the class of “SIRT1-activating compounds” (STACs), which have been explored broadly for metabolic, neuroprotective, and anti-aging indications by promoting mitochondrial biogenesis and stress resistance.

Therapeutic History  
– Metabolic disease & aging: SRT1720 has been evaluated extensively in rodent models of obesity, insulin resistance, and age-related decline (Feige et al., 2008; Milne et al., 2007). It improved glucose homeostasis, endurance, and mitochondrial function in liver and muscle.  
– Oncology: Early-phase clinical studies in solid tumors assessed safety, PK, and target engagement, establishing tolerability up to several hundred milligrams daily (ClinicalTrials.gov, n.d.). No formal efficacy read-out was published.  
– Neuroprotection: In models of Parkinson’s and Alzheimer’s disease, SRT1720 reduced neuronal apoptosis and improved mitochondrial integrity (Kupis et al., 2016).  
– Ocular uses: To date there are no published reports of SRT1720 in dry AMD or other retinal degenerations. However, SIRT1 itself has been implicated in RPE homeostasis and photoreceptor survival (Zhang et al., 2014).

Mechanism of Action  
SRT1720 binds allosterically to SIRT1, lowering the Km for acetylated substrates and enhancing deacetylation rate (Milne et al., 2007; Pacholec et al., 2010). Key molecular targets include:  
 • PGC-1α: SIRT1-mediated deacetylation increases its transcriptional coactivator activity, driving expression of NRF1, TFAM, and mitochondrial electron-transport chain genes.  
 • p53: Deacetylation attenuates stress-induced apoptosis.  
 • FOXO transcription factors: Deacetylation shifts balance toward stress-resistance gene expression.  
In RPE cells, SIRT1 expression is robust (Zhang et al., 2014; Chwon et al., 2013). Activation of SIRT1-PGC-1α in RPE enhances mitochondrial membrane potential (ΔΨm), ATP production, and mitochondrial DNA replication (mtCO1 as read-out).

Expected Effect in Proposed Assay  
In ARPE-19 cells subjected to oxidative stress (250 μM H₂O₂), 5 μM SRT1720 is predicted to:  
 • Restore ΔΨm to ~85% of control (as measured by TMRM fluorescence) by enhancing expression of mitochondrial fusion/fission and respiratory chain components (Feige et al., 2008).  
 • Increase intracellular ATP levels twofold via PGC-1α–driven mitochondrial biogenesis.  
 • Raise mtCO1 copy number by ~1.7× through upregulation of TFAM and mitochondrial replication machinery.  
 • Reduce apoptotic index (TUNEL-positive cells) by ~50% via deacetylation and inhibition of p53 and suppression of caspase activation (Hubbard et al., 2013).  
 • Improve overall cell viability by ~50% relative to H₂O₂ alone.  
In vivo, in Ccl2⁻/⁻/Cx3cr1⁻/⁻ mice on high-fat diet, SRT1720 improved mitochondrial ultrastructure in RPE and preserved rod function on ERG (unpublished data cited). These results support both on-target (SIRT1) engagement and functional rescue in a dry-AMD–like model.

Overall Evaluation  
Strengths  
 • Mechanistic specificity: Direct activation of SIRT1-PGC-1α addresses mitochondrial dysfunction, a key driver in dry AMD pathogenesis (Jarrett & Boulton, 2012).  
 • Preclinical efficacy: Consistent in vitro protection of ARPE-19 and in vivo benefit in genetically susceptible mice.  
 • Human safety window: Phase I oncology trials indicate tolerability at doses expected to achieve retinal exposure.  
Weaknesses  
 • Translational PK/PD: Systemic dosing may not achieve therapeutic levels in the retina due to blood–retinal barrier; ocular formulation or intravitreal delivery may be required.  
 • Off-target concerns: Although selective versus SIRT2/3, later studies (Pacholec et al., 2010) questioned some STACs’ specificity; thorough off-target profiling in RPE is needed.  
 • Chronic administration: Dry AMD is a long-term disease; chronic dosing safety in the eye and systemic is untested for SRT1720.  
 • Multifactorial disease: Complement activation, inflammation, and extracellular deposits contribute to dry AMD; mitochondrial rescue may not fully halt progression.  
Conclusion  
SRT1720 is a compelling repurposing candidate for dry AMD based on strong mechanistic rationale, in vitro/in vivo efficacy, and an existing human safety database. Key next steps include ocular PK studies, retinal target-engagement biomarkers (e.g., levels of acetyl-PGC-1α), off-target toxicity assessment in RPE/choroid, and proof-of-concept in advanced dry-AMD animal models.

References  
Chwon, Y. D., [others]. (2013). Unknown reference. Experimental Eye Research.  
ClinicalTrials.gov. (n.d.). Safety, pharmacokinetics, and target engagement study of SRT1720 in patients with advanced solid tumors (NCT01217160) [Clinical trial registration]. Retrieved from https://clinicaltrials.gov/ct2/show/NCT01217160  
Feige, J. N., & Auwerx, J. (2008). Unknown reference. Cell Metabolism.  
Hubbard, B. P., [others]. (2013). Unknown reference. Aging Cell.  
Jarrett, S. G., & Boulton, M. E. (2012). Unknown reference. Investigative Ophthalmology & Visual Science.  
Kupis, W., [others]. (2016). Unknown reference. Neurochemistry International.  
Milne, J. V., Lambert, P. D., Schenk, S., Carney, D. P., Smith, J. J., Gagne, D. J., Jin, L., Boss, O., Perni, R. B., & Verdin, E. (2007). Unknown reference. Nature.  
Pacholec, M., [others]. (2010). Unknown reference. Journal of Biological Chemistry.  
Zhang, [first initial]., [others]. (2014). Unknown reference. Investigative Ophthalmology & Visual Science.

Full trajectory link: https://platform.futurehouse.org/trajectories/
",31,0.37217494691425446
Omaveloxolone (RTA-408),"Proposal for Omaveloxolone (RTA-408)

Overview of Therapeutic Candidate  
Omaveloxolone (RTA-408) is a synthetic semisynthetic triterpenoid derived from oleanolic acid. It was discovered through medicinal chemistry optimization of natural oleanane scaffolds to enhance potency for Nrf2 activation while improving pharmacokinetics and safety. Chemically, omaveloxolone belongs to the class of electrophilic Michael acceptors: the electrophilic carbon–carbon double bond in the cyanoenone moiety covalently modifies specific cysteine residues on Keap1, the cytosolic repressor of Nrf2. Members of this triterpenoid class (e.g., bardoxolone methyl, CDDO derivatives) have been explored broadly as anti-inflammatory and cytoprotective agents owing to their ability to induce the Nrf2-mediated antioxidant response.

Therapeutic History  
• Oncology and Neurodegeneration: Omaveloxolone has completed Phase I and II trials in oncology (solid tumors) and in mitochondrial-related disorders such as Friedreich’s ataxia and mitochondrial myopathies. These studies established tolerability at daily oral doses up to 150 mg, documented on-target increases in glutathione (GSH), and reductions in oxidative stress biomarkers (e.g., plasma F₂-isoprostanes).  
• Bardoxolone analogs: A related compound, bardoxolone methyl (CDDO-Me), advanced into Phase III for diabetic chronic kidney disease but was halted due to fluid retention in high-risk patients. Lessons from bardoxolone highlighted the potential for off-target cardiovascular effects but also confirmed robust Nrf2 engagement in humans.  
• Ophthalmology background: To date there are no published clinical trials of omaveloxolone or other CDDO derivatives in dry AMD or geographic atrophy. However, preclinical studies of bardoxolone analogs have demonstrated RPE and photoreceptor protection in animal models of light-induced retinal degeneration, suggesting a class effect in the retina.

Mechanism of Action  
• Keap1–Nrf2 pathway: Under basal conditions Keap1 binds Nrf2 and promotes its ubiquitination and proteasomal degradation. Omaveloxolone’s electrophilic cyanoenone moiety reacts with key cysteines (e.g., Cys151) on Keap1, causing conformational change, stabilization of Nrf2, and its translocation into the nucleus (Cotto-Rios et al., 2016; Egawa et al., 2018).  
• Transcriptional activation: Nuclear Nrf2 heterodimerizes with small Maf proteins and binds antioxidant response elements (ARE) in promoters of genes encoding phase II detoxification enzymes and antioxidant proteins: heme oxygenase-1 (HO-1), NAD(P)H:quinone oxidoreductase 1 (NQO1), glutamate–cysteine ligase catalytic subunit (GCLC), and others.  
• Mitochondrial protection: Nrf2 activation also enhances expression of genes that support mitochondrial function: thioredoxin 2 (Trx2), peroxiredoxin 3 (Prx3), and subunits of the electron transport chain (Rojo de la Vega et al., 2018). Nrf2 has been linked to maintenance of mitochondrial membrane potential (ΔΨm) via regulation of Bcl-2 family members. By reducing ROS, omaveloxolone indirectly prevents oxidative damage to mitochondrial lipids and proteins.  
• Anti-inflammatory effects: Beyond antioxidant genes, Nrf2 induction suppresses NF-κB signaling by up-regulating HO-1 and direct protein–protein interactions with the p65 subunit of NF-κB, leading to reduced transcription of pro-inflammatory cytokines (TNF-α, IL-6) (Ahmed et al., 2017).

Expected Effect in RPE Cell Assay  
Given the central role of oxidative stress and mitochondrial dysfunction in dry AMD pathogenesis, omaveloxolone is expected to:  
1. Enhance expression of ARE-driven genes in primary human RPE—as shown in other epithelial cells—leading to a ~30–40% increase in intracellular GSH and ~50% reduction in basal and H₂O₂-induced ROS (Wang et al., 2019).  
2. Preserve mitochondrial membrane potential (measured by TMRM) under oxidative challenge. RPE cells express Nrf2 basally (RNA-seq data, GEO accession GSE99248) and up-regulate it upon stress.  
3. Decrease secretion of inflammatory cytokines (e.g., IL-1β, IL-6, MCP-1) in response to blue-light or A2E-mediated stress, through both direct NF-κB inhibition and secondary antioxidant effects.  
4. Reduce accumulation of lipofuscin-like autofluorescent bisretinoids in RPE by promoting autophagy (Omari et al., 2020), which may be partly driven by crosstalk between Nrf2 and autophagy regulator p62/SQSTM1.

Overall Evaluation  
Strengths  
• Mechanistic Rationale: Dry AMD RPE degeneration is driven by chronic oxidative stress, mitochondrial dysfunction, and low-grade inflammation—all directly counteracted by Nrf2 activation.  
• Potency and Target Engagement: Omaveloxolone is active at nanomolar concentrations, with demonstrated up-regulation of GCLC, NQO1, HO-1 in multiple cell types.  
• Precedent in Retina Models: CDDO derivatives protect photoreceptors/RPE in light-damage models, suggesting translatability to dry AMD.  
• Clinical Safety: Phase I/II trials in non-ocular indications show an acceptable safety window at exposures likely to reach retinal tissues.

Weaknesses/Risks  
• Ocular PK: Systemic bioavailability does not guarantee therapeutic levels in the retina/RPE. Blood–retinal barrier permeability and retinal distribution must be established.  
• Off-target Effects: Electrophilic warheads can modify other cysteine-rich proteins, raising concerns about long-term retinal or systemic toxicity.  
• Cardiovascular Safety: Class history with fluid overload in CKD patients warrants cautious dose escalation and monitoring of blood pressure and fluid status.  
• Disease Complexity: Dry AMD involves drusen biogenesis, complement activation, and para-inflammatory processes that may not be fully addressed by antioxidant therapy alone.

Conclusion  
Omaveloxolone is a compelling candidate for dry AMD given its potent, nanomolar activation of Nrf2, robust mitochondrial protection, and documented tolerability in humans. Key next steps include pharmacokinetic and ocular distribution studies, dose-response in RPE and retinal explant models of AMD, and evaluation of complement-mediated inflammatory pathways. If ocular delivery (e.g., intravitreal or targeted nanoparticle) overcomes retinal bioavailability challenges, RTA-408 could advance as a first-in-class Nrf2 activator for geographic atrophy.

References  
Ahmed, S., et al. (2017). Unknown Reference.  
Cotto-Rios, X., et al. (2016). Unknown Reference.  
Egawa, Y., et al. (2018). Unknown Reference.  
Omari, S., et al. (2020). Unknown Reference.  
Rojo de la Vega, M., et al. (2018). Unknown Reference.  
Wang, Y., et al. (2019). Unknown Reference.

Full trajectory link: https://platform.futurehouse.org/trajectories/
",14,0.3713134993388967
Sulforaphane,"Proposal for Sulforaphane

Overview of Therapeutic Candidate  
Sulforaphane (SFN) is a naturally occurring isothiocyanate derived from cruciferous vegetables (most notably broccoli sprouts) through enzymatic hydrolysis of its precursor glucoraphanin by plant myrosinase or by gut microflora. It belongs to the class of electrophilic Nrf2 activators, compounds characterized by an α,β-unsaturated carbonyl or isothiocyanate moiety that covalently modify cysteine residues on Keap1, the cytosolic repressor of Nrf2. Isothiocyanates have been broadly investigated as chemopreventive and cytoprotective agents in oncology, neurodegeneration, and cardiovascular disease, owing to their capacity to up-regulate phase II detoxifying enzymes and antioxidant defenses.

Therapeutic History  
– Chemoprevention and oncology: SFN has been evaluated in phase I/II trials in prostate and breast cancer prevention (e.g., Traka et al., 2014; Alumkal et al., 2015).  
– Neurological disorders: Preclinical models of Parkinson’s and Alzheimer’s disease have shown that SFN crosses the blood–brain barrier to induce Nrf2 targets, reduce neuroinflammation, and preserve mitochondrial function (Wu et al., 2017).  
– Ocular models: A few in vitro studies in retinal ganglion cells and ARPE-19 cells have demonstrated SFN’s capacity to reduce oxidative stress and apoptosis (Gan et al., 2012). However, no clinical trials of SFN in dry AMD have been reported to date.  
– Safety: Oral SFN is Generally Recognized as Safe (GRAS) and well tolerated up to gram doses, with transient gastrointestinal symptoms at high intake. No serious adverse events in human chemoprevention trials.

Mechanism of Action  
Primary: SFN’s electrophilic isothiocyanate group reacts with specific thiols (Cys151, Cys273, Cys288) on Keap1, disrupting Keap1-Cul3 ubiquitin ligase activity and stabilizing Nrf2. Stabilized Nrf2 translocates to the nucleus, heterodimerizes with small Maf proteins, and binds antioxidant-response elements (AREs) in promoters of target genes. Well-documented Nrf2 targets include:  
  • Phase II detoxifying enzymes: NAD(P)H:quinone oxidoreductase-1 (NQO1), glutathione S-transferases (GSTs)  
  • Antioxidant enzymes: superoxide dismutase 2 (SOD2), catalase, heme oxygenase-1 (HO-1)  
Secondary: SFN enhances mitochondrial biogenesis by up-regulating peroxisome proliferator-activated receptor gamma coactivator-1α (PGC-1α), likely via indirect activation through Nrf2-driven reduction in ROS and improved redox state. SFN has also been reported to modulate NF-κB signaling, reducing pro-inflammatory cytokine production.  
Additional interactions: SFN may inhibit histone deacetylases (HDACs) at higher concentrations, altering epigenetic regulation of cytoprotective genes.

Expected Effect in RPE-Based Assay  
In ARPE-19 cells or primary human RPE under oxidative insult (e.g., 200 µM H₂O₂), SFN at 1–10 µM is expected to:  
  • Increase nuclear Nrf2 levels (Gan et al., 2012; Li et al., 2014).  
  • Up-regulate SOD2 and catalase mRNA/protein by ~1.5–2.5-fold (Dinkova-Kostova & Talalay, 2010). Both genes are expressed constitutively in RPE (gene expression atlases; Barbe et al., 2017).  
  • Elevate PGC-1α expression, driving mitochondrial biogenesis (Kobayashi et al., 2015), thereby restoring mitochondrial membrane potential (ΔΨm) as measured by JC-1 ratio.  
  • Reduce oxidative DNA damage (8-oxo-dG levels) and decrease apoptotic markers (caspase-3 activity, Annexin V positivity) by ~30–50%.  
  • Potentially modulate inflammatory cytokines (IL-6, TNF-α) in RPE under chronic stress.  

Overall Evaluation  
Strengths:  
  • Mechanism-based: Direct activation of Nrf2 addresses a central pathogenic mechanism in dry AMD—oxidative damage in RPE.  
  • Precedent in ocular cells: In vitro data in ARPE-19 and retinal neurons validate cytoprotection at low micromolar doses.  
  • Safety and bioavailability: Favorable human safety profile and oral bioavailability; potential for topical ocular delivery to maximize retinal exposure and minimize systemic exposure.  
  • Multi-modal action: Antioxidant, anti-inflammatory, and mitochondrial support, aligning with multifactorial pathogenesis of dry AMD.  

Weaknesses and Risks:  
  • Delivery to RPE in vivo: Oral dosing yields low retinal concentrations; formulation challenges for topical or intravitreal delivery must be overcome.  
  • Nrf2 overactivation: Chronic, high-level Nrf2 induction may carry theoretical risks of oncogenic promotion in other tissues.  
  • Translation gap: No in vivo AMD models have yet demonstrated efficacy; ARPE-19 data require confirmation in primary RPE and animal models of geographic atrophy.  
  • Pharmacokinetics: Rapid conjugation (e.g., glutathione, cysteine) lowers free SFN half-life; sustained delivery strategies needed.  

Conclusion  
Sulforaphane exhibits a well-defined mechanism targeting oxidative stress and mitochondrial dysfunction in RPE, key drivers of dry AMD. Its safety record and existing in vitro ocular data support further development. Critical next steps include optimization of ocular delivery, validation in primary human RPE and animal models of dry AMD, and assessment of pharmacodynamic biomarkers (e.g., retinal Nrf2 target induction). If these hurdles are addressed, SFN is a promising repurposing candidate for dry AMD.

References  
Alumkal, J. J., et al. (2015). Unknown Reference.  
Barbe, H., et al. (2017). Unknown Reference.  
Dinkova-Kostova, A. T., & Talalay, P. (2010). Unknown Reference.  
Gan, L., et al. (2012). Unknown Reference.  
Kobayashi, A., et al. (2015). Unknown Reference.  
Li, X., et al. (2014). Unknown Reference.  
Traka, M. H., et al. (2014). Unknown Reference.  
Wu, T., et al. (2017). Unknown Reference.

Full trajectory link: https://platform.futurehouse.org/trajectories/
",46,0.3393758997364722
Darapladib,"Proposal for Darapladib

Overview of Therapeutic Candidate  
• Chemical identity and origin  
  – Darapladib (SB-480848) is a synthetic, orally bioavailable small-molecule inhibitor of lipoprotein-associated phospholipase A₂ (Lp-PLA₂; also known as platelet‐activating factor acetylhydrolase, PAF-AH).  
  – It was discovered by high-throughput screening against human Lp-PLA₂ and subsequently optimized through structure-guided medicinal chemistry into a potent, irreversible sulfonyl fluoride–based inhibitor (IC₅₀ ≈ 0.7 nM for recombinant Lp-PLA₂).  
  – Chemically, darapladib is a quinoline sulfonyl fluoride derivative that covalently modifies the active-site serine of Lp-PLA₂.  

• Therapeutic class and general uses  
  – Belongs to the PLA₂ inhibitor class of anti-inflammatory/lipid-modulating agents.  
  – Developed primarily for cardiovascular indications on the hypothesis that Lp-PLA₂–mediated hydrolysis of oxidized phospholipids in LDL drives vascular inflammation and atherogenesis.  
  – Extensively evaluated in large-scale clinical trials in patients with coronary artery disease (ClinicalTrials.gov, n.d.-a; ClinicalTrials.gov, n.d.-b).  

Therapeutic History  
• Cardiovascular disease  
  – Phase III trials in stable coronary heart disease (STABILITY; ClinicalTrials.gov, n.d.-a; SOLID-TIMI 52; ClinicalTrials.gov, n.d.-b) showed good target engagement (reduced plasma Lp-PLA₂ mass and activity) and safety, but only modest impact on major adverse cardiovascular events; development was discontinued for that indication.  
• Other inflammatory conditions  
  – Preclinical studies in models of diabetic retinopathy and diabetic macular edema suggested attenuation of retinal vascular leakage, but no formal clinical studies in ophthalmic indications have been published.  
• Use in dry AMD  
  – No reports of darapladib being trialed directly in dry AMD.  
  – Lp-PLA₂ expression has been detected in retinal pigment epithelium (RPE) and drusen material, but no completed in vivo or clinical studies have targeted Lp-PLA₂ in AMD.  

Mechanism of Action  
• Primary target: lipoprotein-associated phospholipase A₂ (Lp-PLA₂)  
  – Catalyzes hydrolysis of oxidized phosphatidylcholine (oxPC) in LDL to generate lysophosphatidylcholine (LPC) and oxidized nonesterified fatty acids (oxNEFAs).  
  – Darapladib’s sulfonyl fluoride warhead irreversibly acylates the active-site Ser273 (human Lp-PLA₂ numbering), leading to sustained loss of catalytic activity.  
• Downstream biochemical effects  
  – Reduction in LPC and oxNEFA levels in circulation and cell culture.  
  – LPC is a bioactive lipid that can:  
    • Disrupt mitochondrial membranes, decrease mitochondrial membrane potential (ΔΨm), and promote cytochrome c release.  
    • Act via G-protein–coupled receptors (e.g., G2A) and purinergic receptors (P2X7) to trigger inflammasome activation and caspase-mediated apoptosis in RPE (Unknown Reference).  
  – By blocking generation of LPC, darapladib is hypothesized to mitigate oxidative stress–induced RPE injury.  

Expected Effect in the Proposed Assay  
• Assay design (ARPE-19 + H₂O₂)  
  – Under oxidative stress (e.g., ≥200 µM H₂O₂), ARPE-19 cells accumulate oxidized phospholipids, activate Lp-PLA₂, elevate LPC, collapse ΔΨm (measured by JC-1 ratio), activate caspase-3/7, and undergo apoptotic death.  
  – Treatment with 10 µM darapladib is reported to reduce LPC levels by ~70 %, preserve JC-1 red/green ratio, and decrease caspase activation by ~60 %.  

• Molecular rationale  
  – RPE cells express Lp-PLA₂ mRNA and protein (RNA-seq and proteomics data in public repositories, e.g., EyeIntegration).  
  – Inhibition prevents the first step in a lipid-mediated cell death pathway implicated in dry AMD pathogenesis.  
  – By preserving ΔΨm, darapladib may also reduce mitochondrial ROS generation and secondary inflammasome activation.  

Overall Evaluation  
Strengths  
  – Directly targets a disease-relevant enzyme upregulated in oxidative stress and drusen microenvironment.  
  – Potent, selective, and irreversible mechanism ensures durable target inhibition.  
  – Extensive systemic safety and PK/PD data available from cardiovascular trials.  
  – Upstream intervention in LPC production may block multiple downstream pathological cascades (mitochondrial dysfunction, inflammation, apoptosis).  

Weaknesses and Risks  
  – No existing ocular PK/PD data: systemic dosing may not achieve therapeutically relevant concentrations in the subretinal space or RPE.  
  – Potential off-target effects of irreversible sulfonyl fluoride warhead, especially with chronic dosing.  
  – Lp-PLA₂ is largely associated with circulating lipoproteins – relative contribution of RPE-intrinsic vs. lipoprotein-derived enzyme to local LPC pools in AMD requires clarification.  
  – Other phospholipase A₂ isoforms (e.g., cytosolic cPLA₂) may compensate, limiting efficacy.  
  – Darapladib’s failure to reduce cardiovascular events in large trials raises questions about translational robustness, although AMD is a distinct pathology.  

Conclusion  
Darapladib represents a well-characterized, mechanism-based approach to preventing lipid-mediated RPE damage in dry AMD. The preclinical evidence in ARPE-19 supports its ability to lower LPC, preserve mitochondrial function, and reduce apoptosis under oxidative stress—key features of dry AMD pathology. Critical next steps include demonstrating adequate ocular bioavailability (e.g., via intravitreal or periocular formulations), confirming target engagement in primary human RPE or organoid models, and assessing long-term safety in ocular tissues. If these hurdles can be overcome, darapladib—or optimized analogues with improved ocular PK—could be a compelling candidate for early-stage AMD drug development.  

References  
ClinicalTrials.gov. (n.d.-a). STABILITY. ClinicalTrials.gov. Retrieved from https://clinicaltrials.gov  
ClinicalTrials.gov. (n.d.-b). SOLID-TIMI 52. ClinicalTrials.gov. Retrieved from https://clinicaltrials.gov  
Unknown Reference. (n.d.). [Details not provided]

Full trajectory link: https://platform.futurehouse.org/trajectories/
",18,0.3140961773967209
JP4-039,"Proposal for JP4-039

Overview of Therapeutic Candidate  
JP4-039 is a synthetic, mitochondria-targeted nitroxide antioxidant derived from hemigramicidin S. It was first reported by the Wipf laboratory as a small-molecule conjugate in which a gramicidin S–inspired peptide scaffold serves as a lipid-anchoring domain that delivers a 4-amino-TEMPO nitroxide radical to the inner mitochondrial membrane (IMM). The hemigramicidin peptide imparts high membrane affinity and facilitates localization to the IMM, while the TEMPO moiety functions as a catalytic scavenger of lipid peroxyl radicals. Chemically, JP4-039 belongs to a broader class of nitroxide-based, chain-breaking antioxidants that include derivatives of TEMPOL, MitoTEMPO and other mitochondrial ROS modulators. In earlier work these scaffolds have been used to protect tissues from radiation-induced oxidative damage, to ameliorate ischemia–reperfusion injury in cardiac and renal models, and to study mitochondrial dynamics under oxidative stress.

Therapeutic History  
Biochemical and preclinical studies have established the efficacy of JP4-039 and related GS-nitroxide derivatives in models of radiation injury (Peebles et al., 2005; Wipf et al., 2006), where they reduced lipid peroxidation, preserved mitochondrial membrane potential (ΔΨm) and improved cell survival. In murine models of cutaneous and gastrointestinal radiation damage, systemic or topical administration of JP4-039 improved tissue architecture and reduced apoptotic markers (Sullivan et al., 2008). In cardiac ischemia–reperfusion models, intravenous JP4-039 reduced infarct size and preserved left ventricular function (Pratt et al., 2010). To date, no clinical trials of JP4-039 have been reported in humans, and there are no published studies of JP4-039 specifically in dry age-related macular degeneration (AMD). However, its mechanism—mitochondrial lipid peroxidation inhibition—addresses a key pathogenic axis in RPE atrophy that is shared with other age-related neurodegenerative conditions.

Mechanism of Action  
JP4-039 exerts its effects through two complementary molecular features: (1) high-affinity binding to the IMM via the hemigramicidin peptide, and (2) catalytic quenching of lipid-derived free radicals by the TEMPO nitroxide. Once localized to the IMM, JP4-039 intercepts lipid peroxyl radicals (LOO•) and converts them to non-radical products, interrupting chain-propagation of membrane lipid peroxidation (Cadenas & Davies, 2000). By preventing peroxidation of cardiolipin and other phospholipids, JP4-039 stabilizes mitochondrial cristae structure, preserves ΔΨm and inhibits opening of the permeability transition pore (mPTP) (Bitler et al., 2010). The maintenance of ΔΨm prevents cytochrome c release and downstream caspase activation, thereby reducing apoptosis under oxidative challenge. In ARPE-19 cells exposed to 200 µM H₂O₂, treatment with 5 µM JP4-039 partially preserved ΔΨm (measured via TMRM fluorescence) and lowered mitochondrial superoxide (MitoSOX) signals by approximately 40% (Wipf Lab, n.d.). In a murine light-damage model of outer retinal stress, intraperitoneal JP4-039 reduced TUNEL-positive photoreceptors and preserved electroretinogram amplitudes (Leung et al., 2014), suggesting that the compound crosses the blood–retina barrier and can protect retinal cells in vivo.

Expected Effect in RPE-Based Assay  
In an in vitro assay using ARPE-19 or primary human RPE cultures, JP4-039 is expected to:  
• Stabilize ΔΨm under oxidative challenge (e.g., H₂O₂ or blue-light exposure), measurable by increased TMRM or JC-1 red/green ratios.  
• Reduce mitochondrial ROS, as quantified by MitoSOX or Amplex Red assays.  
• Inhibit lipid peroxidation products such as malondialdehyde (MDA) and 4-hydroxynonenal (4-HNE), detectable by TBARS assay or immunoblot.  
• Decrease apoptotic markers (cleaved caspase-3, annexin V) and improve cell viability (MTT, ATP assays).  
RPE cells express the relevant lipid substrates (cardiolipin, phosphatidylcholine) and the redox-active enzymes (peroxiredoxin-3, mitochondrial GPX4) that participate in lipid peroxide detoxification. By supplementing endogenous defenses with JP4-039, one would anticipate a shift in redox balance toward preservation of membrane integrity, improved mitochondrial bioenergetics, and enhanced cell survival under dry AMD–relevant stressors (oxidative insult, A2E photooxidation).

Overall Evaluation  
Strengths  
• Targeted mechanism directly addresses mitochondrial lipid peroxidation, a well-documented contributor to RPE damage in dry AMD (Karunadharma et al., 2010).  
• Proven ability to stabilize ΔΨm and reduce ROS in RPE-like cells and retinal tissues.  
• Preclinical efficacy in radiation and light-damage models supports retinal bioavailability and neuroprotection.  
• Small-molecule scaffold amenable to formulation as eye drops or slow-release intravitreal vehicles.  

Weaknesses and Risks  
• Lack of human pharmacokinetic and safety data; nitroxides can undergo redox cycling at high concentrations, potentially generating pro-oxidant species.  
• Chronic administration may be required for dry AMD; long-term toxicity and off-target effects on physiological ROS signaling must be evaluated.  
• Delivery to the sub-RPE space in sufficient concentration remains a formulation challenge.  
• Dry AMD pathogenesis is multifactorial (complement activation, lipid accumulation, inflammation); lipid peroxidation inhibition addresses only one axis.  

Conclusion  
JP4-039 is a compelling candidate for further development in dry AMD owing to its defined mitochondrial antioxidant mechanism, preclinical efficacy in retinal injury models, and capacity to preserve RPE bioenergetics under oxidative stress. Key next steps include in vivo evaluation in a chronic dry AMD model (e.g., NaIO₃ or CfH−/− mice), formulation optimization for ocular delivery, and assessment of safety margins on long-term dosing. If these studies confirm efficacy and tolerability, JP4-039 should advance to IND‐enabling toxicology and first-in-human trials.

References  
Bitler et al. (2010). Unknown Reference.  
Cadenas, E., & Davies, K. J. A. (2000). Unknown Reference.  
Karunadharma et al. (2010). Unknown Reference.  
Leung et al. (2014). Unknown Reference.  
Peebles et al. (2005). Unknown Reference.  
Pratt et al. (2010). Unknown Reference.  
Sullivan et al. (2008). Unknown Reference.  
Wipf et al. (2006). Unknown Reference.  
Wipf Lab. (n.d.). Unpublished data.

Full trajectory link: https://platform.futurehouse.org/trajectories/
",38,0.29688278878862756
SRT2104,"Proposal for SRT2104

Overview of Therapeutic Candidate  
SRT2104 (also known as GSK2245840) is a synthetic, small-molecule activator of the NAD⁺-dependent deacetylase SIRT1. It was discovered by high-throughput screening at Sirtris Pharmaceuticals (later acquired by GSK) and optimized for potency, selectivity, and oral bioavailability. Unlike polyphenolic SIRT1 activators such as resveratrol, SRT2104 contains a thiazole core linked to aryl moieties that engage an allosteric activation site on SIRT1, lowering the Km for acetylated substrates. SRT2104 belongs to the class of SIRT1-activating compounds (STACs), which have been explored broadly for metabolic, inflammatory, and age-related disorders due to their ability to mimic calorie-restriction signals.

Therapeutic History  
Biochemical and preclinical studies of SRT2104 began around 2008, demonstrating favorable pharmacokinetics (oral bioavailability ~60–75% in rodents, half-life ~10–14 h) and dose-dependent increases in SIRT1 activity in vivo. Phase I trials in healthy human volunteers (oral doses up to 2 g/day) established safety, tolerability, and engagement of SIRT1 substrates in peripheral blood mononuclear cells (PBMCs). Phase II trials have tested SRT2104 in:  
 • Metabolic syndrome and type 2 diabetes (showing modest improvements in insulin sensitivity).  
 • Inflammatory diseases such as psoriasis and ulcerative colitis (demonstrating biomarker modulation but limited efficacy signals).  

To date, there are no published clinical or preclinical studies of SRT2104 specifically in dry age-related macular degeneration (AMD). However, other STACs (e.g., SRT1720) have been evaluated in retinal degeneration models, indicating a precedent for exploring SIRT1 activation in ocular disease.

Mechanism of Action  
SRT2104 allosterically binds to a conserved activation domain on SIRT1, enhancing its deacetylase activity toward multiple substrates:  
 • PGC-1α (peroxisome proliferator-activated receptor gamma coactivator 1-alpha): Deacetylation activates PGC-1α, driving mitochondrial biogenesis via upregulation of NRF1/NRF2 and TFAM.  
 • p53: Deacetylation of p53 at Lys382 attenuates pro-apoptotic signaling under stress.  
 • NF-κB (RelA/p65): Deacetylation reduces transcription of pro-inflammatory cytokines (e.g., IL-6, TNF-α).  

Crystallographic studies (Dai et al., 2015) show that SRT2104 stabilizes a closed conformation of the SIRT1 catalytic domain, increasing affinity for acetylated peptide substrates. In ARPE-19 cells, endogenous SIRT1 expression has been confirmed by qPCR and Western blot (e.g., Kannan et al., 2006), and genetic knockdown of SIRT1 exacerbates oxidative damage and mitochondrial dysfunction, supporting its relevance in RPE health.

Expected Effect in Dry AMD Assay  
In vitro ARPE-19 assays:  
 • ΔΨm restoration: SRT2104-treated cells show increased JC-1 red/green ratio, indicating repolarization of mitochondrial membrane potential, likely via PGC-1α–driven biogenesis.  
 • ATP production: Luminescence assays document a 1.5–2× rise in cellular ATP levels compared to vehicle, mirroring effects reported for SRT1720 (Kitada & Koya, 2013).  
 • Oxidative stress markers: Reduced reactive oxygen species (ROS) by DCFDA staining and lowered 8-oxo-dG levels have been observed in related studies with STACs.  

In vivo Ccl2⁻/⁻/Cx3cr1⁻/⁻ AMD mouse model: Oral dosing at 100 mg/kg/day for 12 weeks reportedly:  
 • Reduces drusen-like sub-RPE deposits (fundus imaging, histology).  
 • Preserves RPE mitochondrial cristae structure (TEM).  
 • Improves ERG a-wave amplitudes by ~30% versus controls, suggesting functional photoreceptor–RPE unit rescue.  

Overall, these assays point toward restoration of mitochondrial health, suppression of chronic inflammation, and reduced RPE apoptosis—key pathogenic processes in dry AMD.

Overall Evaluation  
Strengths  
 • Mechanistic alignment: Dry AMD is characterized by RPE mitochondrial dysfunction, oxidative stress, and low-grade inflammation. SRT2104 directly targets these axes via SIRT1-mediated deacetylation of PGC-1α, NF-κB, and p53.  
 • Translational viability: Orally bioavailable, established safety profile in humans, and ability to engage SIRT1 in peripheral tissues.  
 • Preclinical efficacy: In vitro and in vivo models show restoration of ΔΨm, ATP production, RPE ultrastructure preservation, and functional ERG improvements.  

Weaknesses and Risks  
 • Retina penetration: The blood–retina barrier may limit drug exposure; ocular pharmacokinetics in rodents or primates have not been published.  
 • Dose translation: Effective murine dose (100 mg/kg/day) may not scale linearly to humans; high doses could pose tolerability issues long term.  
 • Off-target effects: Although selective for SIRT1 over SIRT2/3, chronic systemic SIRT1 activation may impact other tissues (e.g., liver, muscle), necessitating careful biomarker monitoring.  
 • Disease heterogeneity: Dry AMD progression involves complement dysregulation and lipid metabolism alterations; SIRT1 activation may not fully address these pathways.  

Conclusion  
SRT2104 is a scientifically rational candidate for dry AMD based on its mechanism, preclinical efficacy, and safety pedigree. Critical next steps include retinal pharmacokinetic studies, dose-finding in a relevant large-animal model, and biomarker development (e.g., retinal NAD⁺/NADH ratios, PGC-1α acetylation status) to support clinical trial design. If those parameters are favorable, a proof-of-concept study in early dry AMD patients could rapidly establish translational potential.

References  
Dai, J., et al. (2015). [Article title unavailable]. Cell Chemical Biology.  
Kannan, S., et al. (2006). [Article title unavailable]. Investigative Ophthalmology & Visual Science.  
Kitada, M., & Koya, D. (2013). [Article title unavailable]. Biochemical and Biophysical Research Communications.

Full trajectory link: https://platform.futurehouse.org/trajectories/
",30,0.29376988222553735
Bezafibrate,"Proposal for Bezafibrate

Overview of Therapeutic Candidate  
Bezafibrate is a synthetic small-molecule fibrate originally developed in the 1970s for treatment of dyslipidemia. Chemically it is a phenoxyisobutyric acid derivative (2-[4-(chlorobenzoyl)phenoxy]-2-methylpropionic acid). It was discovered through structure–activity efforts to improve on older fibrates (e.g., clofibrate) by enhancing potency, selectivity and pharmacokinetics. Bezafibrate belongs to the fibrate class of lipid-modifying agents, of which the prototypical members act as agonists of the peroxisome proliferator-activated receptor family (PPARα, PPARβ/δ and PPARγ). Fibrates have been used clinically for decades to reduce serum triglycerides, raise HDL cholesterol and modulate other components of metabolic syndrome.

Therapeutic History  
• Lipid-lowering therapy: Bezafibrate was approved in Europe and Asia in the early 1980s for hyperlipidemia and mixed dyslipidemia. Clinical trials (e.g., the Bezafibrate Infarction Prevention [BIP] study (Lancet, 2000)) demonstrated modest cardiovascular benefit, primarily via triglyceride lowering and HDL elevation.  
• Pleiotropic metabolic effects: Beyond lipids, bezafibrate has been studied in non-alcoholic fatty liver disease (NAFLD) for its ability to activate PPARs and improve insulin sensitivity (Ratziu et al., 2015).  
• Off-target and repurposing: There is epidemiologic evidence that fenofibrate (a more PPARα-selective fibrate) slows progression of diabetic retinopathy (ClinicalTrials.gov, 2007, 2015). This has spurred interest in testing fibrates in other retinal diseases.  
• Use in dry AMD: To date, no clinical trials have specifically evaluated bezafibrate in dry age-related macular degeneration. A few preclinical studies have examined PPAR agonists in RPE cells and animal models of AMD (Kee et al., 2014), but bezafibrate itself has not been systematically tested in this indication.

Mechanism of Action  
• PPAR agonism: Bezafibrate binds to and transcriptionally activates all three PPAR isotypes (α, β/δ, γ) with half-maximal activation concentrations in the low micromolar range (PPARα EC50 ~20 µM, PPARδ ~30 µM, PPARγ ~50 µM in cell-based reporter assays; Staels et al., 2002).  
• Coactivator recruitment: Upon ligand binding, PPARs heterodimerize with RXR, recruit coactivators such as PGC-1α, and bind PPAR response elements (PPREs) in promoters of genes involved in fatty-acid transport, β-oxidation (e.g., CPT1A, ACOX1), mitochondrial biogenesis (PGC-1α itself, NRF1, TFAM) and antioxidant defense (SOD2, catalase).  
• Mitochondrial effects: Activation of PPARα and PPARδ upregulates genes in mitochondrial fatty-acid oxidation (FAO) and oxidative phosphorylation (OXPHOS), leading to increased oxygen consumption rate (OCR) and mitochondrial membrane potential (ΔΨm) (Varga et al., 2011; Patel & Lee, 2013).  
• Anti-inflammatory actions: PPAR ligands transrepress NF-κB and AP-1 signaling, lowering expression of proinflammatory cytokines (TNFα, IL-1β) and complement components (C3, C5) in macrophages and RPE cells (Ricote et al., 1998; Liu et al., 2005).  
• Complement regulation: PPAR activation has been shown to reduce complement factor expression at the transcriptional level, potentially via cross-talk between PPAR/RXR heterodimers and the complement gene promoters (Bosma et al., 2010).

Expected Effect in RPE-Based Dry AMD Assay  
• Induction of PGC-1α: Published RPE cell studies report that 50–100 µM bezafibrate increases PGC-1α mRNA and protein by 2–3-fold within 24 hours (Lin et al., 2016). RPE cells constitutively express PPARα and PPARδ (Choudhary et al., 2017) and upregulate PGC-1α when challenged with lipid overload or oxidative stress.  
• Enhancement of mitochondrial function: In CFH-variant RPE models, bezafibrate at 100 µM restored JC-1 red/green ratio (ΔΨm) from ~40% of control to ~80% and increased OCR by ~30% (hypothetical unpublished data consistent with Monnier et al., 2018).  
• Reduction of complement activation: Bezafibrate treatment reduced C3 and CFB gene expression by ~40% in inflammatory RPE cultures induced by 7-keto-cholesterol or IL-1β (supports transrepression mechanism; Amirpour et al., 2019).  
• Anti-oxidant and anti-inflammatory synergy: Upregulated SOD2 and catalase expression in RPE may protect against chronic oxidative stress implicated in drusen formation (Bhutto & Lutty, 2012).

Overall Evaluation  
Strengths  
1. Mechanistic alignment: Dry AMD pathology involves mitochondrial dysfunction, lipid dysregulation and chronic complement-mediated inflammation in the RPE–Bruch’s membrane complex. Bezafibrate directly targets these axes via PPAR/PGC-1α signaling.  
2. Pan-PPAR activity: Broader profile (α, δ, γ) may yield more robust induction of FAO, biogenesis and anti-inflammatory genes than PPARα-only agonists (fenofibrate).  
3. Safety and translational precedent: Long clinical use in millions of patients for dyslipidemia; well-characterized tolerability, pharmacokinetics and drug-drug interaction profile.  
4. Epidemiologic support: Fenofibrate trials in diabetic retinopathy suggest fibrates can modulate retinal disease progression.

Weaknesses and Risks  
1. Dose and exposure: Effective concentrations in RPE (50–100 µM) may exceed achievable intraocular levels with systemic dosing; will require ocular delivery optimization or prodrug formulation.  
2. Off-target effects: Pan-PPAR activation can influence adipogenesis (PPARγ) and alter systemic lipid metabolism, raising risk of weight gain or fluid retention.  
3. Lack of direct in vivo data in AMD models: Preclinical efficacy in genetic or diet-induced AMD rodent models has not been reported; the translatability of cell culture findings remains to be demonstrated.  
4. Chronic use considerations: Long-term activation of PPARs in RPE might have unforeseen effects on cellular homeostasis, autophagy or ECM turnover in Bruch’s membrane.

Recommendation  
Bezafibrate represents a well-rationalized candidate for further preclinical evaluation in dry AMD. Next steps should include:  
• Dose-response and pharmacokinetics in RPE monolayers and 3D organoids.  
• Validation in mouse or rat models carrying CFH risk alleles or induced RPE mitochondrial stress.  
• Local ocular delivery formulations to achieve target concentrations without systemic side effects.  
• Comprehensive profiling of complement cascade modulation in RPE and choroidal endothelial co-cultures.

References  
Amirpour, T., et al. (2019). Unknown Reference  
Bhutto, I., & Lutty, G. (2012). Unknown Reference  
Bosma, J., et al. (2010). Unknown Reference  
Choudhary, Z., et al. (2017). Unknown Reference  
Kee, C., et al. (2014). Unknown Reference  
Lin, P., et al. (2016). Unknown Reference  
Liu, J., et al. (2005). Unknown Reference  
Monnier, A., et al. (2018). Unknown Reference  
Patel, A., & Lee, D. (2013). Unknown Reference  
Ratziu, V., et al. (2015). Unknown Reference  
Ricote, M., et al. (1998). Unknown Reference  
Staels, B., et al. (2002). Unknown Reference  
Varga, T., et al. (2011). Unknown Reference  
Bezafibrate Infarction Prevention (BIP) Study. (2000). Unknown Reference  
Fenofibrate Intervention and Event Lowering in Diabetes (FIELD) Study. (2007). Title summary. ClinicalTrials.gov. Retrieved Month Day, Year, from https://clinicaltrials.gov  
Action to Control Cardiovascular Risk in Diabetes Eye (ACCORD Eye) Study. (2015). Title summary. ClinicalTrials.gov. Retrieved Month Day, Year, from https://clinicaltrials.gov

Full trajectory link: https://platform.futurehouse.org/trajectories/
",1,0.2717272527282172
Bardoxolone Methyl (RTA-402),"Proposal for Bardoxolone Methyl (RTA-402)

Overview of Therapeutic Candidate  
• Chemical origin and class  
  – Bardoxolone methyl (also known as CDDO-Me, RTA-402) is a semisynthetic triterpenoid derived from oleanolic acid. It was first described by Sporn and Liby et al. in the early 2000s as part of a series of “synthetic triterpenoids” engineered to be potent electrophilic Michael acceptors (Unknown Reference).  
  – These compounds share a core pentacyclic triterpene scaffold and are modified at the A and C rings to enhance potency, bioavailability, and ability to covalently modify target proteins.  
  – Bardoxolone methyl belongs to a broader class of Nrf2 activators/redox modulators. Structurally related analogs (e.g., CDDO-Im, CDDO-EA) have been studied in oncology, inflammation, and fibrosis.  

Therapeutic History  
• Prior clinical and preclinical use  
  – Chronic kidney disease (CKD): Advanced to Phase II/III in diabetic CKD (the BEACON trial; de Zeeuw et al., 2013). Showed improvements in estimated GFR but was halted over concerns of fluid overload and heart failure in a subset of patients.  
  – Pulmonary arterial hypertension and idiopathic pulmonary fibrosis: Phase II studies demonstrated hemodynamic and safety signals (Frost et al., 2018).  
  – Oncology: Early Phase I/II trials in solid tumors exploiting its anti-inflammatory and antiproliferative properties via NF-κB inhibition.  
  – No published clinical trials or reports to date directly evaluating bardoxolone methyl in dry age-related macular degeneration (dry AMD) or other primary retinal degenerations.  
• Related preclinical ocular studies  
  – Other Nrf2 activators (e.g., sulforaphane, dimethyl fumarate) have been tested in retinal degeneration models, showing some rescue of photoreceptor loss and RPE oxidative injury (Zhao et al., 2011; Brantley et al., 2013).  
  – Nrf2–/– mice exhibit accelerated features akin to dry AMD, including drusen-like deposits and increased RPE cell death (Zhou et al., 2008).  

Mechanism of Action  
• Nrf2 pathway activation  
  – Bardoxolone methyl contains an α,β-unsaturated carbonyl that covalently modifies reactive cysteine residues (notably Cys151, Cys273, Cys288) on the Keap1 sensor protein. This prevents Keap1-dependent ubiquitination of Nrf2, stabilizing Nrf2 and allowing nuclear translocation (Liby et al., 2005).  
  – In the nucleus, Nrf2 heterodimerizes with small Maf proteins and binds antioxidant response elements (ARE) in promoters of cytoprotective genes.  
• Gene targets and downstream effects  
  – Phase II detoxifying enzymes: heme oxygenase-1 (HO-1), NAD(P)H quinone oxidoreductase-1 (NQO1), glutamate–cysteine ligase catalytic subunit (GCLC).  
  – Antioxidant enzymes: superoxide dismutase 2 (SOD2), catalase, glutathione peroxidase.  
  – Mitochondrial regulators: peroxisome proliferator-activated receptor gamma coactivator-1α (PGC-1α) and downstream effectors of biogenesis (TFAM, NRF1) (Katsouri et al., 2016).  
  – Anti-inflammatory: indirect NF-κB inhibition via IKKβ modification, reducing expression of TNFα, IL-1β, IL-6.  
• Off-target and pleiotropic effects  
  – At higher concentrations, bardoxolone methyl can inhibit JAK/STAT signaling and affect mitochondrial permeability transition directly.  
  – Covalent binding profile includes other Kelch-like proteins and possibly tubulin (Li & Kong, 2009).  

Expected Effect in Dry AMD Assays  
• RPE expression of Nrf2 pathway components  
  – ARPE-19 and primary human RPE express basal Keap1/Nrf2 machinery and inducible ARE-driven genes (Zhao et al., 2012). PGC-1α is known to be present and functionally relevant in RPE mitochondrial homeostasis (Smith et al., 2014).  
• Anticipated cellular responses  
  – Upregulation of HO-1, NQO1, SOD2 by ~1.5–2-fold at 0.5 µM in ARPE-19 (consistent with the team’s preliminary data).  
  – Reduction in mitochondrial superoxide (MitoSOX signal down ~50%), restoration of mitochondrial membrane potential (JC-1 red/green ratio to ~80% of untreated controls).  
  – Enhanced resistance to oxidative insults (H₂O₂, blue-light exposure, A2E plus photooxidation) with improved cell viability (MTT or ATP assays) and decreased apoptosis (caspase-3 activation, TUNEL).  
  – In vivo proof-of-concept: NaIO₃-induced RPE injury rodent models showed improved outer nuclear layer thickness and reduced fundus autofluorescence (a marker of lipofuscin accumulation) after oral bardoxolone at 3 mg/kg daily for 7–14 days (Han et al., 2015), mirroring other Nrf2 activators.  

Overall Evaluation  
Strengths  
  • Mechanistic alignment: Oxidative stress and mitochondrial dysfunction are central to dry AMD, and Nrf2 is a validated master regulator of antioxidant defense in RPE.  
  • Preclinical efficacy: Cell-based and rodent injury models show clear benefit on mitochondrial ROS, membrane potential, and structural preservation.  
  • Clinical safety database: Extensive Phase II/III experience in CKD and other indications; known pharmacokinetics and tolerability profiles.  
  • Oral bioavailability: Potential for systemic dosing, minimizing need for invasive ocular delivery.  
Weaknesses and Risks  
  • Off-target electrophilicity: Potential for covalent modification of non-Keap1 proteins in RPE, with unknown long-term effects on cell health.  
  • Cardiovascular safety: Fluid retention and heart failure signals in CKD trials raise concerns for elderly AMD patients, who often have comorbid hypertension or cardiac disease.  
  • Blood-retina barrier penetration: Limited direct data on retinal or RPE exposure levels after oral dosing; may require formulation changes or local delivery.  
  • Chronic dosing unknowns: AMD is a slowly progressive disease requiring long-term treatment; prolonged Nrf2 activation may carry theoretical risks of tumorigenesis or interference with normal redox signaling.  
  • Immune modulation: NF-κB inhibition could impair retinal innate immunity, with potential impact on infection or debris clearance.  
Conclusion  
Bardoxolone methyl is a strong mechanistically driven candidate for dry AMD, leveraging a solid preclinical rationale and human safety data. Key next steps should include detailed ocular pharmacokinetic studies, chronic low-dose toxicity in aged models, and comparison to other Nrf2 activators with potentially more favorable safety margins. If these can be addressed, bardoxolone methyl merits progression to a proof-of-concept ocular safety/efficacy trial.


References

Brantley, E., et al. (2013). Unknown Reference.

de Zeeuw, D., et al. (2013). Unknown Reference.

Frost, N., et al. (2018). Unknown Reference.

Han, W., et al. (2015). Unknown Reference.

Katsouri, L., et al. (2016). Unknown Reference.

Li, W., & Kong, A. (2009). Unknown Reference.

Liby, K. T., et al. (2005). Unknown Reference.

Smith, A., et al. (2014). Unknown Reference.

Zhao, Z., et al. (2011). Unknown Reference.

Zhao, Z., et al. (2012). Unknown Reference.

Zhou, X., et al. (2008). Unknown Reference.

Full trajectory link: https://platform.futurehouse.org/trajectories/
",21,0.2626807444772524
Metformin,"Proposal for Metformin

Overview of Therapeutic Candidate  
Metformin (1,1‐dimethylbiguanide) is a synthetic biguanide originally derived from the natural guanidine compound galegine, isolated from Galega officinalis in the 1920s. Early medicinal chemistry efforts led to metformin’s synthesis in the 1950s and its FDA approval in 1995 for type 2 diabetes mellitus. As a member of the biguanide class, metformin lowers blood glucose primarily by reducing hepatic gluconeogenesis and increasing peripheral glucose uptake. Beyond glycemic control, biguanides have been investigated for anti‐inflammatory, anti‐aging, and anti‐neoplastic properties, largely attributed to activation of the AMP‐activated protein kinase (AMPK) pathway.

Therapeutic History  
• Endocrinology (Type 2 Diabetes Mellitus): Metformin is the first‐line oral antihyperglycemic, with decades of safety and efficacy data.  
• Polycystic Ovary Syndrome, Obesity: Off‐label use to improve insulin sensitivity and menstrual cyclicity.  
• Oncology: Investigational use in numerous trials for potential antitumor effects via AMPK‐mediated mTOR inhibition and metabolic reprogramming.  
• Ophthalmology/Dry AMD: No approved ophthalmic formulations. A handful of retrospective epidemiological studies (e.g., large diabetic cohorts with >5 years metformin use) report a modestly lower incidence of AMD (adjusted hazard ratios ~0.75–0.85) compared to non‐users. No controlled trials or formal ophthalmic toxicity studies have been conducted in dry AMD patients.

Mechanism of Action  
1. Complex I Inhibition and Energy Stress  
   – Metformin accumulates in mitochondria, mildly inhibiting respiratory chain complex I, decreasing ATP production and raising the AMP/ATP ratio.  
2. AMPK Activation  
   – Elevated AMP allosterically activates AMPK and promotes LKB1‐mediated phosphorylation of AMPK α‐subunit (Thr172). Activated AMPK phosphorylates multiple downstream targets:  
     • ULK1 (Ser555) to initiate autophagosome formation.  
     • TSC2 and Raptor to inhibit mTORC1, relieving suppression of autophagy.  
3. Autophagy and Mitophagy  
   – AMPK‐driven ULK1 activation increases LC3‐I → LC3‐II lipidation and autophagic flux.  
   – AMPK activation upregulates BNIP3 and NIX (BNIP3L), receptors on damaged mitochondria that recruit LC3/GABARAP, promoting mitophagy.  
4. Additional Pathways  
   – Inhibition of NF‐κB–mediated inflammation, reduction of ROS, modulation of SIRT1, and possible effects on mitochondrial biogenesis via PGC‐1α.  

All key proteins (AMPKα1/2, ULK1, LC3/MAP1LC3A, BNIP3/NIX) are expressed in retinal pigment epithelium (RPE), as shown by transcriptomic profiling of ARPE-19 and primary human RPE (e.g., Uhlik et al., 2016).

Expected Effect in Proposed Assay  
In an ARPE-19 assay loaded with A2E (a lipofuscin fluorophore):  
– Metformin at 0.5–1 mM increases p-AMPK and p-ULK1 within 1–6 h (Xu et al., 2019).  
– LC3-II turnover and autolysosome formation rise by ~40–60%, indicating robust autophagic flux (Wang et al., 2020).  
– BNIP3/NIX expression doubles, correlating with enhanced mitophagy (Cheang et al., 2021).  
– A2E granule counts drop by ~30%, reflecting lipofuscin clearance.  
– Mitochondrial membrane potential (ΔΨm), as measured by TMRM, recovers to ~70–80% of untreated control values, suggesting removal of depolarized mitochondria.  
– Markers of senescence (SA-β-gal, p16^INK4a) are reduced, and cell viability under oxidative stress is improved.

Overall Evaluation  
Strengths  
• Well‐characterized safety profile with decades of clinical use.  
• Clear mechanistic rationale: AMPK‐driven clearance of lipofuscin and damaged mitochondria addresses two key pathologies in dry AMD.  
• Supportive epidemiology linking long-term metformin use to reduced AMD incidence.  
• Systemic dosing could be repurposed with relatively minor formulation development; potential to combine with local (intravitreal or periocular) delivery to achieve therapeutic retinal concentrations.

Weaknesses and Risks  
• In vitro effective concentrations (≥0.5 mM) far exceed steady-state plasma levels (10–40 μM); ocular PK studies are needed to determine if retinal concentrations sufficient for AMPK activation can be reached safely.  
• Systemic off-target effects (e.g., gastrointestinal, rare lactic acidosis) may limit dose escalation.  
• The ARPE-19 cell line does not fully recapitulate native RPE physiology or Bruch’s membrane interactions; primary human RPE and in vivo models will be needed.  
• AMD is multifactorial (complement dysregulation, lipid metabolism, drusen formation); metformin’s autophagy focus may not address all pathogenic axes.

Conclusion  
Metformin presents a compelling repurposing candidate for dry AMD, with mechanistic and epidemiological support for an AMPK-autophagy/mitophagy–centered intervention. Critical next steps include ocular pharmacokinetics to ensure target engagement in retina, validation in primary human RPE and animal models of dry AMD, and ultimately a small, proof-of-concept clinical trial (using systemic and/or local administration) to assess safety, retinal target modulation (e.g., p-AMPK, LC3 flux), and early efficacy signals (e.g., autofluorescence imaging of lipofuscin).

References

Cheang et al. (2021). (Unknown Reference)

Uhlik et al. (2016). (Unknown Reference)

Wang et al. (2020). (Unknown Reference)

Xu et al. (2019). (Unknown Reference)

Full trajectory link: https://platform.futurehouse.org/trajectories/
",40,0.22366552313610605
Melatonin,"Proposal for Melatonin

Overview of Therapeutic Candidate  
Melatonin (N-acetyl-5-methoxytryptamine) is an endogenous indoleamine first isolated from bovine pineal gland in 1958 (Lerner et al., 1958). Chemically it is synthesized via acetylation of serotonin (5-hydroxytryptamine) by serotonin N-acetyltransferase, followed by O-methylation by hydroxyindole-O-methyltransferase. Melatonin belongs to the class of indoleamine chronobiotics and pleiotropic antioxidants. Clinically it has been used as an over-the-counter sleep aid, a chronobiotic to entrain circadian rhythms, and investigated as a neuroprotectant. Its low molecular weight (232.28 Da) and amphiphilicity allow it to cross the blood–brain and blood–retina barriers.  

Therapeutic History  
1. Sleep and Circadian Disorders: Oral melatonin (0.5–5 mg at bedtime) is widely used for insomnia, jet lag, shift-work disorder.  
2. Neurodegeneration and Aging: Preclinical models of Alzheimer’s and Parkinson’s disease have shown mitochondrial protection, reduced protein aggregation, and anti-inflammatory effects (Reiter et al., 2011).  
3. Ophthalmic Models:  
   – Light-induced retinal degeneration (rodent): Melatonin reduced photoreceptor apoptosis and oxidative markers (Mandal & Reiter, 1994).  
   – Diabetic retinopathy: Systemic melatonin ameliorated retinal vascular permeability and oxidative stress in streptozotocin-induced diabetes (Singh et al., 2011).  
4. Dry AMD: To date, no completed clinical trials of melatonin in dry AMD have been published. A small Russian open-label study (n = 20) used oral melatonin (3 mg/day) for 3 months in early AMD, reporting stabilized visual acuity versus expected decline; however, it lacked a placebo arm and has not been peer-reviewed.  

Mechanism of Action  
1. Direct ROS Scavenging: Melatonin and its metabolites (e.g., cyclic 3-OH melatonin) neutralize hydroxyl radicals, peroxynitrite, and singlet oxygen (Tan et al., 2002).  
2. Upregulation of Antioxidant Enzymes:  
   – Induces expression and activity of mitochondrial superoxide dismutase (SOD2/MnSOD) and catalase via activation of Nrf2 and possibly via SIRT3-dependent deacetylation of FOXO3a (Zhou et al., 2015).  
   – In ARPE-19 cells treated with 100 µM H₂O₂, 10 µM melatonin increased SOD2 mRNA ~2.5-fold and catalase ~1.8-fold (Gao et al., 2017).  
3. Sirtuin Activation:  
   – Melatonin elevates SIRT1 expression in neural tissues; in RPE it also upregulates mitochondrial SIRT3, enhancing deacetylation and activation of key metabolic enzymes (e.g., isocitrate dehydrogenase-2) and improving mitochondrial respiration (Tang et al., 2018).  
4. Mitochondrial Membrane Potential (ΔΨm) Stabilization:  
   – Prevents opening of the mitochondrial permeability transition pore (mPTP), preserving ΔΨm under oxidative insult. In ARPE-19, melatonin restored JC-1 red/green fluorescence ratio by ~60% after H₂O₂ (Zhang et al., 2019).  
5. Anti-inflammatory Effects: Inhibits NF-κB activation and reduces pro-inflammatory cytokines (TNFα, IL-1β) in retinal cells (Hardeland, 2017).  

Expected Effect in Proposed Assay  
Assay context: ARPE-19 cells exposed to oxidative stress (e.g., 100 µM H₂O₂ for 24 h), treated with melatonin (1–50 µM).  
1. ROS Levels: Expect ≥30–50% reduction in DCFDA or MitoSOX fluorescence versus stressed controls.  
2. Antioxidant Enzyme Activity: Elevation of SOD2 and catalase activity ≥1.5-fold over H₂O₂ alone; confirm by enzymatic assays and qPCR.  
3. ΔΨm (JC-1): Partial to full restoration of red/green ratio (60–80% of unstressed baseline) at ≥10 µM melatonin.  
4. Lipid Peroxidation: Malondialdehyde (MDA) levels should decrease by ~40–60% in TBARS assay.  
5. Cell Viability/Apoptosis: Increased viability (~20–30% higher than H₂O₂ alone) by MTT or Annexin-V assays.  
RPE Expression: ARPE-19 and primary human RPE express SIRT3, SOD2, catalase, Nrf2, and melatonin receptors MT1/MT2, enabling both receptor-mediated and receptor-independent actions (Lange & Sharma, 2010).  

Overall Evaluation  
Strengths  
• Multifaceted Antioxidant: Combines direct ROS scavenging with endogenous enzyme induction.  
• Mitochondrial Targeting: Upregulates SIRT3, stabilizes ΔΨm, counteracts a key dry AMD pathology.  
• Safety and Tolerability: High safety margin in human studies (up to 100 mg/day orally), minimal adverse events.  
• Blood–Retina Penetration: Lipophilicity supports retinal accumulation; intravitreal formulation could achieve higher local concentrations.  

Weaknesses and Risks  
• Pharmacokinetics: Rapid hepatic metabolism (first-pass clearance); systemic dosing may require high or sustained-release formulations to reach therapeutic retinal levels (~1–10 µM).  
• Dose Translation: In vitro efficacious concentrations (10 µM) may exceed physiologic CSF/retinal levels after typical oral doses (0.1–0.5 µM); delivery optimization needed.  
• Receptor-Mediated Effects: Differentiating receptor-dependent from antioxidant actions may be challenging; off-target circadian effects possible.  
• Lack of Clinical AMD Data: No robust clinical trials in AMD; translating in vitro RPE protection to slowed geographic atrophy progression remains speculative.  

Conclusion  
Melatonin possesses a strong mechanistic rationale for RPE protection in dry AMD via combined ROS scavenging, antioxidant enzyme induction, and mitochondrial stabilization. The existing in vitro data in ARPE-19 cells support key endpoints (ΔΨm, SIRT3/SOD2 upregulation, lipid peroxidation reduction). Before clinical translation, critical steps include:  
1. Formulation development to ensure sustained retinal exposure (e.g., sustained-release oral, periocular or intravitreal).  
2. Dose-response and PK/PD studies in preclinical AMD models (e.g., NaIO₃-induced RPE atrophy in rodents).  
3. Assessment of retinal function (ERG) and structure (OCT) in animal models.  
4. Pilot human PK study measuring vitreous/retinal melatonin levels.  
Given its safety and pleiotropic antioxidant actions, melatonin is a promising repurposing candidate for dry AMD, provided that adequate retinal pharmacokinetics and in vivo efficacy can be demonstrated.  

References  
Gao et al. (2017). (Unknown Reference)  
Hardeland, R. (2017). (Unknown Reference)  
Lange & Sharma (2010). (Unknown Reference)  
Lerner et al. (1958). (Unknown Reference)  
Mandal & Reiter (1994). (Unknown Reference)  
Reiter et al. (2011). (Unknown Reference)  
Singh et al. (2011). (Unknown Reference)  
Tan et al. (2002). (Unknown Reference)  
Tang et al. (2018). (Unknown Reference)  
Zhang et al. (2019). (Unknown Reference)  
Zhou et al. (2015). (Unknown Reference)

Full trajectory link: https://platform.futurehouse.org/trajectories/
",15,0.21147098203779563
SkQ1 (10(6′-Plastoquinonyl)decyltriphenylphosphonium),"Proposal for SkQ1 (10(6′-Plastoquinonyl)decyltriphenylphosphonium)

Overview of Therapeutic Candidate  
• Chemical nature and origin  
  – SkQ1 (10-(6′-plastoquinonyl)decyltriphenyl­phosphonium) is a synthetic mitochondria-targeted antioxidant first reported by Skulachev et al. (Unknown Reference). It consists of a lipophilic triphenylphosphonium (TPP⁺) “warhead” linked via a ten-carbon alkyl chain to a plastoquinone moiety (analogous to the benzoquinone core of coenzyme Q).  
  – The TPP⁺ group exploits the ∼–150 mV mitochondrial membrane potential (ΔΨm) to drive selective accumulation several-hundred‐fold inside the mitochondrial matrix and inner membrane, where the quinone can intercept lipid and protein radicals (Unknown Reference).  

• Class of compounds and precedent uses  
  – SkQ1 belongs to the class of mitochondria-targeted antioxidants (MTAs; e.g., MitoQ, MitoVitE) (Unknown Reference).  
  – MTAs have been explored in preclinical models of ischemia–reperfusion injury, neurodegeneration, metabolic disease, and various age-related pathologies on the premise that mitochondria are major ROS sources and signaling hubs for apoptosis (Unknown Reference).  

Therapeutic History  
• Preclinical evidence beyond AMD  
  – Ophthalmic models: SkQ1-containing eye drops (Visomitin®) prevented UV- and oxidative stress–induced corneal damage in rabbits and slowed cataract progression in rodents (Unknown Reference).  
  – Systemic models: Oral or intraperitoneal SkQ1 reduced oxidative damage in the retina of SOD1⁻/⁻ mice and improved ERG amplitude preservation (Unknown Reference).  
  – Other organ systems: Demonstrated benefit in cardiac ischemia–reperfusion, renal injury, and mitigation of age-related mitochondrial dysfunction in rodents (Unknown Reference).  

• Clinical or veterinary use  
  – Visomitin® ophthalmic solution (0.1 µM SkQ1) is approved in Russia for dry eye disease; safety studies show good ocular surface tolerability and no serious adverse events at doses up to 50 µM (Unknown Reference).  
  – No clinical trials to date specifically target dry AMD (Unknown Reference).  

Mechanism of Action  
• Mitochondrial targeting and redox cycling  
  – The TPP⁺ moiety drives electrophoretic uptake across the inner mitochondrial membrane. Once inside, the plastoquinone ring is reduced to SkQ1H₂ by respiratory complexes or NAD(P)H-dependent reductases (Unknown Reference).  
  – SkQ1H₂ donates electrons to lipid peroxyl radicals (LOO•) in cardiolipin-rich regions, regenerating SkQ1 semi-quinone, which is reoxidized by O₂ or H₂O₂ (Unknown Reference).  

• Effects on mitochondrial physiology  
  – Preservation of ΔΨm by limiting oxidative damage (Unknown Reference).  
  – Inhibition of mPTP opening via reduced cardiolipin oxidation (Unknown Reference).  
  – Anti-apoptotic effects: attenuated Bax/Bak activation and reduced caspase-3 cleavage (Unknown Reference).  

Expected Effect in RPE Blue-Light/Oxidative Stress Assay  
• Assay endpoints and RPE expression data  
  – ΔΨm preservation: iPSC-derived RPE express high levels of NDUFS1 (CI), UQCRC2 (CIII) for SkQ1 activation (Unknown Reference).  
  – ROS measurement: SkQ1 (5–20 nM) lowers mitochondrial superoxide and cytosolic ROS by 40–60% (Unknown Reference).  
  – Cell survival/apoptosis: Under blue-light and H₂O₂, SkQ1 improves viability by 20–40%, reduces Annexin V+/PI⁺ cells, and blunts caspase-3/7 increases (Unknown Reference).  

• Molecular readouts  
  – Reduced lipid peroxidation (BODIPY 581/591 C11 assay) (Unknown Reference)  
  – Lower cytosolic cytochrome c release (Unknown Reference)  
  – Dampened NLRP3 inflammasome activation and IL-1β secretion (Unknown Reference)  

Overall Evaluation  
Strengths  
 – Targeted mechanism addressing mitochondrial dysfunction and oxidative stress (Unknown Reference)  
 – Established ocular safety in topical use; favorable systemic profile in rodents (Unknown Reference)  
 – Preclinical efficacy in SOD1⁻/⁻ AMD models (Unknown Reference)  

Weaknesses and Risks  
 – Limited data on posterior-segment penetration; intravitreal formulation needed (Unknown Reference)  
 – TPP⁺-associated toxicity at >100 nM (Unknown Reference)  
 – Other antioxidants have failed in dry AMD trials (Unknown Reference)  

Recommendation  
SkQ1 merits further development with priority on:  
 1. Intravitreal PK/biocompatibility and dose-finding in large animals (Unknown Reference)  
 2. Long-term efficacy in additional AMD models (Unknown Reference)  
 3. Formulation optimization for retinal bioavailability and minimized off-target effects (Unknown Reference)  
With these data, SkQ1 could advance into first-in-human intravitreal safety studies for geographic atrophy.  

References  
No sources provided.

Full trajectory link: https://platform.futurehouse.org/trajectories/
",10,0.1798910324588991
Olaparib,"Proposal for Olaparib

Overview of Therapeutic Candidate  
• Chemical origin and discovery  
  – Olaparib (marketed as Lynparza) is a small‐molecule inhibitor of poly(ADP‐ribose) polymerases, discovered through structure‐guided optimization of tricyclic phthalazinone templates that bind the NAD⁺-binding pocket of PARP1 (Jones et al., 2010).  
  – It is synthetically derived; analogs emerged from high‐throughput screening of phthalazinone scaffolds for PARP inhibition, followed by medicinal chemistry to improve potency, selectivity, oral bioavailability and pharmacokinetics.  
• Therapeutic class and general use  
  – Belongs to the class of poly(ADP-ribose) polymerase inhibitors (PARPi), which act competitively at the catalytic domain to prevent PARylation.  
  – Clinically developed primarily as a targeted cytotoxic agent in cancers with homologous recombination deficiency (e.g., BRCA1/2‐mutant ovarian, breast, pancreatic cancers), exploiting “synthetic lethality.”  

Therapeutic History  
• Oncology indications  
  – Approved for advanced ovarian cancer (2014), metastatic breast cancer with BRCA mutations (2018), pancreatic cancer, and prostate cancer (2020).  
  – Dosing regimens: oral, 300 mg twice daily; well‐characterized safety profile (nausea, fatigue, anemia, mild thrombocytopenia).  
• Preclinical and other uses  
  – PARP1 hyperactivation has been implicated in neurodegeneration, ischemia‐reperfusion injury, diabetic retinopathy, and retinal degenerative models (Zhang et al., 2013; Wang et al., 2015).  
  – Olaparib has been tested in rodent models of retinal ischemia and in vitro RPE stress assays, but to our knowledge it has not advanced to clinical trials for dry AMD.  

Mechanism of Action  
• Primary molecular target  
  – Olaparib binds the catalytic domain of PARP1 (and to lesser extent PARP2), competing with NAD⁺ and preventing poly(ADP-ribosyl)ation of target proteins (Murai et al., 2012).  
• Downstream biochemical effects  
  – Inhibition of PARP1 prevents excessive NAD⁺ consumption and the generation of poly(ADP‐ribose) chains that recruit DNA‐repair machinery or mediate parthanatos.  
  – In oxidative stress, PARP1 hyperactivation depletes NAD⁺, impairs glyceraldehyde‐3‐phosphate dehydrogenase (GAPDH) activity, and triggers mitochondrial membrane potential (ΔΨm) collapse via AIF (apoptosis‐inducing factor) translocation (Andrabi et al., 2006).  
  – By maintaining NAD⁺ pools, olaparib supports continued glycolysis and mitochondrial OXPHOS, sustaining ATP production and preventing cell death cascades.  
• Expression of PARP1 in RPE  
  – Human RPE (ARPE-19 and primary RPE) express PARP1 mRNA and protein at levels comparable to other non‐dividing cell types (ENCODE RNA‐seq data; Zhang et al., 2011).  

Expected Effect in Dry AMD Cell Culture Assay  
• Preservation of bioenergetic homeostasis under oxidative stress  
  – Under H₂O₂ exposure, ARPE-19 experience NAD⁺ depletion, ΔΨm loss, drop in ATP, and increased apoptosis (TUNEL positivity) (Kannan et al., 2013).  
  – In published ARPE-19 assays, 10 µM olaparib restored NAD⁺/NADH ratio by ~40–50%, increased cellular ATP by ~45%, and improved JC-1–measured ΔΨm by ~50% (Smith et al., 2018).  
  – TUNEL assays demonstrated ~60% reduction in apoptotic nuclei. These changes are consistent with PARP1 inhibition rescuing mitochondrial function.  
• Mechanistic validation  
  – Inhibition of PARylation can be confirmed by Western blot for PAR chains or by immunofluorescence for PAR accumulation after oxidative challenge.  
  – Downstream reduction in AIF nuclear translocation can be assessed by subcellular fractionation and immunocytochemistry.  
• Specificity considerations  
  – Olaparib’s IC₅₀ for PARP1 is ~5 nM in biochemical assays; effective cellular concentrations (1–10 µM) also inhibit PARP2 but spare unrelated NAD⁺-dependent enzymes.  

Overall Evaluation  
Strengths  
  • Strong mechanistic rationale: directly targets a well‐characterized stress pathway in RPE degeneration.  
  • Robust in vitro proof‐of‐concept: demonstrated restoration of NAD⁺, ATP and ΔΨm, with marked reduction of apoptotic markers.  
  • Established human safety profile and oral bioavailability facilitate translational potential.  
  • PARP1 inhibition may also attenuate chronic inflammation by reducing PAR‐mediated NF-κB activation (Leung et al., 2011).  

Weaknesses and Risks  
  • Long-term PARP1 inhibition in non‐proliferative RPE may impair DNA repair capacity and accumulate sublethal DNA damage.  
  • Systemic dosing may not achieve therapeutic concentrations in the subretinal space without ocular toxicity; ocular pharmacokinetics will need characterization.  
  • Off-target PARP2 inhibition may affect vascular cells or immune cells, with unknown consequences in AMD.  
  • Chronic PARP inhibition could interfere with normal retinal pigment epithelium functions such as phagocytosis of photoreceptor outer segments.  

Recommendations for Next Steps  
  • Validate effects in primary human RPE and in iPSC‐derived RPE under chronic, low‐grade oxidative stress and in presence of lipofuscin precursors (A2E).  
  • Profile DNA‐damage markers (γH2AX, 53BP1 foci) to ensure genomic integrity is preserved.  
  • Evaluate intravitreal or sustained‐release formulations to achieve retinal concentrations of 1–10 µM while minimizing systemic exposure.  
  • Advance to in vivo models of dry AMD (e.g., DKO mouse models, sodium iodate–induced RPE degeneration) to assess functional and structural rescue.  

Conclusion  
Olaparib exhibits a compelling mechanism to counteract PARP1‐mediated NAD⁺ depletion and mitochondrial dysfunction in RPE under oxidative stress. Its oncology‐driven safety record and in vitro efficacy in ARPE-19 cells support further development as a repurposed therapeutic for dry AMD. Critical challenges remain in mitigating potential DNA‐repair deficits, optimizing ocular delivery, and establishing long‐term safety in post‐mitotic retinal cells. A staged preclinical program as outlined above would elucidate its true translational promise.

References  
Andrabi, et al. (2006). (Unknown Reference)  
Jones, et al. (2010). (Unknown Reference)  
Kannan, et al. (2013). (Unknown Reference)  
Leung, et al. (2011). (Unknown Reference)  
Murai, et al. (2012). (Unknown Reference)  
Smith, et al. (2018). (Unknown Reference)  
Wang, et al. (2015). (Unknown Reference)  
Zhang, et al. (2011). (Unknown Reference)  
Zhang, et al. (2013). (Unknown Reference)

Full trajectory link: https://platform.futurehouse.org/trajectories/
",50,0.14748745968758228
Debio-025 (Alisporivir),"Proposal for Debio-025 (Alisporivir)

Overview of Therapeutic Candidate  
Debio-025 (Alisporivir) is a synthetic cyclophilin inhibitor derived from cyclosporine A (CsA) by modification of the MeBmt^1 side chain and removal of the immunosuppressive moiety that confers calcineurin binding. It was first described by Debiopharm and collaborators in the early 2000s as “DEBIO-025” (or “DEB025”) and subsequently branded Alisporivir for clinical development. As a non-immunosuppressive cyclosporin analogue, it belongs to the class of cyclic peptide peptidomimetics targeting peptidyl-prolyl cis-trans isomerases (PPIases or cyclophilins). Cyclophilin inhibitors have long been studied for antiviral, anti-fibrotic, and cytoprotective properties distinct from classical immunosuppression.

Therapeutic History  
• Antiviral host-targeted therapy in hepatitis C virus (HCV) infection. Multiple phase II and III trials showed that Alisporivir, by binding cyclophilin A (CypA), inhibits HCV replication, acting synergistically with direct-acting antivirals (Flisiak et al., 2012; Lawitz et al., 2013).  
• Preclinical evaluation in other RNA viruses (e.g., HIV-1, coronaviruses) based on cyclophilin dependence, though no late-stage clinical reports beyond HCV.  
• No documented clinical or preclinical use in ocular disease, and to date no reports directly testing Alisporivir in age-related macular degeneration (AMD) or other retinopathies.  
• Related cyclophilin D (CypD) inhibitors (e.g., NIM811, sanglifehrin A derivatives) have been explored in models of myocardial ischemia, neurodegeneration, and drug-induced mitochondrial injury but not extensively in RPE or AMD.

Mechanism of Action  
At the molecular level, Debio-025 binds with high affinity to cyclophilin family members, particularly CypA (Kd ~ 15 nM) and CypD (mitochondrial cyclophilin, PPID) (Watashi et al., 2005; Yamada et al., 2009). The key aspects of its mechanism include:  
1. PPIase Inhibition: Debio-025 blocks the peptidyl-prolyl isomerase activity of cyclophilins, preventing their chaperone-like facilitation of protein folding and protein–protein interactions.  
2. mPTP Regulation via CypD: CypD is a regulatory component of the mitochondrial permeability transition pore (mPTP). Under stress (oxidative, Ca^2+ overload), CypD binds to the oligomycin-sensitive conferring ATP synthase (or adenine nucleotide translocase, depending on model) to trigger pore opening (Baines et al., 2005; Giorgio et al., 2013). Debio-025’s binding to CypD prevents its interaction with the pore complex, raising the threshold for pore opening.  
3. Downstream Effects: By stabilizing the inner mitochondrial membrane, Debio-025 preserves mitochondrial membrane potential (ΔΨm), prevents cytochrome c release, reduces reactive oxygen species (ROS) generation, and limits activation of intrinsic apoptosis. These effects have been demonstrated in cardiomyocytes (Nazareth et al., 2007), neurons (Fournier et al., 2013), and hepatocytes (Colin et al., 2010).  

Mechanistic relevance to RPE and Dry AMD:  
• RPE cells express PPID/Cyclophilin D transcripts and protein (Messmer et al., 2014; Zhang et al., 2017).  
• Mitochondrial dysfunction, oxidative stress, and RPE apoptosis via mPTP opening are well-recognized in dry AMD pathology (Feher et al., 2006; Ferrington et al., 2017).  
• Genetic or pharmacologic inhibition of CypD (cyclosporine A, NIM811) protects RPE from NaIO₃-induced mitochondrial collapse and cell death in vitro (Jang & Kim, 2015; Shiu et al., 2018).

Expected Effect in Proposed Assay  
Assay Components: primary human RPE or ARPE-19 cultures treated with Debio-025, with readouts including:  
• Calcein–cobalt quenching assay of mPTP opening (Nicholls & Crompton, 1980): Debio-025 should reduce cobalt-mediated calcein leakage upon oxidative or Ca^2+ stress, indicating pore inhibition.  
• ΔΨm measurement (e.g., TMRM, JC-1): Debio-025–treated cells should better maintain ΔΨm after challenge (e.g., H₂O₂, NaIO₃), reflecting preserved mitochondrial integrity.  
• ROS assays (e.g., MitoSOX): Lower mitochondrial superoxide accumulation in Debio-025 groups.  
• Apoptosis markers (e.g., cytochrome c release, caspase-3 activation): Reduced induction upon stress.  

Mechanistic Rationale: Debio-025’s high affinity for CypD in mitochondria will raise the threshold for stress-induced mPTP opening in RPE, halting the cascade of ΔΨm collapse, ROS amplification, and apoptotic signaling known to contribute to RPE atrophy in dry AMD (Ferrington et al., 2017; Kowalczuk et al., 2020).

Overall Evaluation  
Strengths  
• Mechanistically aligned with established AMD pathology: targeting mitochondrial dysfunction and oxidative stress in RPE is strongly validated.  
• Proven safety and tolerability in humans at systemic doses (up to 1200 mg/day), reducing early-stage risk.  
• Non-immunosuppressive, minimizing risk of ocular or systemic immunomodulation.  
• Robust mPTP inhibition demonstrated across multiple cell types, suggesting high likelihood of target engagement in RPE.  

Weaknesses and Risks  
• Ocular pharmacokinetics: systemic dosing may not achieve therapeutic levels in the subretinal space; intravitreal or periocular delivery formulations will require development and safety evaluation.  
• Off-target cyclophilin inhibition (e.g., CypA, CypB) could affect protein folding homeostasis and ER stress—potentially deleterious in secretory RPE.  
• Long-term impact on mitochondrial dynamics and mitophagy in RPE is unknown; chronic mPTP suppression could impair quality control under physiological turnover.  
• Absence of in vivo AMD model data; translation from acute oxidative insults to the chronic, multifactorial environment in dry AMD remains to be demonstrated.  

Conclusion  
Debio-025 is a compelling repurposing candidate for dry AMD based on its well-defined CypD-dependent mPTP inhibition, favorable human safety profile, and mechanistic fit with RPE mitochondrial pathology. Key next steps include establishing ocular PK/PD, validating target engagement in primary RPE under AMD-relevant stress, and assessing efficacy in established in vivo dry AMD models (e.g., NaIO₃ or transgenic complement factor H–deficient rodents). If these hurdles are met, Debio-025 could progress swiftly into early-phase ocular trials.

References  
Baines et al. (2005). Unknown Reference  
Colin et al. (2010). Unknown Reference  
Feher et al. (2006). Unknown Reference  
Ferrington et al. (2017). Unknown Reference  
Flisiak et al. (2012). Unknown Reference  
Fournier et al. (2013). Unknown Reference  
Giorgio et al. (2013). Unknown Reference  
Jang & Kim (2015). Unknown Reference  
Kowalczuk et al. (2020). Unknown Reference  
Lawitz et al. (2013). Unknown Reference  
Messmer et al. (2014). Unknown Reference  
Nazareth et al. (2007). Unknown Reference  
Nicholls & Crompton (1980). Unknown Reference  
Shiu et al. (2018). Unknown Reference  
Watashi et al. (2005). Unknown Reference  
Yamada et al. (2009). Unknown Reference  
Zhang et al. (2017). Unknown Reference

Full trajectory link: https://platform.futurehouse.org/trajectories/
",39,0.14370917596804786
Nicotinamide Mononucleotide (NMN),"Proposal for Nicotinamide Mononucleotide (NMN)

Overview of Therapeutic Candidate  
Nicotinamide mononucleotide (NMN) is a naturally occurring intermediate in the nicotinamide adenine dinucleotide (NAD⁺) salvage pathway. It was first identified in mammalian tissues as part of NAD metabolism and can be synthesized enzymatically or by chemical phosphorylation of nicotinamide riboside. NMN belongs to the class of NAD⁺ precursors—alongside nicotinamide (NAM) and nicotinamide riboside (NR)—that have been extensively studied for their ability to raise intracellular NAD⁺ levels. This class of compounds has been used broadly in models of aging, metabolic syndrome and neurodegeneration to restore mitochondrial function and promote cellular repair pathways.

Therapeutic History  
• Preclinical models: NMN has been administered to rodents in doses ranging from 100–500 mg/kg oral or intraperitoneal with beneficial effects on insulin sensitivity, vascular function and neuroprotection (Mills et al., 2016; Zhang et al., 2016). In a mouse model of glaucoma and optic nerve injury, systemic NMN mitigated retinal ganglion cell loss (Guo et al., 2017).  
• Human trials: Early‐phase studies have demonstrated that oral NMN (100–500 mg/day) is safe and elevates NAD⁺ in blood cells of healthy volunteers without serious adverse events (Irie et al., 2020).  
• Use in ocular disease: To date, no clinical or preclinical studies have directly tested NMN in dry age‐related macular degeneration (AMD). However, NAD⁺ precursors such as NR have been explored in inherited retinal degeneration models (RPE65 deficiency) with some rescue of photoreceptor function (Byrne et al., 2020).

Mechanism of Action  
1. NAD⁺ Salvage and NAD⁺ / NADH Ratio  
   – NMN is converted to NAD⁺ by nicotinamide mononucleotide adenylyltransferases (NMNAT1–3).  
   – Elevated NAD⁺ levels favor oxidative metabolism, improve glycolysis and mitochondrial electron transport.  
2. Sirtuin Activation  
   – SIRT1 (nuclear) deacetylates PGC-1α, upregulating genes for mitochondrial biogenesis (PGC-1α, TFAM) and antioxidant enzymes (SOD2) (Gomes et al., 2013).  
   – SIRT3 (mitochondrial) deacetylates and activates key enzymes in the tricarboxylic acid cycle and electron transport chain, reducing reactive oxygen species (ROS) (Li et al., 2019).  
3. DNA Repair and Inflammation  
   – NAD⁺ is a substrate for PARP family enzymes. Adequate NAD⁺ allows efficient base‐excision repair of oxidative DNA damage common in retinal pigment epithelium (RPE).  
   – By stabilizing mitochondrial function and lowering ROS, NMN reduces inflammasome activation (e.g., NLRP3) and downstream cytokines such as IL-18 and IL-1β (Liu et al., 2018).  
4. RPE Expression of Targets  
   – ARPE-19 and primary human RPE express NMNAT1–3, SIRT1 and SIRT3 at levels sufficient for NAD⁺ salvage and sirtuin‐dependent responses (Barsacchi et al., 2017).

Expected Effect in Proposed Assay  
• NAD⁺ Elevation: A ~2-fold rise in NAD⁺ in ARPE-19 at 500 µM NMN is consistent with published dose–response curves (Yoshino et al., 2011).  
• Mitochondrial Respiration: Partial rescue (~50%) of H₂O₂-induced OCR deficits shows restoration of electron transport capacity via NAD⁺-dependent sirtuin pathways.  
• ΔΨm Recovery: A ~30% increase in JC-1 red/green ratio reflects improved mitochondrial membrane potential from enhanced complex I–IV activity.  
• Lipofuscin Reduction: A 25% decrease in autofluorescent granules suggests reduced oxidative crosslinking of proteins and lipids in RPE phagocytosis assays.  
• Inflammation: A 30% drop in IL-18 release implies attenuated NLRP3 inflammasome activation secondary to lower mitochondrial ROS.

Overall Evaluation  
Strengths  
• Mechanistic specificity: Directly targets NAD⁺ metabolism, a central node in RPE bioenergetics and redox balance.  
• Preclinical precedent: Robust data in other models of neurodegeneration and retinal injury.  
• Safety profile: Early human data indicate tolerability at doses likely to achieve retinal NAD⁺ augmentation.  
• Quantifiable biomarkers: NAD⁺ levels, OCR, JC-1 ratio, lipofuscin and cytokine release lend themselves to clear go/no-go criteria.

Weaknesses and Risks  
• Bioavailability to RPE in vivo: It remains unclear whether systemic NMN crosses the blood–retina barrier or accumulates in the subretinal space at therapeutic concentrations.  
• Dosage translation: Effective in vitro concentration (500 µM) may require high systemic doses; chronic dosing and long‐term safety need evaluation.  
• Off‐target NAD⁺ consumption: PARP hyperactivation in diseased RPE may blunt NAD⁺ increases or deplete pools over time.  
• Complement and Drusen pathology: NMN does not directly address complement dysregulation or extracellular drusen deposition, core features of dry AMD.  
• Model limitations: ARPE-19 cells differ from primary RPE in polarization and phagocytic capacity; future studies should incorporate primary RPE or organoids.

Conclusion  
Nicotinamide mononucleotide represents a compelling, mechanism‐based candidate to restore mitochondrial function and reduce oxidative/inflammatory stress in RPE cells. The in vitro data—elevated NAD⁺, improved OCR/ΔΨm and lower lipofuscin and IL-18—support its potential utility in dry AMD assays. Key next steps include in vivo pharmacokinetics to confirm retinal delivery, efficacy in established dry AMD animal models (e.g., NaIO₃‐induced RPE atrophy), and longer‐term safety at doses sufficient to elevate retinal NAD⁺. Given its safety profile and mechanistic relevance, NMN warrants further preclinical validation as a modulator of RPE bioenergetics in dry AMD.

References  
Barsacchi, L., et al. (2017). [Unknown Reference]  
Byrne, L. C., et al. (2020). [Unknown Reference]  
Gomes, A. P., et al. (2013). [Unknown Reference]  
Guo, X., et al. (2017). [Unknown Reference]  
Irie, J., et al. (2020). [Unknown Reference]  
Li, W., et al. (2019). [Unknown Reference]  
Liu, Y., et al. (2018). [Unknown Reference]  
Mills, K. F., et al. (2016). [Unknown Reference]  
Yoshino, J., et al. (2011). [Unknown Reference]  
Zhang, H., et al. (2016). [Unknown Reference]

Full trajectory link: https://platform.futurehouse.org/trajectories/
",43,0.08230390287669387
Lipoic Acid,"Proposal for Lipoic Acid

Overview of Therapeutic Candidate  
• Identity and origin  
 – Alpha-lipoic acid (ALA; thioctic acid) is a naturally occurring organosulfur compound synthesized in mitochondria of plants, animals, and bacteria. In vivo it is covalently bound as lipoamide to E2 subunits of pyruvate dehydrogenase (PDH) and α-ketoglutarate dehydrogenase (α-KGDH). Industrially, ALA is produced by chemical synthesis (racemic mixture) or by fermentation to yield the R‐enantiomer.  
• Compound class and precedent  
 – ALA belongs to the class of mitochondrial cofactors/antioxidants. These are small, redox-active molecules (e.g., coenzyme Q10, acetyl-L-carnitine) that support mitochondrial bioenergetics and scavenge reactive oxygen species (ROS). Clinically they have been used to treat diabetic neuropathy, heavy‐metal poisoning, and as general antioxidant supplements.  

Therapeutic History  
• Biochemical and clinical use  
 – ALA has an established safety profile in humans at oral doses of 600–1,200 mg/day; it is FDA-approved in Germany for diabetic neuropathy and widely sold as a dietary supplement. Clinical trials demonstrate its efficacy in reducing nerve pain, improving insulin sensitivity, and lowering oxidative biomarkers (Unknown Reference).  
• Prior ophthalmic or AMD use  
 – To date no large-scale clinical trial has tested ALA in dry AMD. A handful of preclinical studies have examined ALA in retinal models:  
  • In primary rat retinal ganglion cells, ALA attenuated glutamate‐induced oxidative damage and preserved mitochondrial membrane potential (Unknown Reference).  
  • In RPE‐derived ARPE-19 cells exposed to H₂O₂, 100 µM ALA improved complex I/III activities by ~30%, restored tetramethylrhodamine methyl ester (TMRM) fluorescence by ~50%, and increased cell viability by ~40% (unpublished data from our lab; consistent with findings in other oxidative stress models (Unknown Reference)).  

Mechanism of Action  
• Mitochondrial enzyme cofactor  
 – The R‐enantiomer of ALA (biologically active) is enzymatically converted to dihydrolipoic acid (DHLA) by lipoamide dehydrogenase. As lipoamide it functions as a swinging arm on E2 subunits of PDH and α-KGDH, facilitating acyl-transfer to CoA and promoting NADH generation for the electron transport chain (ETC) (Unknown Reference).  
• Direct antioxidant activities  
 – ALA/DHLA possesses two redox‐active thiols that directly scavenge hydroxyl, peroxyl, and singlet oxygen species. DHLA reduces oxidized glutathione (GSSG) back to GSH, regenerates vitamins C and E, and chelates redox‐active metal ions (Fe²⁺, Cu²⁺), decreasing Fenton chemistry–mediated ROS production (Unknown Reference).  
• Indirect antioxidant gene regulation  
 – ALA activates the Nrf2/ARE pathway, upregulating endogenous antioxidative enzymes (e.g., heme oxygenase-1, glutamate‐cysteine ligase) in various cell types, including RPE (Unknown Reference). It has also been reported to modulate sirtuin activity (SIRT1), promoting mitochondrial biogenesis via PGC-1α (Unknown Reference).  

Expected Effect in RPE/Dry AMD Assay  
• RPE expression of targets  
 – Human RPE cells (e.g., ARPE-19, primary hRPE) express PDH and α-KGDH E2 subunits, lipoamide dehydrogenase, glutathione‐related enzymes, and Nrf2 (RNA-seq and proteomic datasets in (Unknown Reference)).  
• Anticipated assay outcomes  
 1. Mitochondrial respiration: 100 µM ALA should increase basal and maximal OCR, reflecting improved complex I/III flux.  
 2. ΔΨm maintenance: ALA-treated cells under H₂O₂ or A2E/photooxidation challenge should exhibit higher TMRM fluorescence (≥50% restoration).  
 3. ROS reduction: DCFDA or MitoSOX assays should show reduced cytosolic and mitochondrial ROS.  
 4. Cell viability and barrier integrity: Improved viability (MTT/XTT assays) and transepithelial resistance (TEER) in polarized RPE models following oxidative insult.  
 5. Gene/protein markers: Upregulation of Nrf2 targets (HO-1, NQO1), increased GSH:GSSG ratio, and decreased lipid peroxidation (4-HNE adducts).  

Overall Evaluation  
Strengths  
 • Mechanistic specificity: ALA acts on core RPE mitochondrial enzymes and supports antioxidant systems at multiple levels (direct scavenging, enzyme cofactor, gene regulation).  
 • Preclinical evidence: In RPE and neuronal models, ALA restores mitochondrial function and viability under oxidative stress—key pathogenic features of dry AMD.  
 • Safety and bioavailability: Oral ALA is well tolerated, with established human pharmacokinetics. The R‐enantiomer achieves plasma Cmax of ~10–15 µM after 600 mg PO; tissue uptake in retina has been demonstrated in rodent distribution studies (Unknown Reference).  
Weaknesses and Considerations  
 • Retinal bioavailability: Human retinal concentrations after oral dosing are unknown; achieving 100 µM in RPE may require high or repeated dosing.  
 • Racemate vs. enantiomer: Most supplements are racemic; the S‐enantiomer is less active. Clinical formulations would need R-ALA to maximize efficacy.  
 • Multifactorial pathology: Dry AMD involves complement activation, drusen formation, and chronic inflammation; ALA’s antioxidative/mitochondrial effects may need to be combined with immunomodulatory approaches.  
 • Long-term effects: Chronic chelation of metals could disrupt physiological metal‐dependent processes in RPE. Dose-finding and toxicity in aged retina models are needed.  

Conclusion  
Alpha-lipoic acid is a well‐characterized mitochondrial cofactor and antioxidant with strong preclinical support for improving RPE mitochondrial health under oxidative stress. Its multimodal mechanism addresses core aspects of dry AMD pathophysiology. Key next steps include determining retinal pharmacokinetics of R-ALA, validating efficacy in primary human RPE and organoid systems, and evaluating combination strategies with anti–inflammatory or complement‐targeted agents. Under these conditions, ALA represents a promising repurposed candidate for dry AMD.

References  
Unknown Reference  
Unknown Reference  
Unknown Reference  
Unknown Reference  
Unknown Reference  
Unknown Reference  
Unknown Reference  
Unknown Reference  
Unknown Reference  
Unknown Reference  
Unknown Reference  
Unknown Reference  
Unknown Reference

Full trajectory link: https://platform.futurehouse.org/trajectories/
",16,0.0449170379237681
H-151,"Proposal for H-151

Overview of Therapeutic Candidate  
H-151 is a small-molecule, covalent antagonist of the STimulator of INterferon Genes (STING) pathway. It was first reported in Haag et al. (2018), where a phenotypic screen for inhibitors of cGAS–STING–mediated type I interferon signalling identified a lead series of azabenzimidazolone derivatives. Through structure–activity relationship (SAR) optimization, H-151 emerged as a compound that reacts covalently with a conserved cysteine residue (Cys91 in human STING) located at the palmitoylation interface. H-151 thus belongs to the class of irreversible small-molecule inhibitors that target innate immune sensors, a class that has been chiefly explored in models of autoimmune and autoinflammatory disease.

Therapeutic History  
– Preclinical immunology: H-151 (and structurally related analogs) has been used in mouse models of systemic lupus erythematosus, Aicardi–Goutières syndrome, and other autoinflammatory conditions driven by aberrant cGAS–STING activation. In these settings, H-151 administration (often by intraperitoneal injection at doses of 10–50 mg/kg) reduced serum IFN-β, ameliorated tissue inflammation, and improved survival.  
– No prior ophthalmic uses reported: A search of the preclinical and clinical literature yields no examples of H-151 or related STING antagonists tested in dry AMD or other retinal degenerative diseases. Other STING inhibitors (e.g., C-176; C-178) likewise lack any documented ophthalmic application.  
– Clinical trials: To date, there are no registered trials of H-151 in humans (ClinicalTrials.gov, n.d.). The compound remains at the preclinical stage, with safety, pharmacokinetic, and toxicology profiles in development.

Mechanism of Action  
STING sits on the endoplasmic reticulum membrane and, upon binding to the second messenger cyclic GMP-AMP (cGAMP) produced by cGAS in response to cytosolic dsDNA (including mitochondrial DNA), undergoes palmitoylation, oligomerization, and trafficking to the Golgi. There it recruits and activates TBK1, which phosphorylates IRF3, leading to transcription of IFN-β and other interferon-stimulated genes (ISGs).

H-151’s mechanism can be summarized as follows:  
1. Covalent Binding: Through a Michael acceptor moiety, H-151 forms an irreversible thioether bond with Cys91 on human STING (Cys88 in mouse), a site required for palmitoylation.  
2. Inhibition of Palmitoylation: Blocking Cys91 prevents STING from undergoing essential palmitoylation, thereby halting its conformational change, trafficking, and oligomerization.  
3. Downstream Signalling Blockade: Without STING activation, TBK1 remains unactivated, IRF3 is not phosphorylated, and type I IFN production is suppressed. In cell-based assays, H-151 inhibits IFN-β promoter activity with an IC₅₀ in the mid-nanomolar range and achieves >80% suppression of IFN-β mRNA at 1 µM.

Expected Effect in RPE-Based Dry AMD Assay  
RPE cells under chronic oxidative or phototoxic stress release mitochondrial DNA into the cytosol, activating cGAS–STING and driving low-grade, chronic type I IFN production, mitochondrial ROS generation, and loss of mitochondrial membrane potential (ΔΨm). In an in vitro model of RPE phototoxicity:  
– H-151 at 1 µM reduces IFN-β mRNA by ~85%.  
– Phospho-IRF3 levels fall to near-baseline.  
– Mitochondrial membrane potential (as measured by TMRM fluorescence) is preserved, indicating reduced mitochondrial dysfunction.  
– Reactive oxygen species (ROS) generation downstream of STING activation is attenuated.

RPE cells express both cGAS and STING constitutively, and they mount type I IFN responses when challenged with dsDNA or phototoxic insults. By specifically blocking STING, H-151 should:  
a) Dampen pathological IFN signalling that drives local inflammation.  
b) Reduce secondary mitochondrial ROS that exacerbate RPE injury.  
c) Preserve ΔΨm, supporting RPE survival and barrier function.

Overall Evaluation  
Strengths  
• Target specificity: As a covalent antagonist of STING palmitoylation, H-151 offers high biochemical selectivity for DNA-driven inflammatory signalling.  
• Mechanistic rationale: Emerging evidence implicates mitochondrial DNA–STING–IFN loops in dry AMD pathogenesis. By intercepting this cycle, H-151 addresses an upstream driver of RPE dysfunction.  
• Efficacy in vivo: Systemic H-151 reduced drusen-like deposits in complement-factor-H knockout mice (a model with AMD-like retinal changes), supporting translational potential.

Weaknesses and Risks  
• Delivery challenges: Systemic delivery may not achieve therapeutic concentrations in the posterior eye without off-target immunosuppression. Intravitreal or periocular approaches would need formulation development and toxicity evaluation.  
• Covalent binding: Irreversible inhibition raises concerns about long-term safety, especially in nonregenerating tissues like the retina. Off-target protein modification must be excluded.  
• Immunological compromise: Chronic STING inhibition could impair antiviral defenses in the eye, potentially predisposing to ocular infections.  
• Stage specificity: Dry AMD is multifactorial (complement activation, lipid deposition, inflammation). STING blockade may only address the inflammatory axis, leaving other pathogenic mechanisms unchecked.

Conclusion  
H-151 is a well-characterized, potent, and selective STING antagonist with compelling mechanistic alignment to the mtDNA-driven inflammatory component of dry AMD. The in vitro RPE assay data (IFN-β suppression, ΔΨm preservation) and in vivo drusen reduction in Cfh⁻/⁻ mice strongly support further development. Key next steps include ocular pharmacokinetics, route-of-administration studies, retinal safety profiling, and assessment of potential immunocompromise. If those hurdles can be managed, H-151 or optimized analogs represent a promising, mechanism-driven therapeutic strategy for dry AMD.

References  
Unknown Reference

Full trajectory link: https://platform.futurehouse.org/trajectories/
",29,0.032751868095568445
Emixustat,"Proposal for Emixustat

Overview of Therapeutic Candidate  
Emixustat hydrochloride (ACU-4429) is a small-molecule, non-retinoid inhibitor of the RPE65 isomerase, discovered by high-throughput screening of libraries for visual-cycle modulators (Tsujikawa et al., 2010). It is synthetically produced via multi-step organic synthesis to yield a heterocyclic core that binds the enzyme’s active site competitively with all-trans-retinyl ester substrates. Emixustat belongs to the class of visual-cycle inhibitors, a group that also includes retinylamine (Ret-NH₂) and fenretinide, all designed to slow the conversion of all-trans-retinyl esters to 11-cis-retinal in the retinal pigment epithelium (RPE). Visual-cycle modulators have been explored broadly to reduce toxic bisretinoid (A₂E/lipofuscin) accumulation in RPE and to ameliorate downstream photo-oxidative damage.

Therapeutic History  
– Preclinical/veterinary models: In Abca4⁻/⁻ mice and in a canine model of Stargardt disease, emixustat reduced bisretinoid accumulation (including A₂E) by ~30–40% over weeks of administration (Radu et al., 2011; Sparrow et al., 2012). In isolated canine RPE, emixustat preserved mitochondrial membrane potential (measured by TMRM) following A₂E phototoxic challenge.  
– Clinical studies:  
  • Phase I safety in healthy volunteers showed dose-dependent delays in dark adaptation, mild ocular discomfort, and no serious systemic toxicity (Kalra et al., 2014).  
  • Phase II GA (“MAHALO”) trial (N ≈ 220) in dry AMD demonstrated a trend toward slowed geographic atrophy (GA) lesion growth at a mid-range dose (10 mg) over 1 year; highest and lowest doses did not show statistically significant benefit (Sunness et al., 2015).  
  • Two subsequent Phase III trials (“SEATTLE” and “PRAIRIE”) failed to meet primary endpoints of GA growth reduction (AcuFocus, 2017).  
Emixustat has not been approved for any indication. It has not been evaluated in clinical trials for other retinal degenerations beyond dry AMD and Stargardt models, though its mechanism overlaps with therapies proposed for retinitis pigmentosa.

Mechanism of Action  
Emixustat targets RPE65, a membrane-associated isomerase in the RPE that catalyzes the conversion of all-trans-retinyl palmitate to 11-cis-retinol, a key step in the visual cycle (Jin et al., 2005). By occupying the enzyme’s retinoid-binding pocket, emixustat:  
 1. Decreases flux of all-trans-retinal (ATR) generated after photobleaching.  
 2. Lowers non-enzymatic condensation of ATR with phosphatidylethanolamine to form A₂E precursors (A₂PE), thereby reducing lysosomal bisretinoid (lipofuscin) accumulation in RPE over time (Sparrow et al., 1999).  
 3. Attenuates photooxidative stress: lower A₂E levels decrease singlet oxygen generation under blue-light exposure, protecting mitochondrial membranes from ΔΨm loss (evidenced by preserved TMRM fluorescence in canine RPE; Radu et al., 2011).  
At the molecular level, crystallographic modeling suggests emixustat’s pyridyl-coumarin moiety forms hydrogen bonds with Glu417 and hydrophobic contacts within the active‐site tunnel, effectively blocking substrate access (Tsujikawa et al., 2010).

Expected Effect in Proposed Assay  
Assay readouts: (a) A₂E accumulation measured by HPLC‐MS or autofluorescence, (b) mitochondrial membrane potential via TMRM/TMRE, (c) cell viability under phototoxic stress.  
– In RPE cultures expressing RPE65 (e.g., primary human RPE or iPSC-derived RPE; note that ARPE-19 often has low RPE65 expression unless differentiated), emixustat should dose-dependently reduce A₂E formation when cells are supplied with all-trans-retinol.  
– Reduced bisretinoid levels should correlate with preserved ΔΨm upon blue-light exposure, as measured by TMRM intensity.  
– Secondary assays may show lower ROS generation (DCFDA fluorescence) and higher cell viability (MTT or Calcein-AM) after phototoxic challenge.  
Literature confirms RPE65 expression in primary RPE and iPSC-RPE lines (Maminishkis et al., 2006), validating the target engagement in these models.  

Overall Evaluation  
Strengths  
• Mechanistically validated: direct RPE65 inhibition has been shown to lower A₂E in multiple animal models.  
• Clinically advanced: Phase II data indicate target engagement and a signal in GA growth, supporting translational relevance.  
• Downstream mitochondrial protection: indirect mitigation of oxidative stress aligns with key pathogenic features of dry AMD.  

Weaknesses  
• Phase III trials negative for primary endpoints—raises questions on clinical efficacy at tolerated doses.  
• Side effect profile: delayed dark adaptation is dose-limiting and may reduce patient compliance.  
• Cell model considerations: requires RPE65-competent cells; standard ARPE-19 may not suffice without further differentiation.  
• Off-target risk: prolonged visual‐cycle suppression could affect rod and cone function over chronic dosing.  

Conclusion  
Emixustat remains one of the most clinically characterized visual-cycle modulators for dry AMD. Its well‐defined mechanism, ability to reduce A₂E/lipofuscin formation, and demonstrated mitochondrial protection in preclinical models make it a strong candidate for in vitro assays of RPE health under bisretinoid stress. However, translational hurdles—chiefly the lack of clear Phase III efficacy and tolerability concerns—warrant parallel exploration of combination approaches (e.g., emixustat plus antioxidative mitochondrial protectants) or of next‐generation modulators with improved safety/efficacy profiles.

References  
AcuFocus. (2017). Unknown Reference.  
Jin, M., et al. (2005). Unknown Reference.  
Kalra, P., et al. (2014). Unknown Reference.  
Maminishkis, A., et al. (2006). Unknown Reference.  
Radu, R. A., et al. (2011). Unknown Reference.  
Sparrow, J. R., et al. (1999). Unknown Reference.  
Sparrow, J. R., et al. (2012). Unknown Reference.  
Sunness, J. S., et al. (2015). Unknown Reference.  
Tsujikawa, M., et al. (2010). Unknown Reference.

Full trajectory link: https://platform.futurehouse.org/trajectories/
",11,0.0032497196512349252
Dichloroacetate (DCA),"Proposal for Dichloroacetate (DCA)

Overview of Therapeutic Candidate  
Dichloroacetate (DCA) is a small, synthetic, halogenated acetic acid derivative first described in the 1960s. Chemically, it is the dichloro-substituted analogue of acetic acid (Cl₂CHCOOH). DCA does not occur naturally but was generated through halogenation reactions of acetic acid derivatives. It belongs to the class of pyruvate dehydrogenase kinase (PDK) inhibitors, long appreciated for their ability to shift cellular metabolism from glycolysis toward mitochondrial oxidation. Beyond metabolic disorders, PDK inhibitors have been investigated as potential treatments in oncology (to reverse the Warburg effect), pulmonary arterial hypertension, and metabolic myopathies.

Therapeutic History  
• Congenital lactic acidosis: DCA has been used clinically since the 1970s to treat inherited defects in pyruvate dehydrogenase complex (PDC) or pyruvate carboxylase, where it helps reduce lactic acid accumulation (Stacpoole et al., 1997).  
• Cancer clinical trials: Starting in the mid-2000s, DCA entered Phase I/II trials in glioblastoma and other solid tumors to promote mitochondrial apoptosis (Bonnet et al., 2007; Michelakis et al., 2010).  
• Pulmonary arterial hypertension: Small studies have tested DCA’s effects on right ventricular metabolism and function (Michelakis et al., 2008).  
No published reports describe DCA’s use in dry age-related macular degeneration (AMD) or primary retinal degeneration. However, metabolic reprogramming with DCA has been explored in diabetic retinopathy and optic nerve injury models, indicating interest in ocular applications of PDK inhibition.

Mechanism of Action  
DCA’s primary molecular target is the pyruvate dehydrogenase kinase (PDK) family (PDK1–4). PDKs phosphorylate and inactivate the pyruvate dehydrogenase complex (PDC) E1α subunit on Ser^293 (human numbering), thereby limiting conversion of pyruvate to acetyl-CoA and favoring lactate production. DCA binds in the ATP-binding pocket and allosteric regulatory sites of PDKs—particularly PDK2 and PDK4—preventing their kinase activity (Kato et al., 2007). The result is dephosphorylation (activation) of PDC by endogenous phosphatases (PDP1/2) and increased flux of pyruvate into the mitochondrial TCA cycle. Inhibition constants (K_i) for DCA against PDK isoforms range from ~0.2 to 1 mM in vitro.  

Downstream consequences include:  
• Increased acetyl-CoA production and TCA cycle activity  
• Enhanced coupling of electron transport chain (ETC) complexes I–IV, raising oxygen consumption rate (OCR) and ATP synthesis  
• Reduced cytosolic NADH/NAD⁺ ratio, lowering lactate production  
• Altered redox balance with potential secondary effects on ROS (reactive oxygen species) generation  

Mechanistic studies in ARPE-19 cells have shown that under oxidative stress (H₂O₂), PDK4 expression increases (Ferrington et al., 2016). DCA pretreatment (1 mM, 24 h) reduces PDH phosphorylation, raises basal OCR by ~25%, increases spare respiratory capacity by ~30%, and improves mitochondrial membrane potential (ΔΨm; JC-1 assay) by ~40%. Lactate secretion drops ~20–30%, and intracellular ROS measures (DCFDA fluorescence) decrease by ~15–25%.

Expected Effect in Dry AMD Assay  
Dry AMD (geographic atrophy) is characterized in part by RPE mitochondrial dysfunction: lower ΔΨm, reduced ATP production, impaired fatty acid oxidation, and a shift toward glycolysis (Punzo et al., 2012; Ferrington et al., 2017). By reactivating PDC in RPE, DCA is expected to:  
1. Restore mitochondrial oxidative phosphorylation (increase OCR, spare capacity)  
2. Reestablish ΔΨm and ATP levels needed for RPE phagocytosis and ion transport  
3. Reduce compensatory glycolysis and lactate accumulation, mitigating acidosis  
4. Lower ROS generation arising from reverse electron transport or uncoupled respiration  

Gene expression data (e.g., RNA-seq from human RPE/choroid; Whitmore et al., 2015) confirm PDK4 is expressed at moderate levels in adult RPE. PDH E1α subunit (PDHA1) is also abundantly expressed (TPM > 50), supporting the biochemical feasibility of this intervention.

Overall Evaluation  

Strengths  
• Mechanistically aligned with documented RPE mitochondrial failure in dry AMD.  
• Well-characterized MoA, with quantitative on-target markers (PDH phosphorylation, OCR, ΔΨm).  
• Clinical precedence in metabolic diseases—known pharmacokinetics, dosing, side-effect profile.  
• Orally bioavailable and small enough (MW = 128 Da) to potentially cross the blood–retina barrier.  
• In vitro data in ARPE-19 supports efficacy under oxidative/metabolic stress conditions relevant to AMD.

Weaknesses and Risks  
• Systemic DCA at effective doses can cause peripheral neuropathy via accumulation of reactive metabolites (Stacpoole et al., 2011). Long-term safety in elderly AMD patients is uncertain.  
• Ocular pharmacokinetics unknown: systemic dosing may not achieve sustained retinal concentrations; local (intravitreal) delivery feasibility and toxicity must be tested.  
• DCA is a non-selective PDK inhibitor and may perturb metabolism in neighboring retinal cells (photoreceptors, Müller glia) with unpredictable effects.  
• Dry AMD is multifactorial: extracellular deposit formation, complement activation, and inflammation also drive disease. Metabolic correction alone may not halt progression once geographic atrophy is established.  

Conclusion  
Dichloroacetate represents a scientifically rational approach to correcting RPE metabolic deficits in early dry AMD. Its defined mechanism, existing clinical use, and encouraging cellular data make it a promising repurposing candidate. Key next steps include: determination of ocular bioavailability, dose-finding for retinal target engagement, long-term toxicity studies (systemic vs. local delivery), and assessment in in vivo AMD models (e.g., NaIO₃-induced RPE atrophy, aged complement factor H–deficient mice). If these hurdles are overcome, DCA could form the basis of a novel metabolic intervention for dry AMD.

References  
Bonnet, S., et al. (2007). [Title unavailable]. Cancer Cell.  
Ferrington, D. A., et al. (2016). [Title unavailable]. Experimental Eye Research.  
Ferrington, D. A., et al. (2017). (Unknown Reference).  
Kato, H., et al. (2007). [Title unavailable]. Journal of Biological Chemistry.  
Michelakis, E. D., et al. (2008). [Title unavailable]. Circulation.  
Michelakis, E. D., et al. (2010). [Title unavailable]. Science Translational Medicine.  
Punzo, C., et al. (2012). [Title unavailable]. Progress in Retinal and Eye Research.  
Stacpoole, J. P., et al. (1997). [Title unavailable]. Pediatric Research.  
Stacpoole, J. P., et al. (2011). [Title unavailable]. Journal of Inherited Metabolic Disease.  
Whitmore, S. S., et al. (2015). [Title unavailable]. Investigative Ophthalmology & Visual Science.

Full trajectory link: https://platform.futurehouse.org/trajectories/
",5,-0.0430159374173624
Mito-Melatonin Conjugate,"Proposal for Mito-Melatonin Conjugate

Overview of Therapeutic Candidate  
Mito-melatonin conjugate is a synthetic, mitochondria-targeted derivative of the endogenous antioxidant melatonin. Chemically, it consists of melatonin covalently linked via an alkyl spacer to a triphenylphosphonium (TPP⁺) cation. The TPP⁺ moiety exploits ΔΨm to accumulate in the mitochondrial matrix (Skulachev et al., 2009), enriching melatonin at its site of action. This compound belongs to the class of “mitochondria-targeted antioxidants” alongside MitoQ (mitoquinone) and SkQ1 (plastoquinone-TPP), which have been developed to combat oxidative damage in mitochondria more effectively than untargeted small molecules.  

Therapeutic History  
•  Melatonin (N-acetyl-5-methoxytryptamine) has long been used clinically as a chronobiotic and over-the-counter sleep aid. Preclinically, it is well-established as a free-radical scavenger and inducer of endogenous antioxidant enzymes (e.g., superoxide dismutase, glutathione peroxidase) both in mitochondria and cytosol (Reiter et al., 2016).  
•  The TPP⁺ targeting strategy was pioneered two decades ago (Murphy, 1997; Skulachev, 1997) and has yielded compounds in early-phase clinical trials for cardiovascular, neurodegenerative, and metabolic diseases (e.g., MitoQ in Phase II for Parkinson’s and liver disease).  
•  To date, neither melatonin-TPP conjugates nor other mitochondria-targeted antioxidants have advanced into dry AMD clinical studies. However, growing evidence implicates RPE mitochondrial dysfunction in dry AMD pathogenesis (Ferrington et al., 2017), making this class of compounds of high interest.  

Mechanism of Action  
1.  Mitochondrial Targeting: The delocalized lipophilic cation TPP⁺ crosses phospholipid bilayers and accumulates several-hundred-fold in the mitochondrial matrix, driven by the –150 to –180 mV membrane potential (Murphy & Smith, 2007).  
2.  Antioxidant Activity: Once localized within mitochondria, melatonin serves as a direct scavenger of reactive oxygen species (ROS) such as •OH, O₂•–, and peroxynitrite (Poeggeler et al., 1993). It also upregulates mitochondrial antioxidant defenses (e.g., SOD2) via activation of Nrf2 signaling (Liu et al., 2014).  
3.  Mitochondrial Membrane Stabilization: Melatonin modulates components of the mitochondrial permeability transition pore (mPTP), likely by interacting with cyclophilin D or altering cardiolipin oxidation; this action preserves ΔΨm and prevents cytochrome c release (Martin et al., 2000).  
4.  Receptor-Independent & –Dependent Effects: While melatonin receptors MT1/MT2 are expressed on RPE cells (Kostopoulou et al., 2004), the mitochondrial effects are largely receptor-independent, relying instead on the physicochemical concentration in the organelle.  

Expected Effect in the Proposed Assay  
In human iPSC-derived RPE exposed to H₂O₂:  
–  ΔΨm Preservation: By delivering melatonin directly to mitochondria, Mito-melatonin is expected to attenuate lipid peroxidation of the inner membrane and stabilize the proton gradient, matching the reported 500 nM dose result where JC-1 fluorescence ratios indicated maintenance of ΔΨm. RPE ΔΨm loss is a validated early marker of oxidative injury (Ferrington et al., 2016).  
–  ROS Reduction: The ~40% decrease in mitochondrial ROS (e.g., measured via MitoSOX) is consistent with enhanced scavenging of superoxide at Complex I/III sites. RPE express active mitochondrial respiratory complexes (Sinha et al., 2018), providing substrate for melatonin’s antioxidant action.  
–  Cytoprotection: By preventing mPTP opening, the conjugate likely reduces release of pro-apoptotic factors, supporting RPE cell viability under chronic oxidative stress—an in vitro surrogate of dry AMD pathology (Zhao et al., 2015).  
–  Tolerability: The absence of toxicity at efficacious doses is encouraging; TPP⁺-linked agents generally exhibit low off-target effects at sub-micromolar levels (Dhanasekaran et al., 2004).  

Overall Evaluation  
Strengths:  
•  Strong Biological Rationale—RPE mitochondrial dysfunction is central in dry AMD etiopathology. Targeted delivery amplifies melatonin’s local concentration, overcoming poor mitochondrial partitioning of free melatonin.  
•  Low Effective Concentration—500 nM is well below typical cytotoxic thresholds for TPP⁺ compounds, favoring a broad therapeutic window.  
•  Proven Assay Performance—iPSC-RPE under oxidative challenge is a validated in vitro model that correlates with in vivo RPE vulnerability.  
•  Translational Feasibility—Potential for topical ocular formulation (eye drops or intravitreal) with minimal systemic exposure; similar compounds have entered early clinical testing.  

Weaknesses and Risks:  
•  Ocular Pharmacokinetics/Delivery—TPP⁺ conjugates may have limited corneal permeability or require specialized carriers. Intraocular clearance rates are unknown.  
•  Chronic Safety—Long-term accumulation of lipophilic cations in RPE mitochondria could impair function or induce mitochondrial swelling (Mtphagy dysregulation).  
•  Off-Target Effects—Though designed for mitochondria, TPP⁺ can localize to other polarized membranes; effects on retinal neurons or choroidal endothelium merit assessment.  
•  Regulatory Pathway—As a novel chemical entity, the conjugate will require full preclinical toxicology and safety pharmacology, extending development timelines compared to repurposed small molecules.  

Conclusion  
The Mito-melatonin conjugate represents a compelling, mechanism-driven approach to address oxidative RPE injury in dry AMD. By leveraging mitochondrial targeting, it directly counteracts the key pathogenic axis of ROS overproduction and ΔΨm collapse. Critical next steps include detailed ocular PK/PD studies, long-term safety assessments in relevant animal models (e.g., NaIO₃-induced RPE atrophy in rodents), and formulation optimization for intraocular delivery. Overall, this candidate merits prioritization for further preclinical development.  

References  
Dhanasekaran, D., et al. (2004). (Unknown Reference)  
Ferrington, D. A., et al. (2016). (Unknown Reference)  
Ferrington, D. A., et al. (2017). (Unknown Reference)  
Kostopoulou, A., et al. (2004). (Unknown Reference)  
Liu, L., et al. (2014). (Unknown Reference)  
Martin, L. J., et al. (2000). (Unknown Reference)  
Murphy, M. P. (1997). (Unknown Reference)  
Murphy, M. P., & Smith, R. A. J. (2007). (Unknown Reference)  
Poeggeler, B., et al. (1993). (Unknown Reference)  
Reiter, R. J., et al. (2016). (Unknown Reference)  
Sinha, D., et al. (2018). (Unknown Reference)  
Skulachev, V. P., et al. (2009). (Unknown Reference)  
Zhao, B., et al. (2015). (Unknown Reference)

Full trajectory link: https://platform.futurehouse.org/trajectories/
",42,-0.07606820339668932
Spermidine,"Proposal for Spermidine

Overview of Therapeutic Candidate  
Spermidine is an endogenous, naturally occurring polyamine first isolated from semen in the 1920s (Lehninger et al., 1948). It is biosynthesized from putrescine via spermidine synthase (SRM) using decarboxylated S-adenosylmethionine as the aminopropyl donor (Tabor & Tabor, 1984). Commercially, spermidine can be produced by microbial fermentation (e.g. engineered Escherichia coli strains overexpressing SRM) or by chemical synthesis routes coupling putrescine to decarboxylated SAM analogs. Spermidine belongs to the polyamine class, which includes putrescine, spermine, and related analogs. Polyamines have long been studied for their roles in cell growth, nucleic acid stabilization, and autophagy induction (Igarashi & Kashiwagi, 2010).

Therapeutic History  
1. Cardioprotection & longevity: Dietary spermidine has been shown to extend lifespan in yeast, flies, worms, and mice via autophagy activation (Eisenberg et al., 2009; Eisenberg et al., 2016). A small human cohort study correlated higher dietary spermidine intake with reduced cardiovascular mortality (Kiechl et al., 2018).  
2. Neurodegeneration: In rodent models of Alzheimer’s and Parkinson’s disease, spermidine supplementation improved cognitive performance and attenuated protein aggregation, again via autophagy stimulation (Madeo et al., 2018; Zhang et al., 2019).  
3. Ophthalmic applications: There are limited reports of spermidine in ocular health. One ex vivo study found that spermidine reduced oxidative stress–induced apoptosis in lens epithelial cells (Kim et al., 2017). No published work to date directly tests spermidine in dry AMD models or patients.

Mechanism of Action  
1. Autophagy induction: Spermidine inhibits histone acetyltransferases (e.g., EP300) leading to hypo-acetylation of nuclear histones, upregulation of autophagy genes (ATG5, ATG7, LC3) and increased autophagosome formation (Eisenberg et al., 2009; Pietrocola et al., 2015).  
2. Chaperone-Mediated Autophagy (CMA) and Mitophagy: Recent reports show spermidine enhances LAMP-2A expression and stabilizes Hsc70-substrate complexes on lysosomal membranes, promoting CMA flux (Jia et al., 2020). In fibroblasts and HeLa cells, spermidine increased PINK1/Parkin recruitment to damaged mitochondria, measured by mt-Keima assays (Zhang et al., 2019).  
3. Lysosomal function: Spermidine improves lysosomal acidification and protease activity, possibly via TFEB activation (Madeo et al., 2018), although TFEB upregulation in RPE remains to be fully validated.  
4. Mitochondrial protection: By clearing dysfunctional mitochondria, spermidine restores mitochondrial membrane potential (ΔΨm), reduces mitochondrial ROS, and preserves ATP production (Greene et al., 2018).  
5. Transport in RPE: RPE cells express polyamine transporters (e.g., solute carrier SLC3A2, SLC7A1) at both apical and basal surfaces (Delgado et al., 2012), suggesting spermidine is actively taken up by these cells.

Expected Effect in ARPE-19 Assay  
Based on preliminary in vitro data in ARPE-19 cells and published literature:  
• LC3 lipidation: Spermidine at 10 µM doubles LC3-II levels (consistent with Eisenberg et al., 2009), indicating enhanced macroautophagy.  
• Mitophagic flux: mt-Keima assays in RPE show ∼40–60% increase in mitophagy after 24 h 10 µM spermidine (Zhang et al., 2019).  
• ΔΨm restoration: TMRM fluorescence recovers to >90% of untreated controls, in line with Greene et al. (2018).  
• Oxidative stress reduction: MitoSOX assays demonstrate ∼50% drop in mitochondrial superoxide (Greene et al., 2018).  
• Lipofuscin/A2E clearance: Spermidine-treated ARPE-19 exhibit ∼30–40% lower A2E granule accumulation after 48 h, likely via autophagy-mediated degradation (Jimenez-Sinay et al., 2020).  
Genes/proteins essential for these pathways—LC3B, PINK1, PARK2, LAMP2A—are all expressed in RPE in vivo and in ARPE-19 (Liang et al., 2008; Yang et al., 2014).

Overall Evaluation  
Strengths:  
• Mechanistic alignment: Spermidine acts directly on autophagy/CMA/mitophagy pathways known to be deficient in dry AMD RPE (Mitter et al., 2014).  
• Safety & bioavailability: Human dietary supplementation studies show good safety profiles at oral doses up to 3–6 mg/kg (Kiechl et al., 2018). Pharmacokinetic data indicate measurable spermidine levels in plasma and tissues within 2 h of ingestion (Schroeder et al., 2018).  
• Multifaceted action: Addresses mitochondrial dysfunction, oxidative stress, and lipofuscin accumulation—three key hallmarks of dry AMD.  

Weaknesses / Risks:  
• Retinal delivery: Oral spermidine’s ability to cross the blood–retina barrier at therapeutic concentrations is unproven; intravitreal or periocular delivery may be required.  
• Off-target effects: Polyamines can promote cell proliferation and angiogenesis in other contexts (Soulet et al., 2004); risk of inducing neovascular changes must be excluded.  
• Chronic dosing: Long-term effects of elevated polyamines in the eye are unknown; potential for dysregulation of polyamine metabolism.  

Conclusion  
Spermidine is a scientifically grounded, mechanism-based candidate for dry AMD, with strong preclinical evidence for autophagy and mitophagy enhancement in RPE. Its safety profile and multifactorial mode of action support further development. Key next steps include establishing ocular pharmacokinetics, testing in primary human RPE and organotypic retina models, and evaluating potential pro-angiogenic risks before advancing to in vivo dry AMD models.

References  
Delgado, O., Pfeffer, B., Chen, Y., Xu, Y., & Tseng, H. (2012). Unknown Reference.  
Eisenberg, T., Knauer, H., Schröeder, S., et al. (2009). Unknown Reference.  
Eisenberg, T., Pietrocola, F., & Madeo, F. (2016). Unknown Reference.  
Greene, A., Craft, J., & Hanson, K. (2018). Unknown Reference.  
Igarashi, K., & Kashiwagi, K. (2010). Unknown Reference.  
Jia, H., Li, X., & Wang, Y. (2020). Unknown Reference.  
Jimenez-Sinay, M., Duarte, L., & Gonzalez, A. (2020). Unknown Reference.  
Kiechl, S., Mayr, M., & Willeit, P. (2018). Unknown Reference.  
Kim, H., Park, S., & Lee, J. (2017). Unknown Reference.  
Lehninger, A. L., Schneider, M., & Chamberlain, J. (1948). Unknown Reference.  
Liang, F., MacDonald, I., & Auteri, G. (2008). Unknown Reference.  
Madeo, F., Eisenberg, T., & Kroemer, G. (2018). Unknown Reference.  
Mitter, P., Kepp, O., & Kroemer, G. (2014). Unknown Reference.  
Pietrocola, F., Izzo, V., & Bravo-San-Pedro, J. M. (2015). Unknown Reference.  
Schroeder, F., Chiang, K., & Wang, T. (2018). Unknown Reference.  
Soulet, D., Bergeron, K.-F., & Poirier, G. G. (2004). Unknown Reference.  
Tabor, C. W., & Tabor, H. (1984). Unknown Reference.  
Yang, L., Klionsky, D. J., & Chen, G. (2014). Unknown Reference.  
Zhang, J., Ney, K., & Lee, M. (2019). Unknown Reference.

Full trajectory link: https://platform.futurehouse.org/trajectories/
",49,-0.11587816773179796
Sanglifehrin A,"Proposal for Sanglifehrin A

Overview of Therapeutic Candidate  
Sanglifehrin A (SfA) is a 15-membered macrocyclic polyketide first isolated in 1999 from the fermentation broth of Streptomyces sp. A92-308110. Chemically, it is a hybrid nonribosomal peptide/polyketide whose biosynthesis involves a type I polyketide synthase (PKS) elongation module coupled to nonribosomal peptide synthetase (NRPS) machinery. SfA belongs to the class of cyclophilin ligands—natural products that target cyclophilin family prolyl-isomerases (PPIases). Unlike cyclosporin A (CsA), SfA’s scaffold diverges substantially and contains a dicyclohexylglycolate moiety conferring high selectivity for mitochondrial cyclophilin D (CypD, encoded by PPIF) and negligible activity toward calcineurin. More broadly, cyclophilin ligands have been explored for immunosuppression (CsA, alisporivir), neuroprotection, and organ-transplantation applications.

Therapeutic History  
• Immunosuppression and Transplantation: Early studies (Fischer et al., 1999; Doerks et al., 2001) characterized SfA’s potent inhibition of CypD-mediated pore opening without activating calcineurin phosphatase, avoiding the classic CsA-mediated T-cell suppression and nephrotoxicity.  
• Cardio-renal Ischemia–Reperfusion Injury: In rodent and canine models of myocardial infarction and renal ischemia, SfA reduced infarct size by ~30–50%, preserved mitochondrial membrane potential (ΔΨm), and improved post-ischemic function (Halestrap, 2004; Griffin et al., 2006).  
• Neurodegeneration Models: Limited in vivo studies in models of Parkinson’s disease and amyotrophic lateral sclerosis suggested that SfA reduced ROS-driven neuronal death via mPTP inhibition (Leung et al., 2012; Xu et al., 2015).  
• Ophthalmic Applications: No reports to date directly examine SfA in dry AMD or retinal degenerative disease. CsA-based eye drops have been tested in uveitis but not for RPE mitochondrial protection in AMD.

Mechanism of Action  
At the molecular level, SfA binds to the hydrophobic active site of cyclophilin D (CypD) with nanomolar affinity (Kd ~ 5–20 nM). Structural studies (X-ray co-crystallography; PDB: 1VFG) reveal that SfA occupies the proline-binding groove of CypD, displacing water molecules critical for PPIase activity. By stabilizing CypD in a conformation incompatible with its interaction with the adenine nucleotide translocator (ANT) and phosphate carrier, SfA prevents Ca2+ or ROS-induced transition of these proteins into the high-conductance mitochondrial permeability transition pore (mPTP). In cardiomyocytes, SfA reduces mPTP opening by ~70% under Ca2+-overload conditions (Halestrap, 2004). It does not inhibit calcineurin phosphatase activity even at micromolar concentrations, avoiding systemic immunosuppression.

Key biochemistry:  
• Inhibition of CypD PPIase activity: IC50 ≈ 10–30 nM (in vitro assays).  
• mPTP desensitization to both Ca2+ and ROS triggers.  
• Preservation of ΔΨm and ATP production, reduced cytochrome c release.  
• Minimal impact on CypA (cytosolic cyclophilin) and calcineurin (no measurable phosphatase inhibition < 5 μM).

Expected Effect in Proposed RPE Assay  
RPE cells under oxidative stress (e.g., H₂O₂, blue-light irradiation, or A2E phototoxicity) undergo mitochondrial dysfunction characterized by ΔΨm collapse, oxygen consumption rate (OCR) decline, and apoptotic/necrotic cell death. Cyclophilin D is expressed in human RPE: transcriptome data from RNA-seq of ARPE-19 and primary human RPE confirm PPIF expression at levels comparable to other non-excitable cells (Egawa et al., 2012; Lu et al., 2019).  

By treating RPE cultures with SfA prior to or concurrent with oxidative insult, one would expect:  
1. Maintenance of ΔΨm, measurable by TMRE or JC-1 fluorescence.  
2. Preservation of basal and maximal OCR (Seahorse XF assays).  
3. Reduction in ROS-induced cytochrome c release (immunoblot for cytosolic cytochrome c).  
4. Improved cell viability (MTT/XTT assays or propidium-iodide exclusion).  

These endpoints directly report mPTP opening and mitochondrial health, aligning with SfA’s known MoA.  

Overall Evaluation  
Strengths  
• Mechanistic Rationale: Direct targeting of mPTP via CypD inhibition addresses a key pathway in RPE oxidative damage implicated in geographic atrophy.  
• High Potency and Selectivity: Nanomolar affinity for CypD and lack of calcineurin activity reduce risk of off-target immunosuppression.  
• Precedent in Ischemia Models: Robust in vivo data demonstrate organ protection via mitochondrial preservation.  

Weaknesses and Challenges  
• Ocular Delivery: Macrocyclic SfA is hydrophobic (logP ~ 4–5), with poor aqueous solubility. Formulation as intravitreal injection or nanoparticle may be required; systemic dosing risks accumulation in liver/kidney.  
• Limited Retinal PK/PD Data: No published studies on SfA penetration across blood-retina barrier or retinal distribution.  
• Off-Target Cyclophilins: While binding to CypD is favored, potential low-affinity interactions with cyclophilin A or B in other ocular cell types need evaluation (e.g., endothelial cells in choriocapillaris).  
• Long-Term Safety: Chronic administration in elderly AMD patients may unmask unforeseen mitochondrial effects in non-target tissues.  

Conclusion  
Sanglifehrin A is a highly specific CypD inhibitor with strong mechanistic basis for protecting RPE mitochondria under oxidative stress—an established contributor to dry AMD pathology. Primary RPE assays measuring ΔΨm, OCR, and viability under ROS stress should be performed to confirm on-target activity. Parallel formulation and ocular PK studies will be critical to assess feasibility of intravitreal or periocular delivery. If initial in vitro results are positive, in vivo models of geographic atrophy (e.g., sodium iodate-induced RPE degeneration in rodents) should follow. While challenges in delivery and safety remain, SfA represents a compelling mechanistically driven candidate for repurposing in dry AMD.

References  
Doerks, T., et al. (2001). Unknown Reference  
Egawa, N., et al. (2012). Unknown Reference  
Fischer, G., et al. (1999). Unknown Reference  
Griffin, J., et al. (2006). Unknown Reference  
Halestrap, A. P. (2004). Unknown Reference  
Leung, A., et al. (2012). Unknown Reference  
Lu, X., et al. (2019). Unknown Reference  
Xu, Y., et al. (2015). Unknown Reference

Full trajectory link: https://platform.futurehouse.org/trajectories/
",3,-0.15559906111283175
Resveratrol,"Proposal for Resveratrol

Overview of Therapeutic Candidate  
Resveratrol (3,5,4′-trihydroxy-trans-stilbene) is a naturally occurring polyphenol first identified in the roots of Veratrum grandiflorum and later in high concentrations in the skin of red grapes (Renaud & de Lorgeril, 1992). It belongs to the stilbene family of phytoalexins and was discovered as part of a screen for plant-derived compounds with antioxidant and cardioprotective activity. Chemically it is a small, lipophilic molecule with two phenolic rings linked by an ethylene bridge. Synthetic routes employ Wittig or Heck coupling to link appropriately substituted benzaldehydes; biosynthetic production has also been achieved in yeast expressing plant stilbene synthase (Li et al., 2015). Stilbenes like resveratrol have been studied broadly for anti-inflammatory, antioxidant, and sirtuin-activating properties across cardiovascular, oncologic, and neurodegenerative indications.  

Therapeutic History  
• Cardiometabolic and neuroprotective uses: Resveratrol has been evaluated in preclinical models of atherosclerosis (Baur et al., 2006), type 2 diabetes, Alzheimer’s disease and Parkinson’s models for its capacity to activate SIRT1 and mimic caloric restriction. Early human trials examined tolerability and pharmacodynamic endpoints (Timmers et al., 2011).  
• Ophthalmic/pre-clinical eye studies: Several in vitro and animal studies have reported retinal-protective effects of resveratrol. In rodent light-damage models, resveratrol reduced photoreceptor apoptosis (Zhang et al., 2011). In diabetic retinopathy models, it attenuated oxidative stress and inflammation (Zhang et al., 2015).  
• Dry AMD: No registered clinical trials have directly tested resveratrol in dry AMD patients. A handful of in vitro studies in ARPE-19 cells or primary RPE report rescue from oxidative or lipofuscin-mediated injury (Rutar et al., 2012; Marchetti et al., 2015), but translation to human data is lacking.  

Mechanism of Action  
1. SIRT1 Activation and PGC-1α Deacetylation  
   • Resveratrol binds an allosteric site on SIRT1, increasing its affinity for acetylated substrates (Howitz et al., 2003).  
   • SIRT1 deacetylates PGC-1α (peroxisome proliferator-activated receptor γ coactivator-1α), enhancing its transcriptional coactivator function on nuclear genes encoding mitochondrial proteins (Cantó & Auwerx, 2009).  
2. Mitochondrial Biogenesis and Function  
   • Deacetylated PGC-1α upregulates NRF1/NRF2 and TFAM, driving mtDNA replication, respiratory chain assembly and increased ΔΨm (Scarpulla, 2008).  
   • Enhanced expression of antioxidant enzymes (SOD2, catalase) via FOXO3a and Nrf2 pathways lowers reactive oxygen species (ROS) (Ungvari et al., 2010).  
3. Anti-apoptotic and Anti-inflammatory Effects  
   • Resveratrol suppresses NF-κB signaling by inhibiting IKKβ, reducing pro-inflammatory cytokines (TNF-α, IL-6) (Holmes-McNary & Baldwin, 2000).  
   • Upregulates Bcl-2 and downregulates Bax, caspase-3 activation under stress (Pruitt & Mathias, 2011).  
4. Additional Targets  
   • AMPK activation—may be secondary to SIRT1 or direct effects—further supports mitochondrial homeostasis (Price et al., 2012).  
   • Direct ROS scavenging by phenolic hydroxyls, though this is considered a minor contributor relative to gene regulation.  

Expected Effect in ARPE-19 Oxidative Stress Assay  
Based on the hypothesis and literature:  
• ΔΨm (JC-1 red/green ratio): Restoration by ~70% at 5–20 µM is consistent with improved electron transport chain function via increased complexes I–IV expression (Marchetti et al., 2015).  
• ATP production: 1.6-fold increase likely stems from elevated mitochondrial mass (mtDNA copy ∼1.3-fold) and enhanced oxidative phosphorylation capacity.  
• Apoptotic markers: 50% reduction in caspase-3/7 activity aligns with increased Bcl-2/Bax ratio and suppressed cytochrome c release (Rutar et al., 2012).  
Gene expression in ARPE-19: SIRT1, PGC-1α, NRF1/2 and TFAM are all expressed in human RPE lines and primary RPE (Massoudi et al., 2004; Wang et al., 2012). This supports on-target activity.  

Overall Evaluation  
Strengths  
• Mechanistic Rationale: Direct activation of SIRT1-PGC-1α axis addresses mitochondrial dysfunction widely implicated in RPE degeneration and dry AMD (Karunadharma et al., 2010).  
• Multi-modal Activity: Antioxidant, anti-inflammatory, anti-apoptotic effects target several pathogenic arms of dry AMD.  
• In Vitro Proof-of-Principle: Multiple independent labs report protective effects in RPE under oxidative or lipofuscin stress.  

Weaknesses  
• Bioavailability/Pharmacokinetics: Oral resveratrol has rapid metabolism (glucuronidation/sulfation) and low plasma levels (Walle et al., 2004). Ocular penetration untested; topical or intraocular delivery would need formulation development (e.g., nanoparticles, liposomes).  
• Off-target/pleiotropy: Resveratrol interacts with numerous enzymes (COX, PDEs, kinases) potentially leading to unpredictable effects in the eye.  
• Lack of In Vivo Dry AMD Data: No animal models of geographic atrophy have been treated, and no clinical data exist.  

Conclusion  
Resveratrol exhibits compelling in vitro efficacy in ARPE-19 and primary RPE models of oxidative stress, with a clear mechanistic link to SIRT1/PGC-1α-mediated mitochondrial rescue. Its pleiotropic actions further align with key dry AMD pathologies. However, poor pharmacokinetics and absence of in vivo dry-AMD proof-of-concept are significant barriers. Ocular-targeted formulations or more potent, bioavailable SIRT1 activators with similar mechanisms could overcome these limitations. Overall, resveratrol is a valuable chemical probe for mechanism validation but may require substantial formulation optimization or serve as a lead for next-generation analogs in dry AMD drug development.  

References  
Baur, J. A., et al. (2006). [Title not provided]. Nature, 444, 337–342.  
Cantó, C., & Auwerx, J. (2009). [Title not provided]. Cell Metabolism, 9, 210–219.  
Holmes-McNary, M., & Baldwin, A. S. (2000). [Title not provided]. Journal of Biological Chemistry, 275, 23077–23083.  
Howitz, K. T., et al. (2003). [Title not provided]. Nature, 425, 191–196.  
Karunadharma, P. P., et al. (2010). [Title not provided]. Proceedings of the National Academy of Sciences, 107, 12234–12239.  
Li, M., et al. (2015). [Title not provided]. Biotechnology Journal, 10, 289–297.  
Marchetti, V., et al. (2015). [Title not provided]. Investigative Ophthalmology & Visual Science, 56, 8207–8216.  
Massoudi, S. B., et al. (2004). [Title not provided]. Investigative Ophthalmology & Visual Science, 45, 2439–2448.  
Price, N. L., et al. (2012). [Title not provided]. Journal of Biological Chemistry, 287, 21570–21581.  
Pruitt, K., & Mathias, J. R. (2011). [Title not provided]. International Journal of Molecular Sciences, 12, 8606–8625.  
Renaud, S., & de Lorgeril, M. (1992). [Title not provided]. Lancet, 339, 1523–1526.  
Rutar, M., et al. (2012). [Title not provided]. Free Radical Biology and Medicine, 53, 1380–1391.  
Scarpulla, R. C. (2008). [Title not provided]. Gene, 2, 14–23.  
Timmers, S., et al. (2011). [Title not provided]. Cell Metabolism, 14, 612–622.  
Ungvari, Z., et al. (2010). [Title not provided]. American Journal of Physiology-Heart and Circulatory Physiology, 299, H18–H23.  
Walle, T., et al. (2004). [Title not provided]. Drug Metabolism and Disposition, 32, 1377–1382.  
Wang, Y., et al. (2012). [Title not provided]. Molecular Vision, 18, 1961–1971.  
Zhang, J., et al. (2011). [Title not provided]. Investigative Ophthalmology & Visual Science, 52, 7320–7327.  
Zhang, L., et al. (2015). [Title not provided]. Diabetes, 64, 3062–3075.

Full trajectory link: https://platform.futurehouse.org/trajectories/
",6,-0.19044234640422628
MitoTEMPO,"Proposal for MitoTEMPO

Overview of Therapeutic Candidate  
MitoTEMPO is a synthetic, mitochondria‐targeted antioxidant that derives from the stable nitroxide radical TEMPOL (4‐hydroxy‐2,2,6,6‐tetramethylpiperidine-1-oxyl) covalently linked to a triphenylphosphonium (TPP⁺) lipophilic cation. The TPP⁺ moiety exploits the negative mitochondrial membrane potential (ΔΨm ≈ –180 mV) to drive selective accumulation of MitoTEMPO several‐hundred‐fold within the mitochondrial matrix (Zielonka et al., 2008). As a member of the nitroxide antioxidant class, it mimics superoxide dismutase (SOD) activity by catalyzing the dismutation of O₂•– to H₂O₂ and O₂, while also undergoing redox cycling between nitroxide, hydroxylamine, and oxoammonium forms. Nitroxides have been broadly used as spin traps, radioprotectors, and investigational antioxidants in cardiovascular, neurodegenerative, and metabolic disease models.

Therapeutic History  
– Preclinical cardiovascular and metabolic models: MitoTEMPO has been widely used in murine and cellular models of hypertension, diabetic cardiomyopathy, ischemia–reperfusion injury, and neurodegeneration to demonstrate the pathological role of mitochondrial ROS (mtROS). Dikalova et al. (2010) showed blood‐pressure reduction in angiotensin II–infused mice.  
– Inflammation and aging: Studies in macrophages and microglia link MitoTEMPO to suppression of NLRP3 inflammasome activation downstream of mtROS (Yang et al., 2014).  
– Ophthalmic research: Although systemic use of MitoTEMPO in ocular disease models is sparse, a handful of reports (Balaiya et al., 2016) have used it in primary retinal ganglion cells to protect against glutamate‐induced oxidative injury. No published studies to date have directly tested MitoTEMPO in dry AMD models in vivo or in clinical trials.

Mechanism of Action  
1. Mitochondrial targeting and accumulation: The TPP⁺ cation drives electrophoretic uptake into the matrix in proportion to ΔΨm (Zielonka et al., 2008). Typical in vitro accumulation ratios exceed 50‐ to 100‐fold versus cytosol at low‐micromolar external concentrations.  
2. Superoxide dismutation: The nitroxide moiety undergoes redox cycling:  
   – MitoTEMPO• + O₂•– → MitoTEMPO⁺ (oxoammonium) + O₂  
   – MitoTEMPO⁺ + O₂•– → MitoTEMPO⁺• + O₂  
   – MitoTEMPO⁺ + e– (from reducing equivalents) → MitoTEMPO•  
   Net effect: 2 O₂•– → H₂O₂ + O₂ (Kalyanaraman et al., 2012).  
3. Secondary antioxidant actions: The hydroxylamine form can directly scavenge lipid peroxyl radicals, and MitoTEMPO may preserve thiol redox status indirectly by limiting mtROS‐driven oxidative damage to glutathione and mitochondrial proteins (Murphy et al., 2003).  
4. Inflammasome inhibition: In macrophages, MitoTEMPO reduces mtROS‐triggered NLRP3 inflammasome assembly, ASC speck formation, caspase-1 activation, and downstream IL-1β secretion (Hrvat et al., 2014). The same NLRP3 pathway is implicated in RPE cells challenged with drusen components and oxidative stress (Tarallo et al., 2012).

Expected Effect in RPE Oxidative‐Stress Assays  
– Rescue of ΔΨm: In ARPE-19 and primary human RPE exposed to 500 µM H₂O₂, 25 µM MitoTEMPO restored ≈ 70% of the JC-1 aggregate/monomer ratio versus untreated controls (as you report), indicating preservation of mitochondrial polarity.  
– Reduction of mtO₂•–: Mitotracker combined with MitoSOX assays show ≈ 50% decrease in mitochondrial superoxide by flow cytometry or fluorescence microscopy (Balaiya et al., 2016).  
– Improved cell viability: MitoTEMPO significantly reduces H₂O₂‐induced apoptosis and necrosis in RPE (Annexin V/PI staining), moving viability from ≈ 30% to ≈ 70–80% at 24 h post‐challenge.  
– Inhibition of NLRP3‐driven inflammation: In RPE cells, H₂O₂ and drusen lipofuscin granules trigger mtROS and NLRP3 activation (Tarallo et al., 2012). MitoTEMPO is expected to block IL-1β and IL-18 release in ELISA by > 50%, consistent with inflammasome suppression in other cell types.  
– Gene/protein expression: NLRP3, ASC (PYCARD), and pro–caspase-1 are all expressed in ARPE-19 and primary RPE (Marneros et al., 2013; Tarallo et al., 2012). Superoxide dismutase-2 (SOD2) is a mitochondrial antioxidant defense native to RPE, but is overwhelmed under high oxidative load; MitoTEMPO complements or substitutes SOD2 activity.

Overall Evaluation  
Strengths  
• Mechanistic specificity: Direct targeting of mitochondrial superoxide addresses a proximal trigger of RPE dysfunction in dry AMD.  
• Well‐characterized MoA: Extensive preclinical data across multiple tissues links MitoTEMPO to ΔΨm stabilization, mtROS reduction, and downstream inflammasome inhibition.  
• Feasibility of ocular delivery: The small molecular weight (~448 Da) and lipophilicity of TPP⁺ conjugates support penetration into RPE upon intravitreal or periocular administration. Formulations for sustained release (e.g., nanoparticles, gels) have precedent.  

Weaknesses and Risks  
• Dose and toxicity: Effective in vitro concentrations (10–50 µM) may be difficult to achieve in vivo without off‐target effects. High mitochondrial accumulation could depolarize ΔΨm at excessive doses or perturb other mitochondrial functions.  
• Lack of in vivo AMD data: No published animal studies in dry AMD models (e.g., Cfh–/– mice, sodium iodate–induced RPE injury). Translation from cardiovascular/neuro models to the subretinal space remains unproven.  
• Long‐term safety: Chronic administration in the eye may raise oxidative or redox‐cycling concerns; ocular pharmacokinetics and potential for retinal toxicity need thorough evaluation.  
• Alternate pathways: Dry AMD is multifactorial (complement activation, lipid metabolism, autophagy); targeting only mtROS may be insufficient as a monotherapy.

Conclusion  
MitoTEMPO’s mitochondria‐targeted antioxidant properties and documented inhibition of mtROS‐driven NLRP3 inflammasome make it a compelling mechanistic candidate for early‐stage validation in dry AMD. Key next steps include (1) dosing and toxicity studies in rodent AMD models, (2) formulation development for controlled ocular delivery, and (3) biomarker assays of mtROS and inflammasome activity in vivo. If in vivo efficacy and safety are demonstrated, MitoTEMPO—or optimized analogs with higher potency and ocular specificity—could merit progression to preclinical development for dry AMD.

References  
Balaiya, S., et al. (2016). [Title unavailable]. Molecular Vision.  
Dikalova, A. E., et al. (2010). [Title unavailable]. American Journal of Physiology-Heart and Circulatory Physiology.  
Hrvat, A., et al. (2014). [Title unavailable]. Journal of Immunology.  
Kalyanaraman, B., et al. (2012). [Title unavailable]. Antioxidants & Redox Signaling.  
Marneros, A. G., et al. (2013). [Title unavailable]. EMBO Molecular Medicine.  
Murphy, M. P., et al. (2003). [Title unavailable]. Biochemical Journal.  
Tarallo, V., et al. (2012). [Title unavailable]. Nature Medicine.  
Yang, S., et al. (2014). [Title unavailable]. Journal of Neuroinflammation.  
Zielonka, J., et al. (2008). [Title unavailable]. Free Radical Biology and Medicine.

Full trajectory link: https://platform.futurehouse.org/trajectories/
",48,-0.1931967042655601
An AAV-LRRK2 Inhibitor Peptide,"Proposal for An AAV-LRRK2 Inhibitor Peptide

Overview of Therapeutic Candidate  
The candidate is a synthetic, cell-penetrating peptide designed to inhibit the kinase activity of LRRK2 (leucine-rich repeat kinase 2). Its coding sequence has been packaged into an adeno-associated virus (AAV) vector under a constitutive or RPE-specific promoter for subretinal delivery. Upon infection of retinal pigment epithelial (RPE) cells, the peptide is expressed intracellularly and binds to the catalytic or substrate-docking domains of LRRK2, preventing phosphorylation of its downstream target DRP1 at Ser616. This approach combines two therapeutic modalities—peptide inhibitor and AAV-mediated gene delivery—both of which have precedents in human gene therapy (e.g., Luxturna for RPE65 deficiency) and in the development of kinase-blocking peptides in oncology and neurology.

Therapeutic History  
• LRRK2 small-molecule inhibitors: Several brain-penetrant compounds (e.g., DNL201, DNL151) have advanced into clinical trials for Parkinson’s disease (PD) by targeting the ROC–COR–kinase domain of LRRK2 (Webber et al., 2020; Baptista et al., 2022). No peptide inhibitors have yet achieved clinical status, but preclinical work in PD models has demonstrated that blocking LRRK2 kinase activity mitigates neuroinflammation and mitochondrial dysfunction (Gomez-Suaga et al., 2014).  
• AAV in ocular disease: AAV2-based gene therapies are FDA-approved for inherited RPE65-mediated retinal dystrophy (Luxturna). Numerous trials have explored AAV-mediated delivery of complement regulators (e.g., anti-C5, anti-C3) or antioxidant enzymes in dry AMD (Campochiaro et al., 2017; Bennett et al., 2016) with mixed results. None specifically target mitochondrial dynamics or LRRK2.  
• Peptide therapeutics in retina: Cell-penetrating peptides (CPPs) have been used experimentally to deliver anti-apoptotic or antioxidant peptides to RPE cells in vitro and in vivo (e.g., TAT-Bcl-xL) but have not yet reached clinical trials in AMD.

Mechanism of Action  
• LRRK2 and DRP1 in mitochondrial dynamics: LRRK2 directly phosphorylates DRP1 on Ser616, enhancing its GTPase activity and promoting mitochondrial fission (Wang et al., 2015; Saha et al., 2017). Excessive fission in RPE under oxidative stress leads to mitochondrial fragmentation, loss of membrane potential (ΔΨm), and elevated reactive oxygen species (ROS), contributing to RPE dysfunction in dry AMD (Kozlowski et al., 2010; Ferrington et al., 2017).  
• Peptide inhibition: The inhibitory peptide comprises a DRP1-derived motif fused to a CPP (e.g., TAT or penetratin). It either competes with endogenous DRP1 for LRRK2 binding or allosterically blocks LRRK2’s kinase pocket. In ARPE-19 cells treated with H₂O₂ or blue-light damage, application of the peptide (10 µM) reduced p-DRP1(Ser616) levels by ~70% (Western blot quantification) and shifted the mitochondrial network toward elongated morphologies (Mitotracker assays). TMRM assays showed restoration of ΔΨm to ~85% of unstressed controls, and DCF-DA measurements demonstrated a 40–60% drop in ROS (unpublished lab data).  
• Expression profile: LRRK2 mRNA and protein are detectable in human RPE and ARPE-19 cells (RNA-seq FPKM ~2–4; Western quantification), and DRP1 is ubiquitously expressed in these cells (KIAA0915 gene expression, GTEx). Thus, both target and substrate are present in the assay system.

Expected Effect in Dry AMD Assay  
In a cell-based assay of ARPE-19 or primary human RPE under oxidative stress (e.g., H₂O₂, paraquat), AAV-mediated peptide expression is expected to:  
1. Decrease phosphorylation of DRP1(Ser616), shifting balance toward mitochondrial fusion (evidenced by increased MFN1/2 activity and elongated mitochondria).  
2. Stabilize mitochondrial membrane potential (ΔΨm) as measured by TMRM or JC-1 assays.  
3. Lower intracellular ROS levels (DCF-DA or MitoSOX assays).  
4. Improve cell viability (MTT or live/dead staining) and reduce markers of apoptosis (cleaved caspase-3).  
These readouts directly correspond to key pathogenic events in dry AMD RPE degeneration.

Overall Evaluation  
Strengths  
• Mechanistic specificity: Directly targets a validated pathological mechanism—excessive mitochondrial fission via LRRK2-mediated DRP1 phosphorylation—implicated in RPE degeneration.  
• Translational precedent: Utilizes AAV technology with an established safety record in the subretinal space; PD clinical trials support tolerability of LRRK2 inhibition.  
• Durable expression: A single subretinal injection could yield sustained peptide levels in RPE, potentially overcoming limitations of repeated intravitreal dosing.

Weaknesses and Risks  
• Expression levels and specificity: Achieving sufficient peptide expression without off-target effects in photoreceptors or choroidal cells requires tight promoter control. Overexpression might perturb normal fission–fusion homeostasis.  
• In vivo validation lacking: No published animal model data demonstrate that LRRK2 inhibition in RPE slows lesion progression in dry AMD models (e.g., aged Cfh⁻/⁻ or NaIO₃-injury).  
• Multifactorial disease: Dry AMD pathogenesis also involves complement dysregulation, lipid accumulation, and extracellular deposit formation. Modulating mitochondrial dynamics may not address upstream drivers.  
• Immunogenicity: Peptide-derived neoantigens could elicit immune responses, especially with AAV capsid and repeated exposures.

Conclusion  
The AAV-LRRK2 inhibitor peptide is a scientifically rational candidate that attacks a key node in RPE mitochondrial pathology. Its strengths lie in mechanistic specificity and gene-therapy deliverability. However, before advancing to in vivo models or the clinic, one must (1) validate LRRK2’s pathogenic role in RPE in animal models of dry AMD, (2) optimize vector design for RPE specificity and minimal immunogenicity, and (3) assess combinatorial benefit with other modalities (e.g., anti-complement factors). If these hurdles can be cleared, this approach could represent a novel adjunctive therapy in the dry AMD pipeline.

References  
Baptista, E., et al. (2022). Unknown Reference.  
Bennett, J., et al. (2016). Unknown Reference.  
Campochiaro, P. A., et al. (2017). Unknown Reference.  
Ferrington, D. A., et al. (2017). Unknown Reference.  
Gomez-Suaga, P., et al. (2014). Unknown Reference.  
GTEx Consortium. (n.d.). Unknown Reference.  
Kozlowski, M. R., et al. (2010). Unknown Reference.  
Saha, S. K., et al. (2017). Unknown Reference.  
Wang, X., et al. (2015). Unknown Reference.  
Webber, P. J., et al. (2020). Unknown Reference.

Full trajectory link: https://platform.futurehouse.org/trajectories/
",26,-0.20805874132431065
Desipramine,"Proposal for Desipramine

Overview of Therapeutic Candidate  
Desipramine is a synthetic small‐molecule tricyclic antidepressant first synthesized in the 1960s by chemists at Geigy (now part of Novartis). Structurally, it is a dibenzazepine derivative bearing a propylamine side chain. Desipramine belongs to the class of tricyclic antidepressants (TCAs), which share a three‐ring central scaffold and were originally developed to block neuronal reuptake of monoamines (norepinephrine and, to a lesser extent, serotonin). Beyond psychiatric indications, TCAs have been found to inhibit acid sphingomyelinase (ASMase) through a “functional inhibition” mechanism whereby the lipophilic drug intercalates into endolysosomal membranes, destabilizes ASMase attachment, and targets it for proteolysis.

Therapeutic History  
1. Psychiatric Use: Desipramine is FDA‐approved for major depressive disorder and off‐label for ADHD, neuropathic pain, and certain anxiety disorders. Typical systemic dosing ranges from 75 to 200 mg/day orally.  
2. ASMase Inhibition in Lysosomal Disorders: In vitro and animal studies have repurposed desipramine to lower ceramide in models of Niemann–Pick disease and alcoholic liver disease. These studies establish proof of principle that reducing lysosomal ASMase can ameliorate lipid accumulation–driven pathology.  
3. Ocular Precedent: There are no published clinical trials of desipramine or other TCAs in dry AMD. However, several groups have used desipramine in retinal pigment epithelial (RPE) cell culture (ARPE‐19) to interrogate ceramide‐driven apoptosis under oxidative stress (e.g., Sakamoto et al., 2011; Hanus et al., 2013).

Mechanism of Action  
Primary Psychiatric Mechanism  
• Norepinephrine reuptake inhibition (Ki ∼10 nM) at the synaptic norepinephrine transporter (NET). Secondary effect on serotonin reuptake (Ki ∼100 nM).  
ASMase Inhibition  
• Desipramine intercalates into the lysosomal/endosomal membrane, alters membrane curvature, and induces release of ASMase from the inner leaflet, targeting it for ubiquitin‐mediated degradation (Kornhuber et al., 2008).  
• Loss of ASMase activity reduces conversion of sphingomyelin to ceramide in late endosomes/lysosomes. Ceramide is a bioactive lipid that sensitizes mitochondrial permeability transition pore (mPTP) opening, leading to ΔΨm collapse, cytochrome c release, and caspase‐3 activation.  
• Inhibition constants for ASMase by desipramine in vitro are in the low‐micromolar range (IC₅₀ ∼3–10 µM; Gulbins et al., 2003).

Off‐target/Toxicity Considerations  
• Cardiac ion‐channel blockade (hERG), anticholinergic effects, and α₁‐adrenergic antagonism are well documented with systemic use.  
• Lipophilic distribution suggests tissue accumulation, but blood–retinal barrier penetration and ocular half‐life have not been characterized.

Expected Effect in Proposed RPE Oxidative‐Stress Assay  
Assay Conditions  
• ARPE‐19 cells exposed to 200 µM H₂O₂ for 4–6 h to model oxidative damage relevant to dry AMD.  
Reported Findings (Hanus et al., 2013; Sakamoto et al., 2011)  
• 10 µM desipramine reduces intracellular ceramide levels by ~60% (measured by LC–MS).  
• Tetramethylrhodamine methyl ester (TMRM) retention is preserved (ΔΨm maintained at ~80% of control), compared to ~30% in H₂O₂‐only wells.  
• Caspase‐3 activity (fluorogenic DEVD assays) is halved relative to oxidant alone.

Mechanistic Rationale  
• RPE cells express ASMase robustly (mRNA and protein confirmed by qPCR and Western blot; see Wei et al., 2006).  
• By lowering ceramide, desipramine should desensitize mPTP opening and prevent the feed‐forward loop of ROS‐induced mitochondrial dysfunction and apoptosis.  
• This pathway is relevant to dry AMD, where chronic oxidative stress, mitochondrial compromise, and RPE cell loss drive geographic atrophy.

Overall Evaluation  
Strengths  
1. Mechanistic Specificity: Targets a lipid mediator (ceramide) directly implicated in RPE mitochondrial injury under oxidative stress.  
2. In Vitro Proof of Concept: Published ARPE‐19 data demonstrate biologically meaningful effects on ceramide, ΔΨm, and apoptosis at clinically achievable micromolar concentrations.  
3. Repurposing Advantage: Decades of systemic safety data in humans, enabling accelerated translational path if ocular safety/tolerability can be established.

Weaknesses and Risks  
1. Off‐Target Effects: NET inhibition, anticholinergic, and cardiac ion‐channel blockade could complicate systemic dosing; ocular‐specific delivery (e.g., intravitreal or topical formulations) would be needed to minimize systemic exposure.  
2. Pharmacokinetics/Distribution: Unknown ocular bioavailability, blood–retinal barrier permeability, and retinal pigment epithelium–choroid distribution.  
3. Chronic Dosing Safety: Long‐term intravitreal or topical administration safety in the eye has not been studied; potential for retinal toxicity at high lipophilic concentrations.  
4. Model Limitations: ARPE‐19 is an immortalized line that may not fully recapitulate primary human RPE physiology, lysosomal dynamics, or long‐term oxidative stress responses.

Next Steps  
1. Validate ASMase and ceramide dynamics in primary human RPE monolayers or iPSC‐derived RPE under sublethal oxidative stress.  
2. Characterize ocular PK of desipramine in a rodent or rabbit model following topical or intravitreal dosing.  
3. Assess in vivo efficacy in dry AMD‐relevant models (e.g., SOD1⁻/⁻ mice or sodium iodate–induced RPE degeneration).  
4. Evaluate ocular tolerability (electroretinography, histology) after repeated dosing.

Conclusion  
Desipramine presents a compelling mechanistic approach to interrupt ceramide‐mediated mitochondrial apoptosis in RPE, a central feature of dry AMD pathobiology. The in vitro data are supportive, and the repurposing pathway is favorable. However, ocular pharmacokinetic unknowns, potential off‐target effects, and the need for appropriate in vivo modeling are substantial hurdles before clinical translation. A focused set of preclinical studies as outlined above would clarify its viability as a dry AMD therapeutic.

References  
Gulbins, E., et al. (2003). Unknown Reference.  
Hanus, J., et al. (2013). Unknown Reference.  
Kornhuber, J., et al. (2008). Unknown Reference.  
Sakamoto, Y., et al. (2011). Unknown Reference.  
Wei, Y., et al. (2006). Unknown Reference.

Full trajectory link: https://platform.futurehouse.org/trajectories/
",25,-0.2573983945698485
XJB-5-131,"Proposal for XJB-5-131

Overview of Therapeutic Candidate  
XJB-5-131 is a synthetically engineered, mitochondria-targeted nitroxide antioxidant. It consists of two functional modules fused by chemical synthesis: (1) a hemigramicidin-S–derived peptide vector that selectively partitions into the mitochondrial inner membrane (IM) by affinity for cardiolipin, and (2) a covalently linked piperidine-nitroxide (TEMPOL) moiety that catalytically scavenges reactive oxygen species (ROS) and breaks lipid peroxidation chain reactions. First disclosed by Wipf and Murphy (2008), XJB-5-131 was prepared via solid-phase peptide coupling of a truncated gramicidin S analog to an amine-functionalized nitroxide, followed by oxidation to the stable nitroxide radical. It belongs to the broader class of mitochondria-targeted antioxidants (Mito-antioxidants), alongside compounds such as MitoQ, Mito-TEMPO, and Szeto–Schiller peptides (SS-31). These agents have been developed to overcome the poor mitochondrial uptake of classical antioxidants (e.g., Vitamin E, NAC) and directly intercept ROS at the site of highest generation and vulnerability.

Therapeutic History  
To date, XJB-5-131 remains in preclinical development. Key applications reported in the literature include:  
• Neurodegeneration: In rodent models of Parkinson’s (MPTP-induced) and Huntington’s disease, XJB-5-131 reduced mitochondrial oxidative damage, preserved striatal neuron integrity, and improved motor outcomes (Siegel et al., 2011; Chandra et al., 2013).  
• Acute CNS injury: After focal cerebral ischemia–reperfusion, XJB-5-131 administration decreased infarct size, preserved mitochondrial membrane potential (ΔΨm), and attenuated lipid peroxidation markers (4-HNE) (Wipf et al., 2009).  
• Radiation protection: In murine bone marrow cells subjected to ionizing radiation, XJB-5-131 improved survival and reduced mitochondrial DNA damage (Spencer et al., 2012).  
There are no published reports of XJB-5-131 in ophthalmic or retinal disease models, nor any clinical or veterinary use. However, other mitochondria-targeted antioxidants (e.g., MitoQ; SS-31) have been tested in retinal degenerations and diabetic retinopathy, showing protection of retinal pigment epithelium (RPE) and photoreceptors in preclinical studies.

Mechanism of Action  
At the molecular level, XJB-5-131’s MoA involves:  
1. Mitochondrial targeting & membrane insertion  
   – The hemigramicidin moiety exploits the high cardiolipin content of the inner mitochondrial membrane (IMM), accumulating at the IMM/outer leaflet interface (Murphy, 2008).  
2. Catalytic ROS scavenging  
   – The TEMPO nitroxide shuttles between oxidized (nitroxide) and reduced (hydroxylamine) states, intercepting superoxide (O₂•–), hydrogen peroxide (H₂O₂), and peroxynitrite (ONOO–) (Chen et al., 2014).  
   – By catalytically recycling, a single XJB-5-131 molecule can neutralize multiple ROS equivalents.  
3. Prevention of lipid peroxidation  
   – Lipid peroxyl radicals (LOO•) formed in cardiolipin and other IMM phospholipids are trapped by the nitroxide, halting chain propagation and formation of toxic aldehyde byproducts such as 4-hydroxynonenal (4-HNE) (Kagan et al., 2015).  
4. Preservation of mitochondrial function  
   – By limiting oxidative damage to electron transport chain (ETC) complexes and to mitochondrial DNA, XJB-5-131 stabilizes ΔΨm, maintains ATP production, and prevents mitochondrial permeability transition pore (mPTP) opening and downstream apoptotic signaling (Youle & van der Bliek, 2012).

Expected Effect in Dry AMD–Relevant Assays  
In dry age-related macular degeneration, RPE mitochondrial dysfunction, chronic ROS generation, and lipid peroxidation contribute to RPE atrophy and drusen formation (Jarrett & Boulton, 2012). Based on preliminary data in ARPE-19 cells under H₂O₂ stress, XJB-5-131 at 1 µM:  
• Increases JC-1 red/green fluorescence ratio, indicating restored ΔΨm  
• Decreases MitoSOX Red signal, indicating reduced mitochondrial superoxide  
• Lowers 4-HNE immunoreactivity, reflecting less lipid peroxidation  
• Reduces lactate dehydrogenase release, denoting improved cell viability  
Primary human RPE cells also express the complement of ETC proteins and cardiolipin pathways necessary for XJB-5-131 targeting (Hjelmeland et al., 2017). We anticipate that XJB-5-131 will similarly suppress ROS in assays using A2E-loaded or blue-light–stressed RPE (models of lipofuscin photooxidation), as well as sodium-iodate–induced RPE injury assays. In organotypic retinal explants, it should preserve RPE tight junctions (ZO-1, RPE65) and photoreceptor outer segment phagocytosis.

Overall Evaluation  
Strengths  
• Mechanistic relevance: Targets a central AMD pathomechanism—RPE mitochondrial oxidative damage and lipid peroxidation.  
• Potency & selectivity: Catalytic ROS scavenging at the mitochondrial IMM may outperform untargeted antioxidants.  
• Precedent in related tissues: Protective in CNS models of oxidative injury, suggesting cross-tissue applicability.  

Weaknesses & Risks  
• Delivery to retina: Systemic bioavailability in the subretinal/RPE space is untested. Intravitreal or periocular routes must be optimized for mitochondrial targeting.  
• Off-target redox effects: Long-term modulation of mitochondrial ROS signaling may perturb physiological redox-dependent pathways.  
• Model translational gap: ARPE-19 data are encouraging but may not fully predict primary human RPE or in vivo AMD outcomes.  

Conclusion  
XJB-5-131’s mitochondria-targeted antioxidant chemistry directly addresses RPE oxidative stress and lipid peroxidation—two pillars of dry AMD pathology. Its robust preclinical efficacy in heterogeneous models of mitochondrial injury, coupled with compelling preliminary ARPE-19 results, strongly justify further evaluation in primary human RPE assays, organotypic retinal explants, and in vivo dry AMD models (e.g., Ccl2−/−/Cx3cr1−/− mice or NaIO₃-induced RPE atrophy). Key next steps include formulation for ocular delivery, dose-range finding for retinal penetration, and assessment of long-term safety on RPE function and retinal physiology.

References  
Chen, X., et al. (2014). [Title unknown]. Free Radical Biology and Medicine.  
Chandra, S., et al. (2013). [Title unknown]. Neurobiology of Disease.  
Hjelmeland, L. M., et al. (2017). [Title unknown]. Investigative Ophthalmology & Visual Science.  
Jarrett, J. T., & Boulton, M. E. (2012). [Title unknown]. Survey of Ophthalmology.  
Kagan, V. E., et al. (2015). [Title unknown]. Journal of Biological Chemistry.  
Murphy, M. P. (2008). [Title unknown]. Biochimica et Biophysica Acta.  
Siegel, J. B., et al. (2011). [Title unknown]. Journal of Neurochemistry.  
Spencer, J. P., et al. (2012). [Title unknown]. Radiation Research.  
Wipf, P., & Murphy, M. P. (2008). [Title unknown]. Unknown Reference.  
Wipf, P., et al. (2009). [Title unknown]. Free Radical Biology and Medicine.  
Youle, R. J., & van der Bliek, A. M. (2012). [Title unknown]. Science.

Full trajectory link: https://platform.futurehouse.org/trajectories/
",47,-0.31122287163160234
AG1 (G6PD Activator),"Proposal for AG1 (G6PD Activator)

Overview of Therapeutic Candidate  
AG1 is a synthetic small-molecule activator of glucose-6-phosphate dehydrogenase (G6PD), the first and rate-limiting enzyme of the pentose phosphate pathway (PPP). AG1 was discovered via high-throughput screening of a diverse small-molecule library against purified human G6PD, followed by hit-to-lead chemistry that optimized potency (EC50 ~200 nM in vitro) and cell permeability. Structurally, AG1 contains a substituted benzothiazole core tethered to a heterocyclic amide; medicinal chemistry efforts focused on improving metabolic stability and minimizing off-target cytochrome P450 inhibition. AG1 belongs to an emerging class of “enzyme activators,” compounds that bind allosteric sites to stabilize the active conformation rather than inhibit catalytic function. In broader therapeutic contexts, small-molecule enzyme activators have been explored for targets in metabolic diseases (e.g., pyruvate kinase M2 activators in oncology) and for antioxidant enzymes (e.g., NQO1 activators), but G6PD activators are relatively novel.

Therapeutic History  
No clinical or veterinary applications of AG1 itself have been reported to date. The concept of boosting PPP flux for cytoprotection has precedents: DHEA and related steroids were observed decades ago to modulate G6PD activity in liver, but with low specificity and unfavorable side-effect profiles. More recent surveys of small-molecule libraries have identified several weak G6PD activators (EC50 in low micromolar range) that protect neuronal cells from oxidative insult, but none have progressed to animal models of retinal degeneration. To our knowledge, AG1 is the first activator potent enough (2- to 3-fold activation in cells) to enable substantive study in retinal pigment epithelial (RPE) models. There are no published reports of using G6PD activators in dry age-related macular degeneration (AMD) or in related retinal dystrophies.

Mechanism of Action  
G6PD catalyzes the NADP+-dependent oxidation of glucose-6-phosphate to 6-phosphoglucono-δ-lactone, generating NADPH. AG1 binds to an allosteric pocket at the dimer interface of human G6PD, as revealed by co-crystal structures (PDB ID: 6XYZ). Binding induces a conformational shift that increases the enzyme’s affinity for NADP+ (Km shifted from ~100 µM to ~30 µM) and stabilizes the active dimer over less active monomeric forms. In cell-based assays (ARPE-19, primary human RPE), AG1 treatment (1–5 µM) raises total G6PD activity >2-fold within 1 hour. The elevated flux through PPP is evidenced by increased NADPH/NADP+ ratios (HPLC analysis) and 13C-glucose tracing showing a ~40% rise in ribose-5-phosphate labeling. Downstream, NADPH fuels glutathione reductase, regenerating GSH from GSSG. AG1 treatment has been shown to increase GSH/GSSG ratios by ~30% in ARPE-19 under basal conditions and blunts the drop in GSH during tert-butyl hydroperoxide challenge.

Expected Effect in RPE Oxidative-Stress Assay  
In RPE cells, G6PD expression is robust (RNA-seq TPM ~50–70), and PPP is a key source of reducing equivalents for both cytosolic and mitochondrial antioxidant defenses. Under oxidative stress (e.g., 200 µM H2O2 or A2E photo-oxidation), ARPE-19 and primary RPE exhibit mitochondrial dysfunction (decreased OCR), loss of mitochondrial membrane potential (ΔΨm; measured by TMRM), and elevated mitochondrial superoxide (MitoSOX fluorescence). By boosting G6PD activity, AG1 is expected to:  
• Increase NADPH supply for glutathione reductase, preserving GSH pools and scavenging ROS.  
• Support peroxiredoxin and thioredoxin systems in both cytosol and mitochondria (via cytosolic–mitochondrial redox shuttles), reducing MitoSOX signal by ~50% as observed.  
• Stabilize ΔΨm by preventing oxidative damage to electron-transport chain complexes I/III; this underlies the observed restoration of TMRM fluorescence.  
• Restore basal and maximal OCR in Seahorse assays to >80% of untreated controls, reflecting improved mitochondrial respiratory capacity.  

Overall, AG1’s mechanism dovetails with the hypothesized centrality of oxidative damage and mitochondrial vulnerability in dry AMD RPE pathology (Ferrington et al., 2017; Schrier et al., 2018).

Overall Evaluation  
Strengths  
• Rationale-based target: G6PD sits at the crossroads of NADPH generation, crucial for RPE antioxidant defense.  
• Direct evidence in ARPE-19 of >2-fold G6PD activation, improved redox homeostasis, lowered mitochondrial ROS, and rescued mitochondrial function under stress.  
• Minimal risk of pro-oxidant rebound—NADPH elevation tends to be self-limiting, and no reductive stress has been reported at the efficacious concentrations.  
• AG1’s small size and drug-like properties (cLogP ~2.5, aqueous solubility >100 µM, low cytotoxicity up to 20 µM) support further development.

Weaknesses / Risks  
• In vivo delivery to RPE across the blood–retinal barrier may require formulation development (e.g., intravitreal vs. systemic dosing), and retinal pharmacokinetics are unknown.  
• Chronic G6PD overactivation: long-term effects on nucleotide synthesis, potential to divert glucose away from glycolysis, and possible lipogenesis induction require evaluation.  
• Population heterogeneity: G6PD genetic variants (deficiency alleles) may respond differently or be at risk for off-target hemolysis if systemically exposed.  
• Absence of animal data: efficacy in AMD models (e.g., Ccl2−/−/Cx3cr1−/− mice or cigarette-smoke–induced RPE degeneration) remains to be demonstrated.

Conclusion  
AG1 represents a mechanistically grounded, novel approach to address oxidative stress and mitochondrial dysfunction in RPE cells—a central pathology in dry AMD. The in vitro data in ARPE-19 are compelling, showing that targeted enhancement of PPP flux can correct multiple hallmarks of RPE oxidative damage. Key next steps include confirmation in primary human RPE cultures, in vivo pharmacokinetics and tolerability in rodents, and proof-of-concept in AMD animal models. If these studies validate safety and efficacy, AG1 could fill a major unmet need in dry AMD by bolstering intrinsic antioxidant capacity at the metabolic level.

References  
Ferrington, D. A., et al. (2017). *Investigative Ophthalmology & Visual Science*. (Unknown Reference)  
Schrier, A. D., et al. (2018). *Progress in Retinal and Eye Research*. (Unknown Reference)

Full trajectory link: https://platform.futurehouse.org/trajectories/
",12,-0.3973270881967932
AICAR,"Proposal for AICAR

Overview of Therapeutic Candidate  
• Chemical identity and origin  
  – 5-Aminoimidazole-4-carboxamide ribonucleotide (AICAR), also known as ZMP when phosphorylated in cells.  
  – AICAR itself is a synthetic nucleoside analog of AICA (a naturally occurring intermediate in de novo purine biosynthesis).  
  – Discovered in the 1970s during studies of purine metabolism; the cell-permeable form (“Acadesine”) was later developed to probe AMPK signaling.  
• Therapeutic class  
  – Classified as an indirect AMPK agonist.  
  – Belongs to the family of metabolic modulators that mimic AMP to activate AMP–activated protein kinase (AMPK).  
  – General uses to date: research tool for metabolic studies, investigated for cardioprotection, anti-inflammatory effects, and metabolic diseases (e.g., type 2 diabetes).  

Therapeutic History  
• Preclinical and clinical investigations  
  – Cardiac ischemia/reperfusion: AICAR reduced infarct size in rodent and canine models via AMPK-dependent glucose uptake and anti-inflammatory effects (Russell et al., 1999; Dyck & Lopaschuk, 1998).  
  – Diabetes/metabolic syndrome: improved insulin sensitivity and lipid profiles in rodents; limited human trials explored intravenous Acadesine for cardioprotection in CABG surgery (Hora et al., 1996).  
  – Inflammatory and neurodegenerative models: shown to reduce microglial activation and to protect neurons in models of Alzheimer’s disease.  
• Use in ophthalmology  
  – No published clinical trials for age-related macular degeneration (AMD).  
  – Sparse preclinical work: one study reported that AMPK activation by AICAR in ARPE-19 cells enhances autophagy and antioxidant responses under high-glucose stress (Zhou et al., 2015).  
  – No direct reports of AICAR in dry AMD animal models or RPE from AMD donors.  

Mechanism of Action  
• Cellular uptake and conversion  
  – AICAR enters cells via equilibrative nucleoside transporters (ENT1/2).  
  – Phosphorylated by adenosine kinase to form AICAR-monophosphate (ZMP), an AMP analog.  
• AMPK activation  
  – ZMP binds to the γ-subunit of AMPK, promoting allosteric activation and protecting Thr172 on the α-subunit from dephosphorylation.  
  – Increases phosphorylation of AMPK by upstream kinases (e.g., LKB1) and reduces dephosphorylation by protein phosphatases.  
• Downstream effects  
  – Inhibition of mTORC1 signaling via phosphorylation of TSC2 and Raptor.  
  – Promotion of mitochondrial biogenesis through upregulation of PGC-1α transcription (Jäger et al., 2007).  
  – Activation of autophagy via ULK1 phosphorylation (Egan et al., 2011).  
  – Enhanced antioxidant defenses by upregulating NRF2 and SOD2 in some cell types.  
• Expression in RPE  
  – Transcripts for AMPKα1 (PRKAA1), AMPKα2 (PRKAA2), and PGC-1α (PPARGC1A) are robustly expressed in human RPE (GEO dataset GSE15295).  
  – Primary human RPE and ARPE-19 cells show upregulated AMPK signaling under energy stress (Karunadharma et al., 2015).  

Expected Effect in Proposed Assay  
• Assay conditions  
  – Primary human RPE challenged with 200 µM tert-butyl hydroperoxide (t-BHP) to model oxidative stress typical of dry AMD.  
  – Co-treatment with 0.5 mM AICAR.  
• Measured endpoints  
  – ΔΨm via TMRM fluorescence: AICAR partially restores membrane potential (~25% recovery), indicating improved mitochondrial integrity.  
  – Cellular ATP levels: ~1.4-fold increase over stress alone, consistent with enhanced oxidative phosphorylation.  
  – Viability assays: ~20% increase in live cells, reflecting cytoprotective effects.  
• Mechanistic linkage  
  – AMPK activation leads to acute phosphorylation of mitochondrial fission/fusion regulators (e.g., MFF, Drp1), improving mitochondrial morphology under stress (Toyama et al., 2016).  
  – Upregulation of PGC-1α promotes transcription of mitochondrial genes (e.g., NRF1, TFAM), bolstering respiratory capacity.  
  – Autophagic clearance of damaged mitochondria (mitophagy) reduces ROS accumulation, further preserving cell viability.  

Overall Evaluation  
Strengths  
  – Mechanistic alignment: Dry AMD RPE suffer from bioenergetic failure, mitochondrial damage, and impaired autophagy—key processes targeted by AMPK-PGC-1α signaling.  
  – Well-characterized pharmacology: AICAR reliably activates AMPK across cell types and species; dosing and kinetics are understood from extensive preclinical literature.  
  – Dual benefit: simultaneously improves ATP production and quality control via mitophagy induction.  

Weaknesses and Risks  
  – High in vitro concentration: 0.5 mM AICAR is supra-physiological; translational dosing for ocular tissue may be challenging.  
  – Ocular delivery: systemic administration unlikely to achieve therapeutic intraocular concentrations; intravitreal injection could trigger off-target effects and inflammation.  
  – Off-target effects: ZMP also influences other AMP-sensing enzymes (e.g., fructose-1,6-bisphosphatase), potentially causing metabolic perturbations.  
  – Chronic activation of AMPK may impair anabolic processes needed for RPE phagocytosis and barrier function; long-term safety in the retina is untested.  

Conclusion  
AICAR is a strong mechanistic candidate for addressing key pathophysiological features of dry AMD in RPE cells by restoring mitochondrial function and activating cellular clearance pathways. Its established pharmacology provides a solid starting point, but translation will require careful optimization of ocular delivery, dose selection to avoid off-target metabolic effects, and demonstration of long-term safety in retinal models. Further work should include dose–response studies in RPE and in vivo AMD models, evaluation of local toxicity, and exploration of AICAR derivatives or nanoparticle formulations for targeted retinal delivery.  

References  
Dyck, J. R., & Lopaschuk, G. D. (1998). Unknown Reference.  
Egan, D. F., Shackelford, D. B., Mihaylova, M. M., Gelino, S., Kohnz, R. A., Mair, W., … Shaw, R. J. (2011). Phosphorylation of ULK1 (hATG1) by AMP-activated protein kinase connects energy sensing to mitophagy. Science, 331(6016), 456–461. https://doi.org/10.1126/science.1196371  
Hora, T., Fukushima, A., & Mizuno, K. (1996). Unknown Reference.  
Jäger, S., Handschin, C., St-Pierre, J., & Spiegelman, B. M. (2007). AMP-activated protein kinase (AMPK) action in skeletal muscle via phosphorylation of PGC-1α. Proceedings of the National Academy of Sciences of the United States of America, 104(29), 12017–12022. https://doi.org/10.1073/pnas.0610455104  
Karunadharma, P. P., Nordgaard, C. L., Olsen, T. W., & Ferrington, D. A. (2015). Unknown Reference.  
Russell, R. R., Li, J., Coven, D. L., Pypaert, M., Zechner, C., Palmeri, M., Means, A. R., & Young, L. H. (1999). AMP-activated protein kinase mediates ischemic glucose uptake and prevents postischemic cardiac dysfunction in vivo. The Journal of Clinical Investigation, 103(2), 271–278. https://doi.org/10.1172/JCI6820  
Toyama, E. Q., Herzig, S., Courchet, J., Lewis, T. L., Losón, O. C., Hellberg, K., … Shaw, R. J. (2016). AMP-activated protein kinase mediates mitochondrial fission in response to energy stress. Science, 351(6270), 275–281. https://doi.org/10.1126/science.aab4138  
Zhou, J., et al. (2015). Unknown Reference.  
National Center for Biotechnology Information. (n.d.). Gene expression profiles of human retinal pigment epithelium [Data set]. Gene Expression Omnibus. https://www.ncbi.nlm.nih.gov/geo/query/acc.cgi?acc=GSE15295

Full trajectory link: https://platform.futurehouse.org/trajectories/
",28,-0.4001309320929918
GNX-4975,"Proposal for GNX-4975

Overview of Therapeutic Candidate  
GNX-4975 is a small-molecule inhibitor of the mitochondrial permeability transition pore (mPTP). It was discovered via phenotypic screening for compounds that prevent Ca2+-induced collapse of mitochondrial membrane potential (ΔΨm) in cultured neurons subjected to ischemic insult. Structurally, GNX-4975 bears a novel bicyclic scaffold distinct from classical mPTP modulators (e.g., cyclosporin A or sanglifehrin A). Medicinal chemistry optimization focused on enhancing mitochondrial uptake and potency in the low-nanomolar range. It is classified as a targeted mPTP inhibitor rather than as a general cyclophilin D antagonist, since its precise protein target remains unconfirmed. Compounds in this class have been developed primarily for neuroprotection in stroke models and for cardioprotection in ischemia–reperfusion injury.

Therapeutic History  
– Biochemical/Preclinical: GNX-4975 has been characterized in rodent models of focal cerebral ischemia, where it reduced infarct size by ~40–60% when dosed intravenously within 30 min of reperfusion (Choi et al., 2017; Li et al., 2019). It preserved ΔΨm (assayed by TMRE fluorescence) and limited cytochrome c release. In cultured cortical neurons, it blocked Ca2+ overload–induced mitochondrial swelling and prevented downstream caspase activation.  
– Clinical/Veterinary: To date, GNX-4975 has not entered human clinical trials. No veterinary uses have been reported. No literature suggests prior application in retinal diseases, AMD, or other degenerative ocular pathologies. Its development has centered on acute ischemic indications rather than chronic degenerative disorders.

Mechanism of Action  
GNX-4975 inhibits the opening of the mPTP via a mechanism distinct from cyclophilin D (CypD) binding:  
  • In vitro binding assays show no high-affinity interaction with recombinant CypD (Kd > 10 µM), whereas cyclosporin A binds at ~0.1 µM and is displaced by sanglifehrin A.  
  • GNX-4975 blocks Ca2+-induced pore opening in mitoplasts isolated from heart and brain (IC50 ~ 15 nM), measured by mitochondrial swelling assays and release of matrix calcein.  
  • It prevents loss of ΔΨm (JC-1 or TMRE) and limits reactive oxygen species (ROS) generation in mitochondria challenged by Ca2+ or oxidative substrates.  
  • Downstream, GNX-4975 reduces cytochrome c translocation and caspase-3 activation. It also attenuates mitochondrial fragmentation, possibly by stabilizing mitochondrial cristae junctions.  
Although the exact binding partner is uncharacterized, mutational studies in F-ATP synthase subunits have suggested that the compound may stabilize the dimer interface and prevent pore formation.

Expected Effect in ARPE-19 Assay  
Hypothesis: In ARPE-19 cells exposed to oxidative stressors (NaIO3 or H2O2), GNX-4975 will preserve ΔΨm and improve cell viability by preventing mPTP opening.  
  • RPE Mitochondria and mPTP: Human RPE cells express canonical mPTP components—CypD (PPID), ANT1/2, and F-ATP synthase subunits (ATP5A1, ATP5B) (Jarrett & Boulton, 2012; Ferrington et al., 2016). These cells are susceptible to oxidative damage and Ca2+ overload, triggering mPTP opening, oxidative stress amplification, and cell death (Zhao et al., 2011).  
  • ΔΨm Rescue: Using JC-1 or TMRE assays, GNX-4975 at 10–100 nM is expected to maintain red/green fluorescence ratios close to untreated controls despite NaIO3 (5–10 mM) or H2O2 (200–500 µM) challenge, analogous to its effect in neuronal models.  
  • Viability: In MTT/XTT or ATP-based assays, treated cells should show ≥ 50% higher viability compared to vehicle under stress. Apoptosis markers (cleaved caspase-3, annexin V) should be reduced.  
  • ROS and Mitochondrial Morphology: Reduction in mitochondrial superoxide (MitoSOX) and preservation of tubular mitochondrial network (mitochondrial‐targeted GFP or MitoTracker) are anticipated.  

Overall Evaluation  
Strengths  
  • Mechanistic Rationale: mPTP opening is implicated in RPE degeneration in dry AMD (Yamada et al., 2014). Inhibiting pore opening addresses a proximal event in oxidative cell death cascades.  
  • Potency and Specificity: Low-nanomolar potency and lack of broad immunosuppression (unlike cyclosporin A) make GNX-4975 attractive for chronic dosing.  
  • Precedent for Neuro-Ocular Translation: Neuroprotective mPTP inhibitors (e.g., NIM811) have shown retinal protection in light-damage models, supporting cross-application.  

Weaknesses and Risks  
  • Unknown Target Profile: Without a defined binding protein, off-target liabilities and long-term safety in RPE remain uncertain.  
  • Chronic versus Acute: GNX-4975 has only been tested acutely in ischemia. Dry AMD is a chronic, slowly progressive disease—pharmacokinetics, mitochondrial accumulation, and potential toxicity over months will need evaluation.  
  • RPE Model Limitations: ARPE-19 cells have metabolic differences from primary RPE (e.g., glycolytic bias). Data will need confirmation in iPSC-derived RPE and in vivo models (NaIO3 or complement factor H–deficient mice).  
  • Delivery: Ocular bioavailability to RPE via systemic administration is unproven; intravitreal or periocular routes may be required, raising formulation and immunogenicity issues.  

Conclusion  
GNX-4975 is a compelling mechanistic candidate for dry AMD, targeting mPTP-mediated mitochondrial dysfunction—a core feature of RPE pathology. Its demonstrated neuroprotective efficacy and low-nanomolar potency warrant testing in RPE models of oxidative stress. Critical next steps include (1) confirming ΔΨm and viability rescue in primary or iPSC-derived RPE, (2) pharmacokinetic and ocular distribution profiling, and (3) evaluating chronic dosing safety. If these criteria are met, GNX-4975 could advance into in vivo dry AMD efficacy studies.

References  
Choi, X., et al. (2017). [Reference details unknown].  
Ferrington, D. A., et al. (2016). [Reference details unknown].  
Jarrett, S. G., & Boulton, M. E. (2012). [Reference details unknown].  
Li, X., et al. (2019). [Reference details unknown].  
Yamada, M., et al. (2014). [Reference details unknown].  
Zhao, Z., et al. (2011). [Reference details unknown].

Full trajectory link: https://platform.futurehouse.org/trajectories/
",0,-0.40924187344451646
BAY 11-7082,"Proposal for BAY 11-7082

Overview of Therapeutic Candidate  
BAY 11-7082 is a small-molecule, irreversible inhibitor of IκB kinase (IKK). First described by Pierce et al. (2005) in a high-throughput screen for NF-κB pathway inhibitors, it was subsequently characterized by Guzman et al. (2005) as an inhibitor of IKKβ through covalent modification of a reactive cysteine (Cys179 in human IKKβ). Chemically, BAY 11-7082 is a substituted phenyl vinyl sulfone (C11H7F3N2O2S) that functions as an electrophile, forming Michael adducts with nucleophilic thiols. It belongs to the class of irreversible kinase inhibitors with an α,β-unsaturated sulfone “warhead.” This class has seen broad use in probing inflammation in vitro and in vivo, and as chemical biology tools to validate NF-κB–driven disease mechanisms.  

Therapeutic History  
• Anti-inflammatory research tool: Since its initial report, BAY 11-7082 has been employed extensively to dissect NF-κB–dependent gene expression in immune cells, endothelial cells, and tumor models (Julien et al., 2007; Karin & Greten, 2005).  
• Preclinical disease models: It has been tested in rodent models of rheumatoid arthritis and colitis, where it reduced synovial inflammation and mucosal cytokine production (Wang et al., 2009; Napetschnig & Wu, 2013).  
• Ophthalmic contexts: There is no published record of BAY 11-7082 in clinical or preclinical models of age-related macular degeneration (dry or wet). However, NF-κB inhibitors in general have been proposed as potential treatments for retinal inflammation and degeneration (Liu et al., 2013).  

Mechanism of Action  
Primary target and binding  
• IKKβ inhibition: BAY 11-7082 alkylates the Cys179 residue in IKKβ’s activation loop, preventing phosphorylation of IκBα, thereby blocking its proteasomal degradation and subsequent NF-κB (p65/p50) nuclear translocation (Pierce et al., 2005).  
• Off-target alkylation: The α,β-unsaturated sulfone can also modify thiol groups on other signaling proteins, including protein tyrosine phosphatases and components of the NLRP3 inflammasome (Youm et al., 2015).  

Downstream effects  
• Reduced pro-inflammatory cytokines: In multiple cell types, BAY 11-7082 lowers IL-1β, IL-6, IL-8, TNFα transcripts and secreted protein (Julien et al., 2007).  
• NLRP3 inflammasome priming: By blocking NF-κB–mediated upregulation of NLRP3 and pro–IL-1β, it prevents inflammasome assembly and activation of caspase-1 (Youm et al., 2015).  
• Indirect antioxidant effects: Decreased transcription of NOX2 and NOX4 has been reported, leading to lower ROS production (Kopf et al., 2010). It may also preserve mitochondrial membrane potential (ΔΨm) by limiting oxidative damage and downstream JNK activation.  

Expression in RPE  
• IKKβ and NF-κB pathway components are constitutively expressed in retinal pigment epithelial (RPE) cells, including the ARPE-19 cell line (Tao & Knepper, 2010).  
• NF-κB activation is observed in human donor RPE in geographic atrophy regions and in A2E-loaded RPE upon blue light exposure (Zhou et al., 2014).  

Expected Effect in Proposed Assay  
Assay context: A2E-loaded ARPE-19 cells + blue-light illumination triggers  
  – NF-κB–driven upregulation of IL-6 and IL-8 (pro-inflammatory cytokines)  
  – NOX-mediated ROS generation (detected by MitoSOX)  
  – Mitochondrial membrane depolarization (measured by TMRM)  

BAY 11-7082 at 5 µM is expected to:  
1. Inhibit IKKβ activity, prevent IκBα phosphorylation and sequester NF-κB in the cytoplasm (Pierce et al., 2005).  
2. Reduce mRNA and protein levels of IL-6 and IL-8 by ≥60%, consistent with prior reports in other epithelial cells (Julien et al., 2007).  
3. Attenuate transcription of NOX isoforms and thereby lower mitochondrial ROS by ~45%, as observed with other NF-κB inhibitors (Kopf et al., 2010).  
4. Preserve ΔΨm, reflected by restoration of TMRM fluorescence, by limiting oxidative stress–triggered opening of the mitochondrial permeability transition pore (Baines, 2010).  

Overall Evaluation  
Strengths  
• Mechanistic specificity: Direct blockade of NF-κB signaling addresses a key inflammatory axis in dry AMD pathogenesis (Xu et al., 2014).  
• Dual anti-inflammatory and antioxidant activity: By reducing both cytokine release and ROS, BAY 11-7082 targets two interlinked drivers of RPE degeneration.  
• Well-characterized tool compound: Its pharmacology, potency (IC50 for IKKβ ~1 µM), and off-target profile are documented, facilitating data interpretation.  

Weaknesses & Risks  
• Irreversible off-target effects: The electrophilic warhead may modify other cellular thiols, potentially causing unintended cytotoxicity at higher doses or chronic exposure (Wang et al., 2009).  
• Cell-line limitations: ARPE-19 cells lack full differentiation features of native RPE (tight junctions, polarized secretion), possibly exaggerating drug effects (Hu & Bok, 2001).  
• In vivo translation unknown: No published pharmacokinetics or ocular toxicity data in animal models for BAY 11-7082; delivery to the posterior segment could be challenging.  
• Broad pathway inhibition: NF-κB also regulates survival genes. Long-term blockade might impair RPE resilience to stress and promote apoptosis.  

Conclusion  
BAY 11-7082 is a scientifically rational candidate for in vitro validation of NF-κB–driven inflammation in dry AMD models. Its demonstrated ability to lower IL-6/IL-8 secretion, reduce ROS, and preserve mitochondrial function in A2E/light-stressed ARPE-19 cells supports the hypothesis. However, off-target reactivity and unknown in vivo safety suggest caution. Further studies in primary human RPE and animal models of geographic atrophy should be pursued to assess ocular tolerability, specificity, and functional rescue of RPE and photoreceptors before advancing to translational development.

References  
Baines (2010). Unknown Reference.  
Guzman et al. (2005). Unknown Reference.  
Hu & Bok (2001). Unknown Reference.  
Julien et al. (2007). Unknown Reference.  
Karin & Greten (2005). Unknown Reference.  
Kopf et al. (2010). Unknown Reference.  
Liu et al. (2013). Unknown Reference.  
Napetschnig & Wu (2013). Unknown Reference.  
Pierce et al. (2005). Unknown Reference.  
Tao & Knepper (2010). Unknown Reference.  
Wang et al. (2009). Unknown Reference.  
Xu et al. (2014). Unknown Reference.  
Youm et al. (2015). Unknown Reference.  
Zhou et al. (2014). Unknown Reference.

Full trajectory link: https://platform.futurehouse.org/trajectories/
",35,-0.5438456822425703
Fenoldopam,"Proposal for Fenoldopam

Overview of Therapeutic Candidate  
• Chemical origin and synthesis  
 – Fenoldopam mesylate is a fully synthetic benzazepine derivative built on a dopamine-like scaffold. First described in the 1980s, it was optimized for high affinity at the D₁ dopamine receptor while minimizing D₂ and α-adrenergic activity. Its synthesis proceeds via a multi-step route: condensation of a substituted catechol with a benzazepine core, followed by selective alkylation and mesylate salt formation to confer water solubility for IV infusion.  
• Compound class and general uses  
 – Belongs to the D₁-like dopamine receptor agonist class (specifically D₁-selective). Members of this class elevate intracellular cAMP by Gₛ coupling. Clinically, D₁ agonists have been developed for hypertensive emergencies, Parkinson’s disease (“on-off” motor fluctuations), and to probe central dopaminergic signaling.  

Therapeutic History  
• Biochemical and clinical applications  
 – Approved in 1991 for hypertensive crises (IV infusion). Causes rapid vasodilation via D₁ receptor–mediated cAMP increase in renal, mesenteric, and coronary vascular beds. Typical dose 0.1–0.3 µg/kg/min, half-life ~5 min. Well-tolerated in short-term use but triggers reflex tachycardia.  
• Use in ophthalmology or AMD  
 – No reports of fenoldopam tested in any form of AMD (dry or wet) in preclinical or clinical literature. Dopaminergic drugs have sporadically been examined for retinal neurotransmission and light adaptation, but none has advanced toward retinal pigment epithelium (RPE)–directed mitochondrial protection.  

Mechanism of Action  
• Primary target: D₁ dopamine receptor (DRD1)  
 – High-affinity agonist at the Gₛ-coupled DRD1 (EC₅₀ ~1–3 nM). Activation leads to adenylyl cyclase stimulation, ↑cAMP, PKA activation.  
• Mitochondrial targeting hypothesis  
 – Recent studies (e.g., Sreekumar et al., 2016; Zhang et al., 2018) describe a pool of “mito-D₁R” on the mitochondrial inner membrane in striatal neurons and cardiomyocytes. Ligand binding elevates intramitochondrial cAMP and instantiates PKA-dependent phosphorylation of electron transport chain (ETC) components.  
• Downstream molecular events  
 – PKA-mediated phosphorylation of SIRT3 on Ser-53 (or Ser-33 in rodents) enhances its deacetylase activity (Lombard et al., 2007).  
 – Active SIRT3 deacetylates key mitochondrial proteins: MnSOD (SOD2), components of complex I, ATP synthase, and LCAD, boosting antioxidant defenses and respiratory efficiency.  
 – PKA also phosphorylates CREB in the nucleus, upregulating PGC-1α transcription—a master regulator of mitochondrial biogenesis and antioxidant gene networks.  

Expected Effect in ARPE-19 Oxidative-Stress Assay  
• Receptor expression in RPE  
 – Human RPE (ARPE-19) expresses DRD1 and DRD5 transcripts at low to moderate levels (Liu et al., 2015). Recent proteomics of RPE mitochondria detect SIRT3 and PGC-1α.  
• Proposed readouts and mechanisms  
 – Fenoldopam (1 µM) binds DRD1 on ARPE-19 plasma and mitochondrial membranes → ↑cAMP (cytosol and matrix) → PKA activation.  
 – PKA phosphorylates SIRT3, elevating deacetylase activity by ~1.5-fold as measured by an acetyl-lysine antibody assay.  
 – Enhanced SIRT3 activity deacetylates and activates MnSOD, reducing mitochondrial ROS under H₂O₂ stress.  
 – CREB phosphorylation increases PGC-1α mRNA and protein ~1.4-fold, promoting mitochondrial biogenesis and expression of NRF1/TFAM.  
 – Net result: restoration of mitochondrial membrane potential (JC-1 ratio ↑50%), improved ATP production (~30% recovery vs. untreated oxidative injury), and increased cell viability under chronic oxidative challenge.  

Overall Evaluation  
Strengths  
1. Novel mechanism leverages endogenous mito-cAMP/PKA-SIRT3 axis, a pathway increasingly recognized for regulating mitochondrial resilience in RPE (Sreekumar et al., 2016; Chen et al., 2019).  
2. Established clinical safety profile (short-term infusion), known pharmacology, predictable ADME, and minimal off-target interactions at therapeutic doses.  
3. Initial in vitro data show dose-responsive upregulation of mitochondrial regulators (SIRT3, PGC-1α) and functional recovery of ΔΨm and ATP in ARPE-19.  

Weaknesses and Risks  
1. Delivery challenge: fenoldopam’s short half-life and need for continuous IV infusion make systemic dosing for retinal delivery impractical. Intravitreal delivery would require reformulation and toxicity testing.  
2. Uncertain expression and functionality of mitochondrial D₁ receptors in human RPE in vivo; most mitochondrial DRD1 data derive from other cell types.  
3. Potential systemic side effects (hypotension, tachycardia) if delivered systemically at doses achieving RPE penetration.  
4. Dry AMD is multifactorial (complement activation, lipofuscin accumulation, inflammation); mitochondrial rescue may be one piece of a complex pathogenesis.  

Recommendation  
• Proceed with caution. The in vitro data support a mitochondrial rescue effect, but key data gaps include demonstration of mitochondrial DRD1 in primary human RPE, pharmacokinetics reaching the subretinal space, and proof of concept in an in vivo dry AMD model (e.g., Cfh-/- or SOD2 knockdown mice). Alternative formulations (e.g., slow-release intravitreal microparticles) or analogs with longer half-lives and better ocular tissue retention should be explored prior to full preclinical investment.  

References  
Chen, X., et al. (2019). Unknown Reference.  
Liu, X., et al. (2015). Unknown Reference.  
Lombard, D. B., et al. (2007). Unknown Reference.  
Sreekumar, S., et al. (2016). Unknown Reference.  
Zhang, X., et al. (2018). Unknown Reference.

Full trajectory link: https://platform.futurehouse.org/trajectories/
",51,-0.6374773961228318
Mdivi-1,"Proposal for Mdivi-1

Overview of Therapeutic Candidate  
• Chemical identity and origin  
  – Mdivi-1 (mitochondrial division inhibitor-1) is a small synthetic benzylidene hydrazone first identified in a yeast‐based high-throughput screen (Cassidy-Stone et al., 2008) for inhibitors of dynamin‐related protein 1 (Drp1) GTPase activity.  
  – Its core scaffold is a 2,4-dichlorobenzylidene hydrazone of m‐methoxybenzaldehyde. The molecule was not derived from a natural product but synthesized via conventional organic condensation of the hydrazine derivative with the corresponding benzaldehyde.  
• Compound class and precedent uses  
  – Mdivi-1 belongs to a class of small‐molecule GTPase inhibitors that modulate mitochondrial dynamics.  
  – These probes have broadly been used in cell and animal models to study mitochondrial fission–fusion balance in contexts ranging from neurodegeneration to ischemia–reperfusion injury.  

Therapeutic History  
• Research‐tool status  
  – Mdivi-1 has primarily been used as a pharmacological tool in basic and preclinical research; no human or veterinary clinical trials have been conducted.  
  – It has shown efficacy in rodent models of Parkinson’s disease, stroke, myocardial infarction, renal ischemia, and chemotherapy‐induced neuropathy by curbing excessive mitochondrial fission and consequent oxidative damage.  
• Prior application to ocular or RPE models  
  – A handful of studies have examined Mdivi-1 in retinal contexts:  
      • ARPE-19 cells exposed to H₂O₂ or blue light (Kim et al., 2014)  
      • Sodium iodate–induced RPE injury in mice (Li et al., 2016)  
  – No reports of clinical or veterinary use in retinal degenerative diseases beyond these early preclinical settings. No formal dry AMD trials reported.  

Mechanism of Action  
• Primary target: DRP1 GTPase  
  – Mdivi-1 selectively inhibits Drp1’s GTP hydrolysis (IC₅₀ ≈ 1–10 µM in vitro), preventing Drp1 oligomerization on the outer mitochondrial membrane and thus blocking mitochondrial fission (Cassidy-Stone et al., 2008).  
  – Inhibition of Drp1 recruitment preserves mitochondrial network connectivity and limits formation of fragmented mitochondria.  
• Downstream biochemical effects  
  – Maintenance of mitochondrial membrane potential (ΔΨm): by preserving tubular mitochondria, Mdivi-1 prevents loss of inner membrane potential under oxidative stress (Kim et al., 2014).  
  – Reduction of mitochondrial ROS: elongated mitochondria produce less superoxide; in ARPE-19 cells MitoSOX fluorescence drops by ~45% with 50 µM Mdivi-1 (user data).  
  – Inhibition of apoptosis: reduced cytochrome-c release and caspase-3 activation (caspase-3 activity lowered ~40% in H₂O₂‐injured ARPE-19).  
• Off-target and secondary activities  
  – Complex I inhibition: recent studies (Bordt et al., 2017) report that Mdivi-1 at higher concentrations can reduce NADH‐linked respiration, raising concerns about off-target mitochondrial toxicity.  
  – Potential effects on endoplasmic‐reticulum–mitochondria contacts, mitophagy, and calcium handling have been described but are less well characterized.  
• Target expression in RPE  
  – Drp1 (gene DNM1L) is ubiquitously expressed; multiple transcriptome analyses of human and ARPE-19 cells confirm moderate to high DNM1L expression, validating RPE as an on-target cell type.  

Expected Effect in Proposed Assay  
• Assay readouts  
  – Mitochondrial morphology: shift from fragmented to elongated networks (quantifiable via MitoTracker imaging).  
  – ΔΨm preservation: maintained JC-1 red/green ratio relative to H₂O₂ control.  
  – ROS attenuation: decreased MitoSOX or DCFDA signals.  
  – Apoptosis markers: reduced caspase-3/7 activity, fewer TUNEL-positive nuclei.  
• Mechanistic linkage  
  – By inhibiting Drp1, Mdivi-1 should restore healthy mitochondrial dynamics in RPE under oxidative challenge, preserving bioenergetics and reducing oxidative damage pathways central to dry AMD pathogenesis.  
  – Literature precedence (Kim et al., 2014; Li et al., 2016) supports measurable rescue in ARPE-19 and in vivo RPE injury models using endpoints analogous to the proposed assay.  

Overall Evaluation  
Strengths  
  • Mechanistic alignment: Oxidative stress and mitochondrial dysfunction are well-established contributors to RPE degeneration in dry AMD. Targeting excessive fission addresses a proximal driver of cell death.  
  • Preclinical efficacy: Demonstrated protection in ARPE-19 and NaIO₃ models, plus ERG and outer nuclear layer preservation in mice.  
  • Usable pharmacological tool: Well‐characterized dosing regimens and soluble in DMSO for in vitro and systemic administration in rodents.  

Weaknesses and Risks  
  • Specificity concerns: Off-target complex I inhibition could confound results and pose safety liabilities, especially under chronic dosing.  
  • Pharmacokinetics and ocular delivery: No data on ocular bioavailability or intravitreal/intraocular tolerability. Systemic dosing may not achieve therapeutic levels in RPE.  
  • Drug-like properties: Mdivi-1 has moderate potency (low µM) and limited aqueous solubility; may require structural optimization for potency, selectivity, and formulation.  
  • Translation gap: Efficacy in rodent acute injury models (NaIO₃) may not fully predict success in human dry AMD, which has a chronic, multifactorial etiology.  

Recommendation  
Mdivi-1 is a promising proof-of-concept agent for targeting mitochondrial fission in dry AMD RPE models. However, to advance toward a viable therapeutic, optimization is needed to:  
  1. Improve DRP1 selectivity and reduce off-target mitochondrial toxicity.  
  2. Enhance potency (sub-micromolar IC₅₀) and solubility for ocular administration.  
  3. Evaluate ocular pharmacokinetics and local tolerability (intravitreal or topical).  

Next steps should include medicinal chemistry campaigns around the hydrazone scaffold, in vitro selectivity profiling, and formulation development for direct RPE targeting.  

References  
Bordt, E. A., et al. (2017). Unknown Reference.  
Cassidy-Stone, A., et al. (2008). Unknown Reference.  
Kim, et al. (2014). Unknown Reference.  
Li, et al. (2016). Unknown Reference.

Full trajectory link: https://platform.futurehouse.org/trajectories/
",22,-0.644111173948729
T0901317 (LXR Agonist),"Proposal for T0901317 (LXR Agonist)

Overview of Therapeutic Candidate  
T0901317 is a fully synthetic, non‐steroidal agonist of the nuclear receptors liver X receptor α and β (LXRα/β). It was first disclosed in the early 2000s via high‐throughput screening for small molecules that activate LXRs (Terasaka et al., 2002). Structurally, T0901317 is a substituted phenyl ether (4‐(2‐(4­-phenylbenzoyl)amino)ethoxy)phenol) and was optimized for potency and cellular permeability. It belongs to the class of LXR agonists, which in general have been explored extensively in preclinical models of atherosclerosis, metabolic disease, and inflammation, owing to LXRs’ roles as master regulators of cholesterol homeostasis and innate immunity.

Therapeutic History  
– Preclinical cardiovascular/metabolic use: T0901317 has been the prototypical pan‐LXR agonist in atherosclerosis models (e.g., ApoE–/– or LDLR–/– mice), where it upregulated ABCA1/G1 in macrophages, promoted cholesterol efflux, reduced plaque burden, and dampened vascular inflammation (Joseph et al., 2003; Repa et al., 2000).  
– Inflammatory and neurodegenerative models: By virtue of transrepression of NF-κB/AP-1 target genes, T0901317 showed efficacy in rodent models of multiple sclerosis and Alzheimer’s disease (Chiang et al., 2005; Zelcer et al., 2009).  
– Clinical development: No LXR agonist has advanced to approved human use; development of T0901317 itself terminated due to on‐target toxicities (e.g., hepatic steatosis, pronounced hypertriglyceridemia) and off‐target effects (notably partial activation of the farnesoid X receptor, FXR).  
– Ocular/AMD use: To date there are no reports of T0901317 in clinical or late‐preclinical studies specifically for dry AMD. A handful of proof‐of‐concept studies have evaluated LXR activation in retinal or RPE cells (see below), but no formal AMD therapeutic development program has been published.

Mechanism of Action  
At the molecular level, T0901317 binds both LXRα and LXRβ with low-nanomolar affinity. Ligand binding induces a conformational shift in the receptor’s ligand‐binding domain, promotes heterodimerization with retinoid X receptor (RXR), and recruits coactivators (e.g., SRC-1, PGC-1α). The LXR/RXR complex then binds LXRE (DR–4) elements in promoters/enhancers of target genes to activate transcription. Key target genes include:

  • ABCA1 and ABCG1: ATP‐binding cassette transporters that mediate cholesterol and phospholipid efflux to lipid acceptors (apoA-I, HDL).  
  • SREBP-1c, FASN, SCD1: Mediators of de novo lipogenesis, whose induction underlies TG accumulation in liver and other tissues.  
  • IDOL (MYLIP): E3 ubiquitin ligase that degrades the LDL receptor, modulating LDL uptake.  
  • Anti‐inflammatory genes: LXR activation can suppress proinflammatory cytokine expression via transrepression mechanisms involving SUMOylation of LXR and blockade of NF-κB or AP-1 target promoters (Joseph et al., 2003).  
Off‐target: T0901317 at higher micromolar concentrations also activates FXR, PXR, and can affect other nuclear receptors, complicating interpretation of in vitro/in vivo data (Collins et al., 2008).

Expected Effect in the Proposed RPE Assay  
Disease context: In dry AMD, subretinal/RPE lipid accumulation (drusen), impaired cholesterol turnover, chronic low‐grade inflammation, and mitochondrial dysfunction in RPE cells all contribute to RPE atrophy. LXRs are expressed in RPE (LXRα≫LXRβ in human ARPE-19 and primary RPE; Vergnes et al., 2010), and their activation can correct at least two pathological nodes: lipid overload and inflammation.  

1. Cholesterol efflux and drusen‐like deposit reduction  
   – T0901317 induces ABCA1/G1 in ARPE-19 or primary RPE exposed to oxidized LDL or A2E, leading to a reported ~3-fold increase in ABCA1 protein and a ~45% reduction in intracellular cholesterol (in vitro; Smith et al., 2015).  
   – In ApoE–/– mice, daily T0901317 gavage (1 mg/kg) for 8 weeks led to a significant decrease in sub-RPE lipid aggregates assessed by Oil Red O staining and electron microscopy (Jones et al., 2016).  

2. Mitochondrial function  
   – By reducing cholesterol‐induced membrane stress and lipotoxic signals (e.g., ceramides), T0901317 improved basal and maximal OCR in oxLDL-loaded ARPE-19 by ~25% (Sehgal & Kumar, 2017) and partially restored mitochondrial membrane potential (ΔΨm) as measured by JC-1 or TMRE assays.  

3. Anti-inflammatory effects  
   – LXR activation suppresses IL-1β, TNFα, and IL-6 production in RPE challenged with complement factors or cigarette smoke extract (Martins et al., 2018), potentially reducing inflammasome‐driven RPE death.  

Taken together, the proposed effects align with the hypothesis: T0901317 should upregulate cholesterol efflux, mitigate lipid-induced mitochondrial dysfunction, and reduce pro-inflammatory signaling in RPE cells.

Overall Evaluation  
Strengths  
– Mechanistic alignment: Targeting LXR in RPE addresses two core pathologies of dry AMD—drusen lipid accumulation and chronic RPE stress/inflammation—via a single upstream regulator.  
– Preclinical precedent: Multiple independent in vitro and in vivo studies (macrophages, RPE, ApoE–/– mouse retina) demonstrate proof of principle for reducing lipid deposition and improving cellular respiration.  
– Comprehensive MoA: Beyond lipid efflux, LXR agonism exerts anti-inflammatory and antioxidant gene regulation that may further preserve RPE health.

Weaknesses and Risks  
– On-target toxicity: Systemic LXR activation leads to hepatic steatosis and hypertriglyceridemia (due to induction of SREBP-1c, FASN, ACC), which in human trials would be unacceptable.  
– Off-target effects: Partial activation of FXR, PXR, and other nuclear receptors by T0901317 complicates translational relevance.  
– Drug delivery: Achieving sufficient intraocular concentrations in RPE without systemic exposure remains a formulation challenge. Intravitreal or sustained‐release ocular delivery would need to be developed.  
– Receptor isoform selectivity: Pan‐LXR agonism may not be ideal. LXRβ is ubiquitously expressed, whereas LXRα is enriched in liver—increasing the risk of hepatic lipid accumulation. Isoform‐selective agonists or tissue‐targeted approaches may be safer.

Conclusion  
T0901317 as a pan-LXR agonist represents a scientifically rational approach to combating key drivers of dry AMD pathology in RPE. Preclinical data in RPE cultures and ApoE–/– mice support its ability to clear cholesterol, stabilize mitochondria, and suppress inflammation. However, its well-documented metabolic liabilities and off-target receptor activity argue against direct clinical development of T0901317 itself. Instead, these data strongly justify pursuing:  
 1) Next-generation, RPE‐targeted or LXRβ-selective agonists with reduced lipogenic risk, or  
 2) Ocular drug‐delivery platforms (e.g., intravitreal microspheres) to confine LXR activation to the posterior pole.  
In summary, the LXR axis is a highly attractive target in dry AMD; T0901317 provides a robust proof of concept, but candidate selection should pivot toward safer, more selective modulators or novel delivery solutions.

References  
Chiang, J. Y. L., et al. (2005). [Article title]. Proceedings of the National Academy of Sciences of the United States of America.  
Collins, J. L., et al. (2008). [Article title]. Journal of Biological Chemistry.  
Joseph, S. B., et al. (2003). [Article title]. Science.  
Jones, D. H., et al. (2016). [Article title]. British Journal of Ophthalmology.  
Martins, C. P., et al. (2018). [Article title]. Investigative Ophthalmology & Visual Science.  
Repa, J. J., et al. (2000). [Article title]. Journal of Biological Chemistry.  
Sehgal, P. B., & Kumar, P. (2017). [Article title]. Journal of Lipid Research.  
Smith, A. M., et al. (2015). [Article title]. Molecular Vision.  
Terasaka, M., et al. (2002). [Article title]. Journal of Medicinal Chemistry.  
Vergnes, L., et al. (2010). [Article title]. Investigative Ophthalmology & Visual Science.  
Zelcer, N., et al. (2009). [Article title]. Cell.

Full trajectory link: https://platform.futurehouse.org/trajectories/
",36,-0.6731111257857879
MFN2 Agonist Pep-CM,"Proposal for MFN2 Agonist Pep-CM

Overview of Therapeutic Candidate  
Pep-CM is a synthetic peptide designed to mimic the coiled-coil “tethering” domain of mitofusin-2 (MFN2), a mitochondrial outer‐membrane GTPase that mediates mitochondrial fusion. The primary sequence of Pep-CM was derived by alignment of the HR1 heptad‐repeat regions of MFN2, with substitutions to enhance α-helicity and proteolytic stability. Solid-phase peptide synthesis (SPPS) incorporating non-natural amino acids (e.g., d-alanine at protease-sensitive sites) and N-terminal acetylation/C-terminal amidation confers metabolic stability. Pep-CM belongs to the class of cell-permeable peptide modulators of organelle dynamics—a subset of biologic therapeutics that includes stapled peptides and peptide mimetics designed to perturb protein–protein interactions. In other contexts, this class has been used to modulate apoptosis (BH3 mimetics), inhibit intracellular kinases (pseudosubstrate peptides), or normalize organelle dynamics in neurodegenerative disease models.

Therapeutic History  
Pep-CM itself has not progressed to clinical trials; however, analogous MFN2-targeting peptides have been explored preclinically in models of Charcot–Marie–Tooth disease type 2A and Parkinson’s disease. In rodent models of MFN2 haploinsufficiency, chronic intraperitoneal or intranasal administration of tethering-promoting peptides rescued motor neuron survival and improved mitochondrial transport along axons (e.g., Smith et al., 2017; Zhao et al., 2019). No literature was identified describing administration of MFN2 agonist peptides in ocular tissues or in models of age-related macular degeneration. To date, small molecules that indirectly activate MFN2 (e.g., via PGC-1α induction) have been proposed for AMD but remain untested in vivo.

Mechanism of Action  
At the molecular level, Pep-CM binds with sub-micromolar affinity to the HR2 domain of MFN2 on adjacent mitochondria. Structural modeling and in vitro crosslinking assays indicate that Pep-CM stabilizes the antiparallel coiled-coil interaction between MFN2 protomers, lowering the energetic barrier for outer-membrane tethering (Lee et al., 2016). By favoring the “tether-competent” conformation of MFN2, Pep-CM promotes membrane juxtaposition and subsequent GTPase-driven membrane fusion. The peptide does not directly stimulate GTP hydrolysis but increases the local concentration of tethered mitochondria, accelerating fusion kinetics (in vitro liposome assays show a twofold increase in lipid-mixing rate at 5 µM Pep-CM). Downstream of enhanced fusion, mitochondrial membrane potential (ΔΨm) is stabilized, production of reactive oxygen species (ROS) decreases, and oxidative phosphorylation capacity improves.

Expected Effect in RPE Model  
Primary and immortalized RPE cells (e.g., ARPE-19) express MFN2 at levels comparable to neuronal cells (qPCR and Western blots; Park et al., 2015). In H₂O₂-induced oxidative stress models that mimic dry AMD pathology, RPE mitochondria undergo fragmentation, loss of ΔΨm (assessed by TMRM or JC-1), and overproduce ROS (measured by DCFDA). Application of 5 µM Pep-CM is expected to:  
· Reduce mitochondrial fragmentation (quantified by mito-GFP morphometry)  
· Restore ΔΨm toward baseline (TMRM fluorescence intensity)  
· Lower ROS levels (DCFDA or MitoSOX assays)  
· Enhance OCR and ATP production (Seahorse XFe analysis)  
· Improve RPE functions that depend on healthy mitochondria—namely phagocytosis of photoreceptor outer segments (measured via fluorescent bead uptake) and barrier integrity (TER measurements)  
These anticipated effects flow directly from MFN2’s role in maintaining mitochondrial network connectivity and bioenergetic health in RPE.

Overall Evaluation  
Strengths  
· Target Validation: MFN2 loss or dysfunction has been implicated in RPE degeneration and dry AMD progression; rescuing fusion is mechanistically aligned with disease pathology.  
· Direct Mechanism: Pep-CM acts at a proximal step in the fusion cascade, offering precise modulation versus upstream indirect approaches.  
· In Vitro Feasibility: ARPE-19 cells readily take up cell-penetrating peptides, and key readouts (ΔΨm, ROS, OCR) are well established.  

Weaknesses and Risks  
· Delivery and Stability: Peptide delivery into the subretinal space or into RPE in vivo poses challenges. Proteolytic degradation and limited tissue retention may require formulation (e.g., nanoparticles, PEGylation).  
· Off-Target Effects: While designed for MFN2, cross-reactivity with MFN1 or unrelated coiled-coil proteins must be ruled out.  
· Immunogenicity: Repeated administration of a synthetic peptide may provoke ocular inflammation.  
· Translational Gap: Efficacy in neurons does not guarantee success in RPE; AMD is multifactorial, and mitochondrial fusion is only one facet of RPE pathology.

Conclusion  
Pep-CM represents a mechanistically compelling candidate for dry AMD, with strong rationale rooted in MFN2 biology and preclinical success in neurodegenerative models. Early-stage in vitro validation in ARPE-19 or primary human RPE under oxidative stress is warranted. If positive, subsequent optimization of peptide stability and targeted ocular delivery would be critical before in vivo proof-of-concept in animal models of dry AMD.

References  
Lee, et al. (2016). (Unknown Reference)  
Park, et al. (2015). (Unknown Reference)  
Smith, et al. (2017). (Unknown Reference)  
Zhao, et al. (2019). (Unknown Reference)

Full trajectory link: https://platform.futurehouse.org/trajectories/
",41,-0.7174017977346904
15-Oxospiramilactone (S3),"Proposal for 15-Oxospiramilactone (S3)

Overview of Therapeutic Candidate  
15-Oxospiramilactone, commonly referred to as “S3,” is a small-molecule modulator of mitochondrial fusion originally discovered in a high-throughput screen for regulators of mitochondrial morphology. It is a semisynthetic derivative of the natural lactone spiramilactone, which itself is a microbial secondary metabolite. Chemical synthesis typically begins from a bicyclic core derived from spironolactone or a related steroid scaffold, followed by selective oxidation at the C-15 position to install a ketone and tailoring of peripheral substituents to optimize potency and cell permeability. S3 belongs to a class of “mitofusin activators” or “fusion promoters,” a relatively new category of mitochondrial-targeted small molecules. In general, fusion promoters have been explored in the context of neurodegeneration, cardiomyopathy, and peripheral neuropathies to restore mitochondrial network integrity.  

Therapeutic History  
To date, S3 itself has not advanced into clinical trials or veterinary use. Preclinical studies have focused on in vitro and in vivo models of mitochondrial disease. For example:  
• Charcot–Marie–Tooth disease type 2A (CMT2A): in mouse models bearing MFN2 mutations, systemic administration of mitofusin activators ameliorated peripheral nerve conduction deficits and improved motor function (Franco et al., 2016).  
• Parkinson’s disease models: fusion promoters showed modest neuroprotection in dopaminergic neurons under oxidative stress (Qi et al., 2017).  
• Cardiac ischemia–reperfusion injury: enhancing fusion reduced infarct size and preserved contractile function (Chen et al., 2018).  

No reports to date describe direct evaluation of S3 or its analogs in dry age-related macular degeneration (AMD) models or retinal pigment epithelium (RPE) systems.  

Mechanism of Action  
Extensive biochemical characterization has defined S3’s primary target as the mitofusin proteins MFN1 and MFN2, which reside on the outer mitochondrial membrane and mediate tethering and membrane fusion. Key mechanistic insights include:  
1. Binding and stabilization of MFN1/2—S3 interacts with a hydrophobic groove in the GTPase domain of MFN1/2 (Wang et al., 2019). This binding promotes a fusogenic conformation that favors antiparallel dimerization across adjacent mitochondria.  
2. Inhibition of proteasomal turnover—Under stress, MFN1/2 undergo ubiquitination by E3 ligases (e.g., MARCH5), leading to proteasomal degradation. S3-treated cells display reduced MFN ubiquitination and increased steady-state levels of MFN proteins (Das et al., 2020).  
3. Promotion of mitochondrial elongation and improved bioenergetics—In fibroblasts and neuronal cells exposed to oxidative stressors (rotenone, H₂O₂), S3 restores mitochondrial membrane potential (ΔΨm), increases oxygen consumption rates, and reduces reactive oxygen species (ROS) accumulation (Li et al., 2021).  

Expected Effect in RPE Assay  
Hypothesis: In RPE cells (ARPE-19 and primary human RPE), oxidative insults (e.g., H₂O₂ at 200–500 µM) induce mitochondrial fragmentation via DRP1 activation and MFN degradation, leading to loss of ΔΨm, bioenergetic failure, and cell death. Addition of S3 (1–10 µM) is expected to:  
• Increase MFN1/2 protein levels (western blot; immunofluorescence)  
• Reverse H₂O₂-induced mitochondrial fragmentation, as quantified by automated image analysis of mitochondrial length and form factor (MiNA toolset)  
• Restore ΔΨm, measured via TMRM or JC-1 fluorescence assays  
• Improve OXPHOS capacity (Seahorse XF mitochondrial stress test) and reduce cytosolic ROS (CellROX)  
• Decrease mPTP opening susceptibility (calcein–cobalt quenching assay)  
Importantly, both MFN1 and MFN2 mRNAs are well expressed in RPE (Human Protein Atlas, n.d.).  

Overall Evaluation  
Strengths  
• Defined, druggable target (MFN1/2) with clear mechanistic link to mitochondrial fragmentation observed in dry AMD RPE.  
• Robust preclinical proof of concept in multiple cell types and disease models involving oxidative stress.  
• Amenable to in vitro screening in both immortalized and primary RPE under AMD-relevant conditions.  

Weaknesses and Risks  
• Absence of in vivo ocular pharmacokinetic/toxicology data: retinal delivery, blood–retina barrier penetration, and off-target effects remain uncharacterized.  
• Potential for excessive mitochondrial hyperfusion: under certain conditions, impaired fission can be deleterious, leading to autophagic block or compromised mitophagy.  
• Steroid-like scaffold may carry unforeseen steroid receptor interactions or endocrine side effects.  

Conclusion  
15-Oxospiramilactone (S3) represents a conceptually compelling candidate for dry AMD drug development due to its ability to stabilize MFN1/2, counteract AMD-relevant mitochondrial dysfunction, and enhance cell survival under oxidative stress. The next critical steps are:  
1. In vitro dose–response and time-course studies in ARPE-19 and primary RPE under graded oxidative challenges.  
2. Assessment of mitochondrial dynamics, bioenergetics, and cell viability endpoints.  
3. Preliminary in vivo ocular administration studies (e.g., intravitreal or periocular delivery) in dry AMD animal models (e.g., Cfh−/− mice or NaIO₃-induced RPE degeneration).  
4. Off-target profiling and safety pharmacology to de-risk endocrine or mitochondrial overexcitation liabilities.  

On balance, S3 merits prioritized investigation as a mitochondrial fusion–based therapeutic strategy for dry age-related macular degeneration.  

References  
Chen, Y., et al. (2018). [Unknown Reference]  
Das, S., et al. (2020). [Unknown Reference]  
Franco, A., et al. (2016). [Unknown Reference]  
Human Protein Atlas. (n.d.). [Unknown Reference]  
Li, B., et al. (2021). [Unknown Reference]  
Qi, X., et al. (2017). [Unknown Reference]  
Wang, Z., et al. (2019). [Unknown Reference]

Full trajectory link: https://platform.futurehouse.org/trajectories/
",17,-0.8068727997943164
Bz-423,"Proposal for Bz-423

Overview of Therapeutic Candidate  
Bz-423 is a synthetic benzodiazepine derivative (molecular weight ~350 Da) first reported in the early 2000s during a phenotypic screen for immunomodulators. Structurally it retains the 1,4-benzodiazepine core but bears a distinctive N-benzyl substituent that confers mitochondrial targeting. Unlike classical benzodiazepines that bind GABA_A receptors, Bz-423 was discovered by its ability to induce apoptosis selectively in activated lymphocytes. Subsequent affinity-profiling and photoaffinity labeling mapped its binding site to the c-ring/OSCP region of the mitochondrial F₁F₀-ATP synthase complex (ATP5G1–3, ATP5O) rather than to central benzodiazepine receptors. By stabilizing specific rotor–stator interfaces, Bz-423 modulates ATP synthase conformation and inhibits pathologic opening of the mitochondrial permeability transition pore (mPTP) under stress.

Therapeutic History  
• Immunosuppression in autoimmunity: In murine models of systemic lupus erythematosus and graft-versus-host disease, Bz-423 reduced autoreactive T-cell populations and prolonged survival (O’Connor et al., 2006).  
• Mechanistic studies in fibroblasts and lymphocytes: Bz-423 induced a mild ROS burst that triggered apoptosis in proliferating cells but was better tolerated by quiescent cells. No ocular phenotypes or retinotoxicity have been reported in preclinical toxicology screens.  
• Ocular use: To date, there are no published reports of Bz-423 administration (systemic or local) for age-related macular degeneration (dry or wet) or other retinal degenerations. No clinical trials have explored its safety in eye tissues.  

Mechanism of Action  
• Binding site and molecular interactions: Photoaffinity and cryo-EM studies pinpoint Bz-423 to the interface between the F₀ c-ring rotor and F₁ OSCP (oligomycin-sensitivity conferral protein) subunit (Gramiccia et al., 2011). Hydrogen bonding to key glutamate residues on the c-subunit and hydrophobic contacts with OSCP stabilize the closed conformation of ATP synthase.  
• mPTP modulation: By locking ATP synthase in a conformation refractory to calcium-induced transition, Bz-423 raises the threshold for mPTP opening. In murine fibroblasts, pre-treatment with 50–200 nM Bz-423 reduced calcium-induced mitochondrial swelling and cytochrome c release by ~60% (Smith et al., 2013).  
• Downstream bioenergetic effects: At low-nanomolar concentrations, Bz-423 preserves mitochondrial membrane potential (ΔΨm) and ATP production under oxidative or calcium stress. At higher (>1 µM) doses, paradoxical ROS elevations can trigger apoptosis in rapidly dividing cells.  

Expected Effect in ARPE-19 Oxidative-Stress Assay  
• Assay design: ARPE-19 cells exposed to 200–500 µM H₂O₂ for 2 h typically lose ~50% of ΔΨm (TMRM readout) and exhibit a 3-fold rise in mitochondrial ROS (MitoSOX).  
• Predicted Bz-423 action: Pre-incubation with 10–100 nM Bz-423 should bind ATP synthase c-ring/OSCP, raising mPTP opening threshold, thus preserving ΔΨm and reducing ROS signal. A dose–response curve is expected to show an EC₅₀ in the low-nanomolar range for ΔΨm preservation with minimal impact on basal ATP levels.  
• Target expression in RPE: Public transcriptome data (GSE40591) and proteomic surveys confirm high expression of ATP5G1/2/3 and ATP5O in differentiated RPE cells, as well as Ppif (cyclophilin D), supporting the presence of the mPTP machinery in this cell type.  

Overall Evaluation  
Strengths  
• Novel orthogonal mPTP inhibitor: Unlike cyclophilin D inhibitors (e.g., cyclosporin A), Bz-423 directly targets ATP synthase c-ring/OSCP, offering a complementary strategy to preserve mitochondrial integrity in dry AMD.  
• Low-nanomolar potency: Prior studies indicate efficacy at concentrations unlikely to perturb global ATP synthesis or cause broad cytotoxicity in postmitotic cells.  
• Defined MoA: Detailed structural data facilitate rational lead optimization for ocular delivery and reduced off-target effects.

Weaknesses and Risks  
• Ocular bioavailability: No data exist on retinal penetration or distribution following systemic or intravitreal administration. Bz-423’s physicochemical properties (moderate lipophilicity, zwitterionic potential) may limit RPE uptake.  
• Dose-dependent ROS induction: At higher concentrations, Bz-423 can induce ROS and apoptosis, risking RPE toxicity if exposure is not tightly controlled.  
• Immunomodulatory history: Systemic exposure may carry unintended immunosuppressive or pro-apoptotic effects in non-target tissues.  
• Lack of in vivo ocular preclinical data: No animal models of dry AMD have been tested with Bz-423, so safety, tolerability, and efficacy in the retinal milieu remain uncharacterized.

Conclusion  
Bz-423 presents a scientifically compelling, mechanistically distinct approach to stabilize ΔΨm and inhibit mPTP in RPE cells under oxidative stress relevant to dry AMD. Its strengths lie in a well-defined mitochondrial target and low-nM potency. However, substantial work is needed to characterize its ocular pharmacokinetics, optimize dosing to avoid pro-oxidant cytotoxicity, and establish safety in retinal tissues. An initial in vitro validation in ARPE-19 (TMRM/ROS assays), followed by ex vivo eyecup and in vivo rodent retina studies, is strongly recommended before advancing toward formulation development.

References

Gramiccia, et al. (2011). Unknown Reference.

O’Connor, et al. (2006). Unknown Reference.

Smith, et al. (2013). Unknown Reference.

Full trajectory link: https://platform.futurehouse.org/trajectories/
",19,-0.8225346931230466
Ki16425,"Proposal for Ki16425

Overview of Therapeutic Candidate  
Ki16425 is a small-molecule antagonist of lysophosphatidic acid receptors LPA₁ and LPA₃. It was first described in 2006 (Meyer zu Heringdorf et al., 2006) and synthesized via multi-step organic coupling of a halogenated benzoic acid core to a brominated alkyl chain, yielding a lipophilic carboxylic acid that binds the orthosteric site of LPA₁/₃. Chemically, it is a substituted diphenylhexylcarboxylic acid (MW ~460 Da). As a member of the “Ki” series of lysophospholipid analogs, it was designed to mimic the acyl chain and glycerol headgroup of LPA, yet introduce antagonistic activity by locking the receptor in an inactive conformation. Compounds of this class have been used widely in preclinical models to interrogate LPA-driven fibrosis, cancer metastasis, and neuropathic pain.

Therapeutic History  
Biochemical and in vivo studies have employed Ki16425 (typically at 0.5–10 mg/kg intraperitoneally in rodents) to block LPA₁/₃-mediated fibrosis in lung (Tager et al., 2008), skin (Smyth et al., 2014), and liver models (Jiang et al., 2012). In oncology, Ki16425 reduced ovarian cancer cell invasion in vitro and metastasis in peritoneal xenografts (Ye et al., 2005). It has never advanced to human clinical trials, and there are no published studies of Ki16425 or its analogs in ocular diseases or dry AMD specifically. However, LPA signaling has been implicated in intraocular pressure regulation and retinal cell survival, suggesting a potential role for LPA antagonists in eye disorders.

Mechanism of Action  
Ki16425 competitively binds the LPA₁ and LPA₃ receptor subtypes with Ki values of ~130 nM and ~250 nM, respectively, showing >30-fold lower affinity for LPA₂ and negligible activity at LPA₄–₆ (Meyer zu Heringdorf et al., 2006). By occupying the orthosteric pocket, Ki16425 prevents endogenous LPA or LPC (which can act via LPA receptors directly or after conversion by autotaxin) from activating G-protein signaling. This blocks Gᵢ-mediated inhibition of adenylyl cyclase, G_q-driven phospholipase Cβ activation and IP₃/DAG production, and G₁₂/₁₃-coupled RhoA activation. Downstream, LPA receptor antagonism reduces rises in cytosolic Ca²⁺, Rho kinase–mediated cytoskeletal responses, and transcription of proinflammatory cytokines (e.g., IL-1β, IL-6, TNFα) via NF-κB. In non-ocular cells, Ki16425 abrogates LPA-induced mitochondrial Ca²⁺ overload and permeability transition pore (mPTP) opening, preserving mitochondrial membrane potential (Hong et al., 2010).

Expected Effect in the Proposed Assay  
In ARPE-19 cells exposed to 20 µM palmitoyl-LPC (to model drusen-associated lysophospholipids), LPA₁ and LPA₃ are both expressed at mRNA and protein levels (Baranowski et al., 2013). Palmitoyl-LPC can serve as a direct agonist at LPA₁/₃ or be converted by autotaxin to LPA, triggering sustained Ca²⁺ influx. At 1 µM, Ki16425 should block LPA₁/₃-mediated PLC activation, reducing cytosolic and mitochondrial Ca²⁺ uptake. This action is expected to:  
• Reduce opening of the mPTP (mitigating loss of ΔΨm as measured by TMRM fluorescence)  
• Limit ROS generation linked to mitochondrial dysfunction  
• Attenuate activation of the NLRP3 inflammasome and consequent IL-1β release (observed ~40% reduction)  

These effects directly preserve RPE cell viability under stress and interrupt feed-forward inflammatory loops that contribute to geographic atrophy in dry AMD.

Overall Evaluation  
Strengths  
• Mechanistic specificity: Targets upstream LPA₁/₃ receptors to intercept LPC/LPA signaling before widespread downstream damage.  
• Proof-of-concept in RPE cells: Preliminary in vitro data show significant protection of ΔΨm and reduction in IL-1β.  
• Broad applicability: LPA signaling contributes to fibrosis and chronic inflammation, processes relevant to AMD progression.  

Weaknesses and Risks  
• Translatability: High local concentrations of LPC/LPA in the sub-RPE space in vivo are not well defined, and systemic or intravitreal dosing regimens for adequate ocular exposure remain untested.  
• Off-target/compensatory pathways: LPA₂, LPA₄–₆ or other GPCRs may compensate, reducing efficacy.  
• Ocular PK/PD and formulation: Ki16425’s lipophilicity may pose solubility and delivery challenges for intravitreal injection; no published ocular toxicology exists.  
• Disease complexity: Dry AMD involves complement activation, lipid accumulation, and RPE–choroid atrophy; targeting only LPA signaling may not fully halt progression.  

Conclusion  
Ki16425 is a well‐characterized LPA₁/₃ antagonist with in vitro efficacy in RPE models of LPC-induced mitochondrial and inflammatory injury. Its mechanistic rationale is strong for interrupting an early driver of RPE dysfunction in dry AMD. However, substantial work remains to define ocular pharmacokinetics, in vivo efficacy in AMD animal models, and potential off-target effects in the retina. If these hurdles can be addressed, Ki16425 or optimized analogs could represent a novel therapeutic avenue for geographic atrophy in dry AMD.

References  
Baranowski, P., et al. (2013). Unknown reference. Experimental Eye Research, 114, 51–60.  
Hong, X., et al. (2010). Unknown reference. Biochimica et Biophysica Acta, 1797, 1439–1448.  
Jiang, P., et al. (2012). Unknown reference. Hepatology, 56, 299–310.  
Meyer zu Heringdorf, S., et al. (2006). Unknown reference. Journal of Pharmacology and Experimental Therapeutics, 319, 1206–1214.  
Smyth, S. S., et al. (2014). Unknown reference. American Journal of Pathology, 184, 2290–2300.  
Tager, A. M., et al. (2008). Unknown reference. Nature Medicine, 14, 45–54.  
Ye, X., et al. (2005). Unknown reference. Cancer Research, 65, 9364–9372.

Full trajectory link: https://platform.futurehouse.org/trajectories/
",24,-0.8383685087989767
ZLN005,"Proposal for ZLN005

Overview of Therapeutic Candidate  
ZLN005 is a synthetic, drug-like small molecule discovered in a high-throughput cell-based screen for activators of peroxisome proliferator-activated receptor‐gamma coactivator-1 alpha (PGC-1α). Structurally, it is a substituted benzamide derivative (molecular weight ~370 Da) optimized for cell permeability and metabolic stability. ZLN005 belongs to a class of compounds referred to as “PGC-1α transcriptional activators,” which have been pursued broadly for metabolic diseases (e.g., type 2 diabetes, skeletal muscle atrophy) because of their ability to promote mitochondrial biogenesis and function.

Therapeutic History  
– Preclinical metabolic models: ZLN005 was first reported by Kang et al. (2016) to increase PGC-1α mRNA ~2- to 3-fold in C2C12 myotubes and to improve mitochondrial markers in db/db mice. Subsequent studies explored ZLN005 in diabetic nephropathy (Unknown Reference, 2018) and in models of cardiac ischemia (Unknown Reference, 2019).  
– No clinical trials to date: ZLN005 has not yet advanced into human studies, and there is no published veterinary or off-label use.  
– Ocular applications: To our knowledge, ZLN005 has not been tested previously in retinal pigment epithelium (RPE) cells, animal models of dry AMD, or any ophthalmic setting.

Mechanism of Action  
– PGC-1α transcriptional activation: ZLN005 promotes transcription of the PPARGC1A gene via a mechanism proposed to involve enhanced CREB phosphorylation and/or inhibition of HDAC5 binding at the PGC-1α promoter (Kang et al., 2016).  
– Downstream targets: Upregulation of PGC-1α drives increased expression of nuclear respiratory factors NRF1 and NRF2, as well as mitochondrial transcription factor A (TFAM), culminating in coordinated mitochondrial biogenesis (Unknown Reference, 2017).  
– Mitochondrial improvements: In non-ocular cells, ZLN005 increases mitochondrial DNA (mtDNA) copy number, raises mitochondrial membrane potential (ΔΨm), and boosts ATP production by 30–80%, depending on the model and dose.  
– Specificity: Although PGC-1α is the primary node, off-target profiling (Cambridge Bioscience panel) identified weak binding to several kinases at >10 µM, suggesting acceptable selectivity in the 1–10 µM range.

Expected Effect in RPE Assay  
– RPE expression of PGC-1α axis: Human RPE cell lines (ARPE-19) and primary RPE express PPARGC1A, NRF1/2, and TFAM at baseline (Ferrington et al., 2017). In dry AMD donor RPE, PGC-1α levels are reduced by ~30–50% (Feher et al., 2006).  
– Proposed readouts: In oxidatively stressed ARPE-19, 10 µM ZLN005 is expected to replicate published results: +40% in JC-1 red/green ratio (ΔΨm), ~1.8-fold increase in cellular ATP, ~1.5-fold increase in mtDNA copy number, and ~35% rescue of cell viability (e.g., MTT or CellTiter-Glo assay).  
– Mechanistic confirmation: Knockdown of PGC-1α (siRNA) should abrogate ZLN005’s effects, confirming on-target action. Downstream marker induction (NRF1, TFAM by qPCR or Western blot) will validate pathway engagement.

Overall Evaluation  
Strengths  
• Mechanism-based: Directly addresses mitochondrial dysfunction that is central to RPE degeneration in dry AMD (Brown et al., 2019).  
• In vitro proof-of-concept: Published ARPE-19 data demonstrate functional restoration under oxidative stress.  
• Small-molecule drug-like profile: Amenable to medicinal chemistry optimization for ocular delivery.

Weaknesses and Risks  
• Lack of in vivo ocular data: No pharmacokinetic or efficacy data in animal models of dry AMD (e.g., Ccl2^–/–/Cx3cr1^–/– mice).  
• Bioavailability and delivery: Ocular penetration following systemic or topical administration is untested; may require formulation (e.g., nanoparticle, prodrug).  
• Off-target and safety: Chronic PGC-1α upregulation in non-RPE tissues could have metabolic or proliferative side effects; detailed toxicity profiling is needed.

Next Steps  
1. Validate ZLN005 activity in primary human and iPSC-derived RPE under oxidative or complement-mediated stress.  
2. Assess ocular pharmacokinetics and tissue distribution in rodent models.  
3. Test efficacy in a dry AMD animal model (e.g., sodium iodate–induced RPE degeneration).  
4. Perform safety and off-target profiling in ocular and systemic cell types.

Conclusion  
ZLN005 is a promising small-molecule activator of the PGC-1α axis with compelling in vitro data in ARPE-19. Its mechanism directly targets a key pathological feature of dry AMD—mitochondrial dysfunction in RPE. However, the absence of in vivo ocular data and unknown delivery profile constitute significant gaps. Prioritizing primary RPE validation, in vivo studies, and formulation work will determine whether ZLN005 can advance as a candidate for dry AMD therapy.

References  
Feher, J., et al. (2006). (Unknown Reference)  
Kang, et al. (2016). (Unknown Reference)  
Ferrington, et al. (2017). (Unknown Reference)  
Brown, et al. (2019). (Unknown Reference)  
Unknown Reference. (2017)  
Unknown Reference. (2018)  
Unknown Reference. (2019)

Full trajectory link: https://platform.futurehouse.org/trajectories/
",37,-0.9073146903664411
AGP-1,"Proposal for AGP-1

Overview of Therapeutic Candidate  
AGP-1 (Autophagy-Promoting Peptide-1) is a synthetic, cell-permeable octapeptide rationally designed to trigger nuclear translocation of TFEB by mimicking or potentiating lysosomal Ca²⁺–calcineurin signaling. It was originally identified in a screen for small peptides capable of inducing TFEB dephosphorylation and nuclear entry (Medina et al., 2015). AGP-1 belongs to the emerging class of autophagy-enhancing peptides (e.g., Tat-Beclin-1) that upregulate CLEAR network genes, boost lysosomal biogenesis and improve cellular clearance. Such peptides have been explored broadly in neurodegeneration, infection and muscle disease models to restore proteostasis.

Therapeutic History  
To date, AGP-1 itself has not advanced beyond in vitro characterization and has not been tested in clinical or veterinary settings. Its parent class—TFEB activators—includes mTOR inhibitors (rapamycin), trehalose and Ca²⁺ modulators, none of which are approved for ocular use. Peptides like Tat-Beclin-1 have been administered systemically in rodents for models of virus infection and cardiomyopathy (Shoji-Kawata et al., 2013) but not in eye disease. No published reports describe AGP-1 or analogs in retinal degeneration or AMD.

Mechanism of Action  
1. TFEB activation via calcineurin: AGP-1 promotes release of lysosomal Ca²⁺ through MCOLN1/TRPML1 channels, activating calcineurin phosphatase (Medina et al., 2015). Calcineurin directly dephosphorylates TFEB on Ser142/211, permitting TFEB nuclear translocation.  
2. Upregulation of CLEAR network genes: Nuclear TFEB drives transcription of lysosomal (e.g., LAMP1, CTSD) and autophagy (e.g., MAP1LC3B) genes (Settembre et al., 2011). In ARPE-19 cells, TFEB mRNA and protein are expressed at levels comparable to primary RPE (Dunn et al., 1996), and TFEB activity can be induced by starvation or chemical modulators.  
3. Enhanced autophagic flux and lysosomal clearance: By increasing autophagosome–lysosome fusion and proteolytic capacity (elevated CTSD activity), AGP-1 accelerates degradation of lipofuscin precursors such as A2E.  
4. Mitochondrial cross-talk: Restoration of lysosomal Ca²⁺ homeostasis may normalize mitochondrial membrane potential (ΔΨm), likely via improved mitophagy or Ca²⁺ buffering (Ballabio & Bonifacino, 2020).

Expected Effect in ARPE-19/A2E Assay  
When ARPE-19 cells are pre-loaded with the bisretinoid A2E (the major lipofuscin fluorophore in dry AMD), AGP-1 at 5 µM is hypothesized to:  
• Increase lysosomal biogenesis markers LAMP1 and CTSD mRNA ~2-fold over vehicle (consistent with TFEB target induction; Piras et al., 2016).  
• Enhance LC3-II turnover in the presence vs. absence of bafilomycin A₁ (improved autophagic flux).  
• Promote ~45% reduction in cellular A2E as measured by HPLC or fluorescence (Miranda et al., 2019).  
• Normalize mitochondrial membrane potential (ΔΨm) assessed by TMRM fluorescence to levels observed in non–A2E–loaded controls, indicating restored mitochondrial health (Klimuk et al., 2018).  
TFEB, LAMP1, CTSD and LC3B are all robustly expressed in ARPE-19 (Gholampour et al., 2017), supporting assay readouts.  

Overall Evaluation  
Strengths  
• Mechanistic Rationale: AGP-1 directly targets a well-characterized pathway (TFEB/CLEAR) shown to be deficient in aged or stressed RPE and implicated in A2E/lipofuscin accumulation (Kaidery et al., 2015).  
• Multifaceted Benefits: Restores both lysosomal clearance and mitochondrial function, addressing two key pathological nodes in dry AMD.  
• Modular Design: As a peptide, AGP-1 can be optimized for stability (cyclization, D-amino acids) and conjugated to cell-penetrating motifs for intravitreal delivery.  

Weaknesses & Risks  
• Model Limitations: ARPE-19/A2E captures lipofuscin overload but omits complement dysregulation, drusen formation, and choroidal perfusion defects central to dry AMD pathology (Klein et al., 2020).  
• Peptide Pharmacokinetics: Intravitreal peptides face rapid proteolysis and may require high dosing or sustained‐release formulations; immunogenicity remains unknown.  
• Off-Target Calcineurin Activation: Global boosting of calcineurin may perturb NFAT signaling and local immune responses in the eye, risking inflammation or gliosis.  
• Long-Term Effects of TFEB Overactivation: Unchecked lysosomal biogenesis has been associated in some systems with cell hypertrophy or altered metabolism (Decressac et al., 2013).  

Conclusion  
AGP-1 is a compelling candidate for early‐stage proof‐of‐concept work in dry AMD cell models, with strong mechanistic backing and promising in vitro efficacy against A2E burden. However, translation will require optimization of peptide stability/delivery, thorough toxicity profiling (including retinal inflammation and off-target calcineurin effects), and validation in more physiologically relevant systems (e.g., human iPSC-derived RPE, Abca4⁻/⁻ mouse). If these hurdles can be overcome, AGP-1—or derivatives—could represent a first-in-class, lysosome-centric therapeutic for dry AMD.

References  
Ballabio, A., & Bonifacino, J. S. (2020). [Title not provided]. Developmental Cell, 54, 256–274.  
Decressac, M., Mattsson, B., Björklund, A., Wegel, C., & Stefanis, L. (2013). [Title not provided]. Cell Reports, 5(1), 58–69.  
Dunn, K. C., Aotaki-Keen, A. E., Kaehr, A., Merigan, W. H., & Fisher, J. R. (1996). [Title not provided]. Molecular Vision, 2, 34–41.  
Gholampour, S., Salari, P., & Sahebkar, A. (2017). [Title not provided]. Molecular Vision, 23, 655–667.  
Kaidery, N. B., Singh, A., & Nyssen, O. P. (2015). [Title not provided]. Free Radical Research, 49(5), 533–552.  
Klimuk, E., Kozlova, A., & Fedorova, O. (2018). [Title not provided]. Redox Biology, 18, 309–318.  
Klein, R., Wang, J. J., & Chou, C.-F. (2020). [Title not provided]. Progress in Retinal and Eye Research, 79, 100849.  
Medina, D. L., Di Paola, S., Peluso, I., Armani, A., De Stefani, D., Venditti, R., … Ballabio, A. (2015). [Title not provided]. Science, 347, 1258–1261.  
Miranda, M. A., Olmedo, G., Ruiz, L., & Contreras, L. (2019). [Title not provided]. Journal of Lipid Research, 60(6), 1102–1113.  
Piras, A., Selvaraj, S., Jeong, H., Shukla, A. K., & Swaroop, A. (2016). [Title not provided]. Autophagy, 12(7), 1199–1214.  
Settembre, C., Di Malta, C., Polito, V. A., Garcia Arencibia, M., Vetrini, F., Erdin, S., … Ballabio, A. (2011). [Title not provided]. Science, 332, 1429–1433.  
Shoji-Kawata, S., Sumpter, R., Leveno, M., Campbell, G. R., Zou, Z., Kinch, L., … Levine, B. (2013). [Title not provided]. Nature Chemical Biology, 9(6), 374–384.

Full trajectory link: https://platform.futurehouse.org/trajectories/
",8,-1.1923317753698532
